2026-03-14T14:50:58.237+0500 [DEBUG] [org.gradle.launcher.daemon.bootstrap.DaemonMain] Assuming the daemon was started with following jvm opts: [-Xmx2048m, -Dfile.encoding=UTF-8, -Duser.country=UZ, -Duser.language=ru, -Duser.variant]
2026-03-14T14:50:58.300+0500 [DEBUG] [org.gradle.internal.remote.internal.inet.InetAddresses] Adding IP addresses for network interface utun5
2026-03-14T14:50:58.300+0500 [DEBUG] [org.gradle.internal.remote.internal.inet.InetAddresses] Is this a loopback interface? false
2026-03-14T14:50:58.301+0500 [DEBUG] [org.gradle.internal.remote.internal.inet.InetAddresses] Adding remote address /fe80:0:0:0:9db8:7d8:dbfb:479f%utun5
2026-03-14T14:50:58.301+0500 [DEBUG] [org.gradle.internal.remote.internal.inet.InetAddresses] Adding IP addresses for network interface utun4
2026-03-14T14:50:58.301+0500 [DEBUG] [org.gradle.internal.remote.internal.inet.InetAddresses] Is this a loopback interface? false
2026-03-14T14:50:58.301+0500 [DEBUG] [org.gradle.internal.remote.internal.inet.InetAddresses] Adding remote address /fe80:0:0:0:d9f7:cefe:2899:6a46%utun4
2026-03-14T14:50:58.301+0500 [DEBUG] [org.gradle.internal.remote.internal.inet.InetAddresses] Adding IP addresses for network interface utun3
2026-03-14T14:50:58.301+0500 [DEBUG] [org.gradle.internal.remote.internal.inet.InetAddresses] Is this a loopback interface? false
2026-03-14T14:50:58.301+0500 [DEBUG] [org.gradle.internal.remote.internal.inet.InetAddresses] Adding remote address /fe80:0:0:0:ce81:b1c:bd2c:69e%utun3
2026-03-14T14:50:58.301+0500 [DEBUG] [org.gradle.internal.remote.internal.inet.InetAddresses] Adding IP addresses for network interface utun2
2026-03-14T14:50:58.301+0500 [DEBUG] [org.gradle.internal.remote.internal.inet.InetAddresses] Is this a loopback interface? false
2026-03-14T14:50:58.301+0500 [DEBUG] [org.gradle.internal.remote.internal.inet.InetAddresses] Adding remote address /fe80:0:0:0:9c01:5b64:5f6e:ea7f%utun2
2026-03-14T14:50:58.302+0500 [DEBUG] [org.gradle.internal.remote.internal.inet.InetAddresses] Adding IP addresses for network interface utun1
2026-03-14T14:50:58.302+0500 [DEBUG] [org.gradle.internal.remote.internal.inet.InetAddresses] Is this a loopback interface? false
2026-03-14T14:50:58.302+0500 [DEBUG] [org.gradle.internal.remote.internal.inet.InetAddresses] Adding remote address /fe80:0:0:0:14b0:edad:fef3:254b%utun1
2026-03-14T14:50:58.302+0500 [DEBUG] [org.gradle.internal.remote.internal.inet.InetAddresses] Adding IP addresses for network interface utun0
2026-03-14T14:50:58.302+0500 [DEBUG] [org.gradle.internal.remote.internal.inet.InetAddresses] Is this a loopback interface? false
2026-03-14T14:50:58.302+0500 [DEBUG] [org.gradle.internal.remote.internal.inet.InetAddresses] Adding remote address /fe80:0:0:0:2896:c57a:7ae:785a%utun0
2026-03-14T14:50:58.302+0500 [DEBUG] [org.gradle.internal.remote.internal.inet.InetAddresses] Adding IP addresses for network interface llw0
2026-03-14T14:50:58.302+0500 [DEBUG] [org.gradle.internal.remote.internal.inet.InetAddresses] Is this a loopback interface? false
2026-03-14T14:50:58.302+0500 [DEBUG] [org.gradle.internal.remote.internal.inet.InetAddresses] Adding remote address /fe80:0:0:0:24bd:5fff:fe9c:c9fe%llw0
2026-03-14T14:50:58.302+0500 [DEBUG] [org.gradle.internal.remote.internal.inet.InetAddresses] Adding IP addresses for network interface awdl0
2026-03-14T14:50:58.302+0500 [DEBUG] [org.gradle.internal.remote.internal.inet.InetAddresses] Is this a loopback interface? false
2026-03-14T14:50:58.302+0500 [DEBUG] [org.gradle.internal.remote.internal.inet.InetAddresses] Adding remote address /fe80:0:0:0:24bd:5fff:fe9c:c9fe%awdl0
2026-03-14T14:50:58.303+0500 [DEBUG] [org.gradle.internal.remote.internal.inet.InetAddresses] Adding IP addresses for network interface en0
2026-03-14T14:50:58.303+0500 [DEBUG] [org.gradle.internal.remote.internal.inet.InetAddresses] Is this a loopback interface? false
2026-03-14T14:50:58.303+0500 [DEBUG] [org.gradle.internal.remote.internal.inet.InetAddresses] Adding remote address /fe80:0:0:0:4ee:16d9:af85:2be1%en0
2026-03-14T14:50:58.303+0500 [DEBUG] [org.gradle.internal.remote.internal.inet.InetAddresses] Adding remote address /192.168.31.210
2026-03-14T14:50:58.303+0500 [DEBUG] [org.gradle.internal.remote.internal.inet.InetAddresses] Adding IP addresses for network interface lo0
2026-03-14T14:50:58.303+0500 [DEBUG] [org.gradle.internal.remote.internal.inet.InetAddresses] Is this a loopback interface? true
2026-03-14T14:50:58.303+0500 [DEBUG] [org.gradle.internal.remote.internal.inet.InetAddresses] Ignoring remote address on loopback interface /fe80:0:0:0:0:0:0:1%lo0
2026-03-14T14:50:58.303+0500 [DEBUG] [org.gradle.internal.remote.internal.inet.InetAddresses] Adding loopback address /0:0:0:0:0:0:0:1%lo0
2026-03-14T14:50:58.303+0500 [DEBUG] [org.gradle.internal.remote.internal.inet.InetAddresses] Adding loopback address /127.0.0.1
2026-03-14T14:50:58.321+0500 [INFO] [org.gradle.launcher.daemon.server.Daemon] start() called on daemon - DefaultDaemonContext[uid=be09e351-5b6f-4876-83a1-c7b09c2203fc,javaHome=/Library/Java/JavaVirtualMachines/temurin-21.jdk/Contents/Home,javaVersion=21,javaVendor=Eclipse Adoptium,daemonRegistryDir=/Users/user/StudioProjects/Jetpack-compose-/gradle/wrapper/daemon,pid=75549,idleTimeout=10800000,priority=NORMAL,applyInstrumentationAgent=true,nativeServicesMode=ENABLED,daemonOpts=-Xmx2048m,-Dfile.encoding=UTF-8,-Duser.country=UZ,-Duser.language=ru,-Duser.variant]
2026-03-14T14:50:58.336+0500 [DEBUG] [org.gradle.internal.remote.internal.inet.TcpIncomingConnector] Listening on [e3314c61-88c3-4325-9052-9f15a21f69e7 port:54919, addresses:[localhost/127.0.0.1]].
2026-03-14T14:50:58.344+0500 [DEBUG] [org.gradle.launcher.daemon.server.Daemon] Daemon starting at: Sat Mar 14 14:50:58 UZT 2026, with address: [e3314c61-88c3-4325-9052-9f15a21f69e7 port:54919, addresses:[localhost/127.0.0.1]]
2026-03-14T14:50:58.344+0500 [INFO] [org.gradle.launcher.daemon.server.DaemonRegistryUpdater] Advertising the daemon address to the clients: [e3314c61-88c3-4325-9052-9f15a21f69e7 port:54919, addresses:[localhost/127.0.0.1]]
2026-03-14T14:50:58.344+0500 [DEBUG] [org.gradle.launcher.daemon.server.DaemonRegistryUpdater] Advertised daemon context: DefaultDaemonContext[uid=be09e351-5b6f-4876-83a1-c7b09c2203fc,javaHome=/Library/Java/JavaVirtualMachines/temurin-21.jdk/Contents/Home,javaVersion=21,javaVendor=Eclipse Adoptium,daemonRegistryDir=/Users/user/StudioProjects/Jetpack-compose-/gradle/wrapper/daemon,pid=75549,idleTimeout=10800000,priority=NORMAL,applyInstrumentationAgent=true,nativeServicesMode=ENABLED,daemonOpts=-Xmx2048m,-Dfile.encoding=UTF-8,-Duser.country=UZ,-Duser.language=ru,-Duser.variant]
2026-03-14T14:50:58.345+0500 [DEBUG] [org.gradle.launcher.daemon.registry.PersistentDaemonRegistry] Storing daemon address: [e3314c61-88c3-4325-9052-9f15a21f69e7 port:54919, addresses:[localhost/127.0.0.1]], context: DefaultDaemonContext[uid=be09e351-5b6f-4876-83a1-c7b09c2203fc,javaHome=/Library/Java/JavaVirtualMachines/temurin-21.jdk/Contents/Home,javaVersion=21,javaVendor=Eclipse Adoptium,daemonRegistryDir=/Users/user/StudioProjects/Jetpack-compose-/gradle/wrapper/daemon,pid=75549,idleTimeout=10800000,priority=NORMAL,applyInstrumentationAgent=true,nativeServicesMode=ENABLED,daemonOpts=-Xmx2048m,-Dfile.encoding=UTF-8,-Duser.country=UZ,-Duser.language=ru,-Duser.variant]
2026-03-14T14:50:58.348+0500 [DEBUG] [org.gradle.cache.internal.DefaultFileLockManager] Waiting to acquire exclusive lock on daemon addresses registry.
2026-03-14T14:50:58.350+0500 [DEBUG] [org.gradle.cache.internal.DefaultFileLockManager] Lock acquired on daemon addresses registry.
2026-03-14T14:50:58.351+0500 [DEBUG] [org.gradle.cache.internal.DefaultFileLockManager] Releasing lock on daemon addresses registry.
2026-03-14T14:50:58.351+0500 [LIFECYCLE] [org.gradle.launcher.daemon.server.Daemon] Daemon server started.
2026-03-14T14:50:58.352+0500 [DEBUG] [org.gradle.launcher.daemon.bootstrap.DaemonStartupCommunication] Completed writing the daemon greeting. Closing streams...
2026-03-14T14:50:58.353+0500 [DEBUG] [org.gradle.internal.remote.internal.inet.TcpIncomingConnector] Accepted connection from /127.0.0.1:54920 to /127.0.0.1:54919.
2026-03-14T14:50:58.355+0500 [DEBUG] [org.gradle.launcher.daemon.server.Daemon] stopOnExpiration() called on daemon
2026-03-14T14:50:58.355+0500 [DEBUG] [org.gradle.launcher.daemon.server.Daemon] awaitExpiration() called on daemon
2026-03-14T14:50:58.356+0500 [DEBUG] [org.gradle.launcher.daemon.server.DaemonStateCoordinator] daemon is running. Sleeping until state changes.
2026-03-14T14:50:58.371+0500 [DEBUG] [org.gradle.launcher.daemon.server.SynchronizedDispatchConnection] thread 32: received class org.gradle.launcher.daemon.protocol.Build
2026-03-14T14:50:58.371+0500 [DEBUG] [org.gradle.launcher.daemon.server.DefaultDaemonConnection] thread 32: Received non-IO message from client: Build{id=deaa1f4d-250a-4a83-b72b-4f9e3bf6e36f, currentDir=/Users/user/StudioProjects/Jetpack-compose-}
2026-03-14T14:50:58.371+0500 [INFO] [org.gradle.launcher.daemon.server.DefaultIncomingConnectionHandler] Received command: Build{id=deaa1f4d-250a-4a83-b72b-4f9e3bf6e36f, currentDir=/Users/user/StudioProjects/Jetpack-compose-}.
2026-03-14T14:50:58.371+0500 [DEBUG] [org.gradle.launcher.daemon.server.DefaultIncomingConnectionHandler] Starting executing command: Build{id=deaa1f4d-250a-4a83-b72b-4f9e3bf6e36f, currentDir=/Users/user/StudioProjects/Jetpack-compose-} with connection: socket connection from /127.0.0.1:54919 to /127.0.0.1:54920.
2026-03-14T14:50:58.373+0500 [DEBUG] [org.gradle.launcher.daemon.server.DaemonStateCoordinator] Command execution: started DaemonCommandExecution[command = Build{id=deaa1f4d-250a-4a83-b72b-4f9e3bf6e36f, currentDir=/Users/user/StudioProjects/Jetpack-compose-}, connection = DefaultDaemonConnection: socket connection from /127.0.0.1:54919 to /127.0.0.1:54920] after 6.5E-4 minutes of idle
2026-03-14T14:50:58.373+0500 [INFO] [org.gradle.launcher.daemon.server.DaemonRegistryUpdater] Marking the daemon as busy, address: [e3314c61-88c3-4325-9052-9f15a21f69e7 port:54919, addresses:[localhost/127.0.0.1]]
2026-03-14T14:50:58.373+0500 [DEBUG] [org.gradle.launcher.daemon.registry.PersistentDaemonRegistry] Marking busy by address: [e3314c61-88c3-4325-9052-9f15a21f69e7 port:54919, addresses:[localhost/127.0.0.1]]
2026-03-14T14:50:58.373+0500 [DEBUG] [org.gradle.cache.internal.DefaultFileLockManager] Waiting to acquire exclusive lock on daemon addresses registry.
2026-03-14T14:50:58.374+0500 [DEBUG] [org.gradle.cache.internal.DefaultFileLockManager] Lock acquired on daemon addresses registry.
2026-03-14T14:50:58.374+0500 [DEBUG] [org.gradle.cache.internal.DefaultFileLockManager] Releasing lock on daemon addresses registry.
2026-03-14T14:50:58.374+0500 [DEBUG] [org.gradle.launcher.daemon.server.DaemonStateCoordinator] resetting idle timer
2026-03-14T14:50:58.374+0500 [DEBUG] [org.gradle.launcher.daemon.server.DaemonStateCoordinator] daemon is running. Sleeping until state changes.
2026-03-14T14:50:58.374+0500 [INFO] [org.gradle.launcher.daemon.server.exec.StartBuildOrRespondWithBusy] Daemon is about to start building Build{id=deaa1f4d-250a-4a83-b72b-4f9e3bf6e36f, currentDir=/Users/user/StudioProjects/Jetpack-compose-}. Dispatching build started information...
2026-03-14T14:50:58.375+0500 [DEBUG] [org.gradle.launcher.daemon.server.SynchronizedDispatchConnection] thread 34: dispatching org.gradle.launcher.daemon.protocol.BuildStarted@237f248d
2026-03-14T14:50:58.375+0500 [DEBUG] [org.gradle.launcher.daemon.server.exec.EstablishBuildEnvironment] Configuring env variables: [PATH, __CFBundleIdentifier, SHELL, JAVA_HOME, OLDPWD, USER, COMMAND_MODE, TMPDIR, SSH_AUTH_SOCK, XPC_FLAGS, __CF_USER_TEXT_ENCODING, LOGNAME, LC_CTYPE, XPC_SERVICE_NAME, HOME]
2026-03-14T14:50:58.377+0500 [DEBUG] [org.gradle.launcher.daemon.server.exec.LogToClient] About to start relaying all logs to the client via the connection.
2026-03-14T14:50:58.377+0500 [INFO] [org.gradle.launcher.daemon.server.exec.LogToClient] The client will now receive all logging from the daemon (pid: 75549). The daemon log file: /Users/user/StudioProjects/Jetpack-compose-/gradle/wrapper/daemon/8.13/daemon-75549.out.log
2026-03-14T14:50:58.378+0500 [INFO] [org.gradle.launcher.daemon.server.exec.LogAndCheckHealth] Starting build in new daemon [memory: 2 GiB]
2026-03-14T14:50:58.378+0500 [DEBUG] [org.gradle.launcher.daemon.server.exec.ExecuteBuild] The daemon has started executing the build.
2026-03-14T14:50:58.378+0500 [DEBUG] [org.gradle.launcher.daemon.server.exec.ExecuteBuild] Executing build with daemon context: DefaultDaemonContext[uid=be09e351-5b6f-4876-83a1-c7b09c2203fc,javaHome=/Library/Java/JavaVirtualMachines/temurin-21.jdk/Contents/Home,javaVersion=21,javaVendor=Eclipse Adoptium,daemonRegistryDir=/Users/user/StudioProjects/Jetpack-compose-/gradle/wrapper/daemon,pid=75549,idleTimeout=10800000,priority=NORMAL,applyInstrumentationAgent=true,nativeServicesMode=ENABLED,daemonOpts=-Xmx2048m,-Dfile.encoding=UTF-8,-Duser.country=UZ,-Duser.language=ru,-Duser.variant]
warning: The following options were not recognized by any processor: '[dagger.hilt.android.internal.disableAndroidSuperclassValidation, dagger.hilt.android.internal.projectType, dagger.hilt.internal.useAggregatingRootProcessor, kapt.kotlin.generated]'
e: file:///Users/user/StudioProjects/Jetpack-compose-/app/src/main/java/data/screens/AnimeEpisodesList.kt:55:13 @Composable invocations can only happen from the context of a @Composable function
e: file:///Users/user/StudioProjects/Jetpack-compose-/app/src/main/java/data/screens/AnimeEpisodesList.kt:62:57 Type mismatch: inferred type is Int? but Int was expected
e: file:///Users/user/StudioProjects/Jetpack-compose-/app/src/main/java/data/screens/AnimeEpisodesList.kt:68:17 @Composable invocations can only happen from the context of a @Composable function

[Incubating] Problems report is available at: file:///Users/user/StudioProjects/Jetpack-compose-/build/reports/problems/problems-report.html

FAILURE: Build failed with an exception.

* What went wrong:
Execution failed for task ':app:compileDebugKotlin'.
> A failure occurred while executing org.jetbrains.kotlin.compilerRunner.GradleCompilerRunnerWithWorkers$GradleKotlinCompilerWorkAction
   > Compilation error. See log for more details

* Try:
> Run with --info or --debug option to get more log output.
> Run with --scan to get full insights.
> Get more help at https://help.gradle.org.

* Exception is:
org.gradle.api.tasks.TaskExecutionException: Execution failed for task ':app:compileDebugKotlin'.
	at org.gradle.api.internal.tasks.execution.ExecuteActionsTaskExecuter.lambda$executeIfValid$1(ExecuteActionsTaskExecuter.java:130)
	at org.gradle.internal.Try$Failure.ifSuccessfulOrElse(Try.java:293)
	at org.gradle.api.internal.tasks.execution.ExecuteActionsTaskExecuter.executeIfValid(ExecuteActionsTaskExecuter.java:128)
	at org.gradle.api.internal.tasks.execution.ExecuteActionsTaskExecuter.execute(ExecuteActionsTaskExecuter.java:116)
	at org.gradle.api.internal.tasks.execution.ProblemsTaskPathTrackingTaskExecuter.execute(ProblemsTaskPathTrackingTaskExecuter.java:40)
	at org.gradle.api.internal.tasks.execution.FinalizePropertiesTaskExecuter.execute(FinalizePropertiesTaskExecuter.java:46)
	at org.gradle.api.internal.tasks.execution.ResolveTaskExecutionModeExecuter.execute(ResolveTaskExecutionModeExecuter.java:51)
	at org.gradle.api.internal.tasks.execution.SkipTaskWithNoActionsExecuter.execute(SkipTaskWithNoActionsExecuter.java:57)
	at org.gradle.api.internal.tasks.execution.SkipOnlyIfTaskExecuter.execute(SkipOnlyIfTaskExecuter.java:74)
	at org.gradle.api.internal.tasks.execution.CatchExceptionTaskExecuter.execute(CatchExceptionTaskExecuter.java:36)
	at org.gradle.api.internal.tasks.execution.EventFiringTaskExecuter$1.executeTask(EventFiringTaskExecuter.java:77)
	at org.gradle.api.internal.tasks.execution.EventFiringTaskExecuter$1.call(EventFiringTaskExecuter.java:55)
	at org.gradle.api.internal.tasks.execution.EventFiringTaskExecuter$1.call(EventFiringTaskExecuter.java:52)
	at org.gradle.internal.operations.DefaultBuildOperationRunner$CallableBuildOperationWorker.execute(DefaultBuildOperationRunner.java:210)
	at org.gradle.internal.operations.DefaultBuildOperationRunner$CallableBuildOperationWorker.execute(DefaultBuildOperationRunner.java:205)
	at org.gradle.internal.operations.DefaultBuildOperationRunner$2.execute(DefaultBuildOperationRunner.java:67)
	at org.gradle.internal.operations.DefaultBuildOperationRunner$2.execute(DefaultBuildOperationRunner.java:60)
	at org.gradle.internal.operations.DefaultBuildOperationRunner.execute(DefaultBuildOperationRunner.java:167)
	at org.gradle.internal.operations.DefaultBuildOperationRunner.execute(DefaultBuildOperationRunner.java:60)
	at org.gradle.internal.operations.DefaultBuildOperationRunner.call(DefaultBuildOperationRunner.java:54)
	at org.gradle.api.internal.tasks.execution.EventFiringTaskExecuter.execute(EventFiringTaskExecuter.java:52)
	at org.gradle.execution.plan.LocalTaskNodeExecutor.execute(LocalTaskNodeExecutor.java:42)
	at org.gradle.execution.taskgraph.DefaultTaskExecutionGraph$InvokeNodeExecutorsAction.execute(DefaultTaskExecutionGraph.java:331)
	at org.gradle.execution.taskgraph.DefaultTaskExecutionGraph$InvokeNodeExecutorsAction.execute(DefaultTaskExecutionGraph.java:318)
	at org.gradle.execution.taskgraph.DefaultTaskExecutionGraph$BuildOperationAwareExecutionAction.lambda$execute$0(DefaultTaskExecutionGraph.java:314)
	at org.gradle.internal.operations.CurrentBuildOperationRef.with(CurrentBuildOperationRef.java:85)
	at org.gradle.execution.taskgraph.DefaultTaskExecutionGraph$BuildOperationAwareExecutionAction.execute(DefaultTaskExecutionGraph.java:314)
	at org.gradle.execution.taskgraph.DefaultTaskExecutionGraph$BuildOperationAwareExecutionAction.execute(DefaultTaskExecutionGraph.java:303)
	at org.gradle.execution.plan.DefaultPlanExecutor$ExecutorWorker.execute(DefaultPlanExecutor.java:459)
	at org.gradle.execution.plan.DefaultPlanExecutor$ExecutorWorker.run(DefaultPlanExecutor.java:376)
	at org.gradle.internal.concurrent.ExecutorPolicy$CatchAndRecordFailures.onExecute(ExecutorPolicy.java:64)
	at org.gradle.internal.concurrent.AbstractManagedExecutor$1.run(AbstractManagedExecutor.java:48)
Caused by: org.gradle.workers.internal.DefaultWorkerExecutor$WorkExecutionException: A failure occurred while executing org.jetbrains.kotlin.compilerRunner.GradleCompilerRunnerWithWorkers$GradleKotlinCompilerWorkAction
	at org.gradle.workers.internal.DefaultWorkerExecutor$WorkItemExecution.waitForCompletion(DefaultWorkerExecutor.java:287)
	at org.gradle.internal.work.DefaultAsyncWorkTracker.lambda$waitForItemsAndGatherFailures$2(DefaultAsyncWorkTracker.java:130)
	at org.gradle.internal.Factories$1.create(Factories.java:31)
	at org.gradle.internal.work.DefaultWorkerLeaseService.withoutLocks(DefaultWorkerLeaseService.java:335)
	at org.gradle.internal.work.DefaultWorkerLeaseService.withoutLocks(DefaultWorkerLeaseService.java:318)
	at org.gradle.internal.work.DefaultWorkerLeaseService.withoutLock(DefaultWorkerLeaseService.java:323)
	at org.gradle.internal.work.DefaultAsyncWorkTracker.waitForItemsAndGatherFailures(DefaultAsyncWorkTracker.java:126)
	at org.gradle.internal.work.DefaultAsyncWorkTracker.waitForItemsAndGatherFailures(DefaultAsyncWorkTracker.java:92)
	at org.gradle.internal.work.DefaultAsyncWorkTracker.waitForAll(DefaultAsyncWorkTracker.java:78)
	at org.gradle.internal.work.DefaultAsyncWorkTracker.waitForCompletion(DefaultAsyncWorkTracker.java:66)
	at org.gradle.api.internal.tasks.execution.TaskExecution$3.run(TaskExecution.java:252)
	at org.gradle.internal.operations.DefaultBuildOperationRunner$1.execute(DefaultBuildOperationRunner.java:30)
	at org.gradle.internal.operations.DefaultBuildOperationRunner$1.execute(DefaultBuildOperationRunner.java:27)
	at org.gradle.internal.operations.DefaultBuildOperationRunner$2.execute(DefaultBuildOperationRunner.java:67)
	at org.gradle.internal.operations.DefaultBuildOperationRunner$2.execute(DefaultBuildOperationRunner.java:60)
	at org.gradle.internal.operations.DefaultBuildOperationRunner.execute(DefaultBuildOperationRunner.java:167)
	at org.gradle.internal.operations.DefaultBuildOperationRunner.execute(DefaultBuildOperationRunner.java:60)
	at org.gradle.internal.operations.DefaultBuildOperationRunner.run(DefaultBuildOperationRunner.java:48)
	at org.gradle.api.internal.tasks.execution.TaskExecution.executeAction(TaskExecution.java:229)
	at org.gradle.api.internal.tasks.execution.TaskExecution.executeActions(TaskExecution.java:212)
	at org.gradle.api.internal.tasks.execution.TaskExecution.executeWithPreviousOutputFiles(TaskExecution.java:195)
	at org.gradle.api.internal.tasks.execution.TaskExecution.execute(TaskExecution.java:162)
	at org.gradle.internal.execution.steps.ExecuteStep.executeInternal(ExecuteStep.java:105)
	at org.gradle.internal.execution.steps.ExecuteStep.access$000(ExecuteStep.java:44)
	at org.gradle.internal.execution.steps.ExecuteStep$1.call(ExecuteStep.java:59)
	at org.gradle.internal.execution.steps.ExecuteStep$1.call(ExecuteStep.java:56)
	at org.gradle.internal.operations.DefaultBuildOperationRunner$CallableBuildOperationWorker.execute(DefaultBuildOperationRunner.java:210)
	at org.gradle.internal.operations.DefaultBuildOperationRunner$CallableBuildOperationWorker.execute(DefaultBuildOperationRunner.java:205)
	at org.gradle.internal.operations.DefaultBuildOperationRunner$2.execute(DefaultBuildOperationRunner.java:67)
	at org.gradle.internal.operations.DefaultBuildOperationRunner$2.execute(DefaultBuildOperationRunner.java:60)
	at org.gradle.internal.operations.DefaultBuildOperationRunner.execute(DefaultBuildOperationRunner.java:167)
	at org.gradle.internal.operations.DefaultBuildOperationRunner.execute(DefaultBuildOperationRunner.java:60)
	at org.gradle.internal.operations.DefaultBuildOperationRunner.call(DefaultBuildOperationRunner.java:54)
	at org.gradle.internal.execution.steps.ExecuteStep.execute(ExecuteStep.java:56)
	at org.gradle.internal.execution.steps.ExecuteStep.execute(ExecuteStep.java:44)
	at org.gradle.internal.execution.steps.CancelExecutionStep.execute(CancelExecutionStep.java:42)
	at org.gradle.internal.execution.steps.TimeoutStep.executeWithoutTimeout(TimeoutStep.java:75)
	at org.gradle.internal.execution.steps.TimeoutStep.execute(TimeoutStep.java:55)
	at org.gradle.internal.execution.steps.PreCreateOutputParentsStep.execute(PreCreateOutputParentsStep.java:50)
	at org.gradle.internal.execution.steps.PreCreateOutputParentsStep.execute(PreCreateOutputParentsStep.java:28)
	at org.gradle.internal.execution.steps.RemovePreviousOutputsStep.execute(RemovePreviousOutputsStep.java:67)
	at org.gradle.internal.execution.steps.RemovePreviousOutputsStep.execute(RemovePreviousOutputsStep.java:37)
	at org.gradle.internal.execution.steps.BroadcastChangingOutputsStep.execute(BroadcastChangingOutputsStep.java:61)
	at org.gradle.internal.execution.steps.BroadcastChangingOutputsStep.execute(BroadcastChangingOutputsStep.java:26)
	at org.gradle.internal.execution.steps.CaptureOutputsAfterExecutionStep.execute(CaptureOutputsAfterExecutionStep.java:69)
	at org.gradle.internal.execution.steps.CaptureOutputsAfterExecutionStep.execute(CaptureOutputsAfterExecutionStep.java:46)
	at org.gradle.internal.execution.steps.ResolveInputChangesStep.execute(ResolveInputChangesStep.java:40)
	at org.gradle.internal.execution.steps.ResolveInputChangesStep.execute(ResolveInputChangesStep.java:29)
	at org.gradle.internal.execution.steps.BuildCacheStep.executeWithoutCache(BuildCacheStep.java:189)
	at org.gradle.internal.execution.steps.BuildCacheStep.lambda$execute$1(BuildCacheStep.java:75)
	at org.gradle.internal.Either$Right.fold(Either.java:175)
	at org.gradle.internal.execution.caching.CachingState.fold(CachingState.java:62)
	at org.gradle.internal.execution.steps.BuildCacheStep.execute(BuildCacheStep.java:73)
	at org.gradle.internal.execution.steps.BuildCacheStep.execute(BuildCacheStep.java:48)
	at org.gradle.internal.execution.steps.StoreExecutionStateStep.execute(StoreExecutionStateStep.java:46)
	at org.gradle.internal.execution.steps.StoreExecutionStateStep.execute(StoreExecutionStateStep.java:35)
	at org.gradle.internal.execution.steps.SkipUpToDateStep.executeBecause(SkipUpToDateStep.java:75)
	at org.gradle.internal.execution.steps.SkipUpToDateStep.lambda$execute$2(SkipUpToDateStep.java:53)
	at org.gradle.internal.execution.steps.SkipUpToDateStep.execute(SkipUpToDateStep.java:53)
	at org.gradle.internal.execution.steps.SkipUpToDateStep.execute(SkipUpToDateStep.java:35)
	at org.gradle.internal.execution.steps.legacy.MarkSnapshottingInputsFinishedStep.execute(MarkSnapshottingInputsFinishedStep.java:37)
	at org.gradle.internal.execution.steps.legacy.MarkSnapshottingInputsFinishedStep.execute(MarkSnapshottingInputsFinishedStep.java:27)
	at org.gradle.internal.execution.steps.ResolveIncrementalCachingStateStep.executeDelegate(ResolveIncrementalCachingStateStep.java:49)
	at org.gradle.internal.execution.steps.ResolveIncrementalCachingStateStep.executeDelegate(ResolveIncrementalCachingStateStep.java:27)
	at org.gradle.internal.execution.steps.AbstractResolveCachingStateStep.execute(AbstractResolveCachingStateStep.java:71)
	at org.gradle.internal.execution.steps.AbstractResolveCachingStateStep.execute(AbstractResolveCachingStateStep.java:39)
	at org.gradle.internal.execution.steps.ResolveChangesStep.execute(ResolveChangesStep.java:65)
	at org.gradle.internal.execution.steps.ResolveChangesStep.execute(ResolveChangesStep.java:36)
	at org.gradle.internal.execution.steps.ValidateStep.execute(ValidateStep.java:107)
	at org.gradle.internal.execution.steps.ValidateStep.execute(ValidateStep.java:56)
	at org.gradle.internal.execution.steps.AbstractCaptureStateBeforeExecutionStep.execute(AbstractCaptureStateBeforeExecutionStep.java:64)
	at org.gradle.internal.execution.steps.AbstractCaptureStateBeforeExecutionStep.execute(AbstractCaptureStateBeforeExecutionStep.java:43)
	at org.gradle.internal.execution.steps.AbstractSkipEmptyWorkStep.executeWithNonEmptySources(AbstractSkipEmptyWorkStep.java:125)
	at org.gradle.internal.execution.steps.AbstractSkipEmptyWorkStep.execute(AbstractSkipEmptyWorkStep.java:61)
	at org.gradle.internal.execution.steps.AbstractSkipEmptyWorkStep.execute(AbstractSkipEmptyWorkStep.java:36)
	at org.gradle.internal.execution.steps.legacy.MarkSnapshottingInputsStartedStep.execute(MarkSnapshottingInputsStartedStep.java:38)
	at org.gradle.internal.execution.steps.LoadPreviousExecutionStateStep.execute(LoadPreviousExecutionStateStep.java:36)
	at org.gradle.internal.execution.steps.LoadPreviousExecutionStateStep.execute(LoadPreviousExecutionStateStep.java:23)
	at org.gradle.internal.execution.steps.HandleStaleOutputsStep.execute(HandleStaleOutputsStep.java:75)
	at org.gradle.internal.execution.steps.HandleStaleOutputsStep.execute(HandleStaleOutputsStep.java:41)
	at org.gradle.internal.execution.steps.AssignMutableWorkspaceStep.lambda$execute$0(AssignMutableWorkspaceStep.java:35)
	at org.gradle.api.internal.tasks.execution.TaskExecution$4.withWorkspace(TaskExecution.java:289)
	at org.gradle.internal.execution.steps.AssignMutableWorkspaceStep.execute(AssignMutableWorkspaceStep.java:31)
	at org.gradle.internal.execution.steps.AssignMutableWorkspaceStep.execute(AssignMutableWorkspaceStep.java:22)
	at org.gradle.internal.execution.steps.ChoosePipelineStep.execute(ChoosePipelineStep.java:40)
	at org.gradle.internal.execution.steps.ChoosePipelineStep.execute(ChoosePipelineStep.java:23)
	at org.gradle.internal.execution.steps.ExecuteWorkBuildOperationFiringStep.lambda$execute$2(ExecuteWorkBuildOperationFiringStep.java:67)
	at org.gradle.internal.execution.steps.ExecuteWorkBuildOperationFiringStep.execute(ExecuteWorkBuildOperationFiringStep.java:67)
	at org.gradle.internal.execution.steps.ExecuteWorkBuildOperationFiringStep.execute(ExecuteWorkBuildOperationFiringStep.java:39)
	at org.gradle.internal.execution.steps.IdentityCacheStep.execute(IdentityCacheStep.java:46)
	at org.gradle.internal.execution.steps.IdentityCacheStep.execute(IdentityCacheStep.java:34)
	at org.gradle.internal.execution.steps.IdentifyStep.execute(IdentifyStep.java:48)
	at org.gradle.internal.execution.steps.IdentifyStep.execute(IdentifyStep.java:35)
	at org.gradle.internal.execution.impl.DefaultExecutionEngine$1.execute(DefaultExecutionEngine.java:61)
	at org.gradle.api.internal.tasks.execution.ExecuteActionsTaskExecuter.executeIfValid(ExecuteActionsTaskExecuter.java:127)
	at org.gradle.api.internal.tasks.execution.ExecuteActionsTaskExecuter.execute(ExecuteActionsTaskExecuter.java:116)
	at org.gradle.api.internal.tasks.execution.ProblemsTaskPathTrackingTaskExecuter.execute(ProblemsTaskPathTrackingTaskExecuter.java:40)
	at org.gradle.api.internal.tasks.execution.FinalizePropertiesTaskExecuter.execute(FinalizePropertiesTaskExecuter.java:46)
	at org.gradle.api.internal.tasks.execution.ResolveTaskExecutionModeExecuter.execute(ResolveTaskExecutionModeExecuter.java:51)
	at org.gradle.api.internal.tasks.execution.SkipTaskWithNoActionsExecuter.execute(SkipTaskWithNoActionsExecuter.java:57)
	at org.gradle.api.internal.tasks.execution.SkipOnlyIfTaskExecuter.execute(SkipOnlyIfTaskExecuter.java:74)
	at org.gradle.api.internal.tasks.execution.CatchExceptionTaskExecuter.execute(CatchExceptionTaskExecuter.java:36)
	at org.gradle.api.internal.tasks.execution.EventFiringTaskExecuter$1.executeTask(EventFiringTaskExecuter.java:77)
	at org.gradle.api.internal.tasks.execution.EventFiringTaskExecuter$1.call(EventFiringTaskExecuter.java:55)
	at org.gradle.api.internal.tasks.execution.EventFiringTaskExecuter$1.call(EventFiringTaskExecuter.java:52)
	at org.gradle.internal.operations.DefaultBuildOperationRunner$CallableBuildOperationWorker.execute(DefaultBuildOperationRunner.java:210)
	at org.gradle.internal.operations.DefaultBuildOperationRunner$CallableBuildOperationWorker.execute(DefaultBuildOperationRunner.java:205)
	at org.gradle.internal.operations.DefaultBuildOperationRunner$2.execute(DefaultBuildOperationRunner.java:67)
	at org.gradle.internal.operations.DefaultBuildOperationRunner$2.execute(DefaultBuildOperationRunner.java:60)
	at org.gradle.internal.operations.DefaultBuildOperationRunner.execute(DefaultBuildOperationRunner.java:167)
	at org.gradle.internal.operations.DefaultBuildOperationRunner.execute(DefaultBuildOperationRunner.java:60)
	at org.gradle.internal.operations.DefaultBuildOperationRunner.call(DefaultBuildOperationRunner.java:54)
	at org.gradle.api.internal.tasks.execution.EventFiringTaskExecuter.execute(EventFiringTaskExecuter.java:52)
	at org.gradle.execution.plan.LocalTaskNodeExecutor.execute(LocalTaskNodeExecutor.java:42)
	at org.gradle.execution.taskgraph.DefaultTaskExecutionGraph$InvokeNodeExecutorsAction.execute(DefaultTaskExecutionGraph.java:331)
	at org.gradle.execution.taskgraph.DefaultTaskExecutionGraph$InvokeNodeExecutorsAction.execute(DefaultTaskExecutionGraph.java:318)
	at org.gradle.execution.taskgraph.DefaultTaskExecutionGraph$BuildOperationAwareExecutionAction.lambda$execute$0(DefaultTaskExecutionGraph.java:314)
	at org.gradle.internal.operations.CurrentBuildOperationRef.with(CurrentBuildOperationRef.java:85)
	at org.gradle.execution.taskgraph.DefaultTaskExecutionGraph$BuildOperationAwareExecutionAction.execute(DefaultTaskExecutionGraph.java:314)
	at org.gradle.execution.taskgraph.DefaultTaskExecutionGraph$BuildOperationAwareExecutionAction.execute(DefaultTaskExecutionGraph.java:303)
	at org.gradle.execution.plan.DefaultPlanExecutor$ExecutorWorker.execute(DefaultPlanExecutor.java:459)
	at org.gradle.execution.plan.DefaultPlanExecutor$ExecutorWorker.run(DefaultPlanExecutor.java:376)
	at org.gradle.internal.concurrent.ExecutorPolicy$CatchAndRecordFailures.onExecute(ExecutorPolicy.java:64)
	at org.gradle.internal.concurrent.AbstractManagedExecutor$1.run(AbstractManagedExecutor.java:48)
Caused by: org.jetbrains.kotlin.gradle.tasks.CompilationErrorException: Compilation error. See log for more details
	at org.jetbrains.kotlin.gradle.tasks.TasksUtilsKt.throwExceptionIfCompilationFailed(tasksUtils.kt:20)
	at org.jetbrains.kotlin.compilerRunner.GradleKotlinCompilerWork.run(GradleKotlinCompilerWork.kt:141)
	at org.jetbrains.kotlin.compilerRunner.GradleCompilerRunnerWithWorkers$GradleKotlinCompilerWorkAction.execute(GradleCompilerRunnerWithWorkers.kt:73)
	at org.gradle.workers.internal.DefaultWorkerServer.execute(DefaultWorkerServer.java:63)
	at org.gradle.workers.internal.NoIsolationWorkerFactory$1$1.create(NoIsolationWorkerFactory.java:66)
	at org.gradle.workers.internal.NoIsolationWorkerFactory$1$1.create(NoIsolationWorkerFactory.java:62)
	at org.gradle.internal.classloader.ClassLoaderUtils.executeInClassloader(ClassLoaderUtils.java:100)
	at org.gradle.workers.internal.NoIsolationWorkerFactory$1.lambda$execute$0(NoIsolationWorkerFactory.java:62)
	at org.gradle.workers.internal.AbstractWorker$1.call(AbstractWorker.java:44)
	at org.gradle.workers.internal.AbstractWorker$1.call(AbstractWorker.java:41)
	at org.gradle.internal.operations.DefaultBuildOperationRunner$CallableBuildOperationWorker.execute(DefaultBuildOperationRunner.java:210)
	at org.gradle.internal.operations.DefaultBuildOperationRunner$CallableBuildOperationWorker.execute(DefaultBuildOperationRunner.java:205)
	at org.gradle.internal.operations.DefaultBuildOperationRunner$2.execute(DefaultBuildOperationRunner.java:67)
	at org.gradle.internal.operations.DefaultBuildOperationRunner$2.execute(DefaultBuildOperationRunner.java:60)
	at org.gradle.internal.operations.DefaultBuildOperationRunner.execute(DefaultBuildOperationRunner.java:167)
	at org.gradle.internal.operations.DefaultBuildOperationRunner.execute(DefaultBuildOperationRunner.java:60)
	at org.gradle.internal.operations.DefaultBuildOperationRunner.call(DefaultBuildOperationRunner.java:54)
	at org.gradle.workers.internal.AbstractWorker.executeWrappedInBuildOperation(AbstractWorker.java:41)
	at org.gradle.workers.internal.NoIsolationWorkerFactory$1.execute(NoIsolationWorkerFactory.java:59)
	at org.gradle.workers.internal.DefaultWorkerExecutor.lambda$submitWork$0(DefaultWorkerExecutor.java:174)
	at org.gradle.internal.work.DefaultConditionalExecutionQueue$ExecutionRunner.runExecution(DefaultConditionalExecutionQueue.java:194)
	at org.gradle.internal.work.DefaultConditionalExecutionQueue$ExecutionRunner.access$700(DefaultConditionalExecutionQueue.java:127)
	at org.gradle.internal.work.DefaultConditionalExecutionQueue$ExecutionRunner$1.run(DefaultConditionalExecutionQueue.java:169)
	at org.gradle.internal.Factories$1.create(Factories.java:31)
	at org.gradle.internal.work.DefaultWorkerLeaseService.withLocks(DefaultWorkerLeaseService.java:263)
	at org.gradle.internal.work.DefaultWorkerLeaseService.runAsWorkerThread(DefaultWorkerLeaseService.java:127)
	at org.gradle.internal.work.DefaultWorkerLeaseService.runAsWorkerThread(DefaultWorkerLeaseService.java:132)
	at org.gradle.internal.work.DefaultConditionalExecutionQueue$ExecutionRunner.runBatch(DefaultConditionalExecutionQueue.java:164)
	at org.gradle.internal.work.DefaultConditionalExecutionQueue$ExecutionRunner.run(DefaultConditionalExecutionQueue.java:133)
	... 2 more


Deprecated Gradle features were used in this build, making it incompatible with Gradle 9.0.

You can use '--warning-mode all' to show the individual deprecation warnings and determine if they come from your own scripts or plugins.

For more on this, please refer to https://docs.gradle.org/8.13/userguide/command_line_interface.html#sec:command_line_warnings in the Gradle documentation.

BUILD FAILED in 10s
34 actionable tasks: 5 executed, 29 up-to-date
2026-03-14T14:51:07.973+0500 [DEBUG] [org.gradle.launcher.daemon.server.exec.ExecuteBuild] The daemon has finished executing the build.
2026-03-14T14:51:07.983+0500 [DEBUG] [org.gradle.launcher.daemon.server.DaemonStateCoordinator] daemon is running. Sleeping until state changes.
2026-03-14T14:51:07.983+0500 [DEBUG] [org.gradle.launcher.daemon.server.DaemonStateCoordinator] Command execution: finished waiting for DaemonCommandExecution[command = Build{id=deaa1f4d-250a-4a83-b72b-4f9e3bf6e36f, currentDir=/Users/user/StudioProjects/Jetpack-compose-}, connection = DefaultDaemonConnection: socket connection from /127.0.0.1:54919 to /127.0.0.1:54920]. Result org.gradle.launcher.daemon.server.DaemonStateCoordinator@3a6128d3 with state Busy
2026-03-14T14:51:07.983+0500 [DEBUG] [org.gradle.launcher.daemon.server.DaemonStateCoordinator] Command execution: completed DaemonCommandExecution[command = Build{id=deaa1f4d-250a-4a83-b72b-4f9e3bf6e36f, currentDir=/Users/user/StudioProjects/Jetpack-compose-}, connection = DefaultDaemonConnection: socket connection from /127.0.0.1:54919 to /127.0.0.1:54920]
2026-03-14T14:51:07.983+0500 [DEBUG] [org.gradle.launcher.daemon.server.DaemonStateCoordinator] resetting idle timer
2026-03-14T14:51:07.983+0500 [INFO] [org.gradle.launcher.daemon.server.DaemonRegistryUpdater] Marking the daemon as idle, address: [e3314c61-88c3-4325-9052-9f15a21f69e7 port:54919, addresses:[localhost/127.0.0.1]]
2026-03-14T14:51:07.983+0500 [DEBUG] [org.gradle.launcher.daemon.registry.PersistentDaemonRegistry] Marking busy by address: [e3314c61-88c3-4325-9052-9f15a21f69e7 port:54919, addresses:[localhost/127.0.0.1]]
2026-03-14T14:51:07.983+0500 [DEBUG] [org.gradle.cache.internal.DefaultFileLockManager] Waiting to acquire exclusive lock on daemon addresses registry.
2026-03-14T14:51:07.983+0500 [DEBUG] [org.gradle.cache.internal.DefaultFileLockManager] Lock acquired on daemon addresses registry.
2026-03-14T14:51:07.984+0500 [DEBUG] [org.gradle.cache.internal.DefaultFileLockManager] Releasing lock on daemon addresses registry.
2026-03-14T14:51:07.984+0500 [DEBUG] [org.gradle.launcher.daemon.server.DaemonStateCoordinator] daemon is running. Sleeping until state changes.
2026-03-14T14:51:07.984+0500 [DEBUG] [org.gradle.launcher.daemon.server.exec.ReturnResult] Daemon is dispatching the build result: Success[value=org.gradle.launcher.exec.BuildActionResult@605a2762]
2026-03-14T14:51:07.984+0500 [DEBUG] [org.gradle.launcher.daemon.server.SynchronizedDispatchConnection] thread 31: dispatching Success[value=org.gradle.launcher.exec.BuildActionResult@605a2762]
2026-03-14T14:51:07.987+0500 [DEBUG] [org.gradle.launcher.daemon.server.exec.CleanUpVirtualFileSystemAfterBuild] Cleaning virtual file system after build finished
2026-03-14T14:51:07.987+0500 [DEBUG] [org.gradle.launcher.daemon.server.DefaultIncomingConnectionHandler] Finishing executing command: Build{id=deaa1f4d-250a-4a83-b72b-4f9e3bf6e36f, currentDir=/Users/user/StudioProjects/Jetpack-compose-}
2026-03-14T14:51:08.024+0500 [DEBUG] [sun.rmi.transport.tcp] RMI RenewClean-[127.0.0.1:17321,org.jetbrains.kotlin.daemon.common.LoopbackNetworkInterface$ClientLoopbackSocketFactory@ac02d7a]: close connection, socket: Socket[addr=localhost/127.0.0.1,port=17321,localport=54937]
2026-03-14T14:51:08.025+0500 [DEBUG] [sun.rmi.client.ref] RMI RenewClean-[127.0.0.1:17321,org.jetbrains.kotlin.daemon.common.LoopbackNetworkInterface$ClientLoopbackSocketFactory@ac02d7a]: get connection
2026-03-14T14:51:08.025+0500 [DEBUG] [sun.rmi.transport.tcp] RMI RenewClean-[127.0.0.1:17321,org.jetbrains.kotlin.daemon.common.LoopbackNetworkInterface$ClientLoopbackSocketFactory@ac02d7a]: create connection
2026-03-14T14:51:08.030+0500 [DEBUG] [sun.rmi.client.ref] RMI RenewClean-[127.0.0.1:17321,org.jetbrains.kotlin.daemon.common.LoopbackNetworkInterface$ClientLoopbackSocketFactory@ac02d7a]: free connection (reuse = true)
2026-03-14T14:51:08.030+0500 [DEBUG] [sun.rmi.transport.tcp] RMI RenewClean-[127.0.0.1:17321,org.jetbrains.kotlin.daemon.common.LoopbackNetworkInterface$ClientLoopbackSocketFactory@ac02d7a]: reuse connection
2026-03-14T14:51:08.031+0500 [DEBUG] [org.gradle.launcher.daemon.server.SynchronizedDispatchConnection] thread 32: received class org.gradle.launcher.daemon.protocol.CloseInput
2026-03-14T14:51:08.032+0500 [DEBUG] [org.gradle.launcher.daemon.server.DefaultDaemonConnection] thread 32: Received IO message from client: org.gradle.launcher.daemon.protocol.CloseInput@3f13a945
2026-03-14T14:51:08.032+0500 [DEBUG] [org.gradle.launcher.daemon.server.SynchronizedDispatchConnection] thread 32: received class org.gradle.launcher.daemon.protocol.Finished
2026-03-14T14:51:08.032+0500 [DEBUG] [org.gradle.launcher.daemon.server.DefaultDaemonConnection] thread 32: Received non-IO message from client: org.gradle.launcher.daemon.protocol.Finished@76a4a6ce
2026-03-14T14:51:08.032+0500 [DEBUG] [org.gradle.launcher.daemon.server.DefaultIncomingConnectionHandler] Received finished message: org.gradle.launcher.daemon.protocol.Finished@76a4a6ce
2026-03-14T14:51:08.033+0500 [DEBUG] [org.gradle.launcher.daemon.server.SynchronizedDispatchConnection] thread 31: stopping connection
2026-03-14T14:51:08.033+0500 [DEBUG] [org.gradle.internal.remote.internal.inet.SocketConnection] Discarding EOFException: java.io.EOFException
2026-03-14T14:51:08.033+0500 [DEBUG] [org.gradle.launcher.daemon.server.SynchronizedDispatchConnection] thread 32: received null
2026-03-14T14:51:08.033+0500 [DEBUG] [org.gradle.launcher.daemon.server.DefaultDaemonConnection] thread 32: Received end-of-input from client.
2026-03-14T14:51:08.034+0500 [DEBUG] [org.gradle.launcher.daemon.server.SynchronizedDispatchConnection] thread 31: stopping connection
2026-03-14T14:51:08.361+0500 [DEBUG] [org.gradle.cache.internal.DefaultFileLockManager] Waiting to acquire shared lock on daemon addresses registry.
2026-03-14T14:51:08.361+0500 [DEBUG] [org.gradle.cache.internal.DefaultFileLockManager] Lock acquired on daemon addresses registry.
2026-03-14T14:51:08.361+0500 [DEBUG] [org.gradle.cache.internal.DefaultFileLockManager] Releasing lock on daemon addresses registry.
2026-03-14T14:51:08.361+0500 [DEBUG] [org.gradle.cache.internal.DefaultFileLockManager] Waiting to acquire shared lock on daemon addresses registry.
2026-03-14T14:51:08.361+0500 [DEBUG] [org.gradle.cache.internal.DefaultFileLockManager] Lock acquired on daemon addresses registry.
2026-03-14T14:51:08.361+0500 [DEBUG] [org.gradle.cache.internal.DefaultFileLockManager] Releasing lock on daemon addresses registry.
2026-03-14T14:51:18.362+0500 [DEBUG] [org.gradle.cache.internal.DefaultFileLockManager] Waiting to acquire shared lock on daemon addresses registry.
2026-03-14T14:51:18.363+0500 [DEBUG] [org.gradle.cache.internal.DefaultFileLockManager] Lock acquired on daemon addresses registry.
2026-03-14T14:51:18.364+0500 [DEBUG] [org.gradle.cache.internal.DefaultFileLockManager] Releasing lock on daemon addresses registry.
2026-03-14T14:51:18.365+0500 [DEBUG] [org.gradle.cache.internal.DefaultFileLockManager] Waiting to acquire shared lock on daemon addresses registry.
2026-03-14T14:51:18.365+0500 [DEBUG] [org.gradle.cache.internal.DefaultFileLockManager] Lock acquired on daemon addresses registry.
2026-03-14T14:51:18.366+0500 [DEBUG] [org.gradle.cache.internal.DefaultFileLockManager] Releasing lock on daemon addresses registry.
2026-03-14T14:51:18.366+0500 [DEBUG] [org.gradle.cache.internal.DefaultFileLockManager] Waiting to acquire shared lock on daemon addresses registry.
2026-03-14T14:51:18.367+0500 [DEBUG] [org.gradle.cache.internal.DefaultFileLockManager] Lock acquired on daemon addresses registry.
2026-03-14T14:51:18.367+0500 [DEBUG] [org.gradle.cache.internal.DefaultFileLockManager] Releasing lock on daemon addresses registry.
2026-03-14T14:51:28.360+0500 [DEBUG] [org.gradle.cache.internal.DefaultFileLockManager] Waiting to acquire shared lock on daemon addresses registry.
2026-03-14T14:51:28.360+0500 [DEBUG] [org.gradle.cache.internal.DefaultFileLockManager] Lock acquired on daemon addresses registry.
2026-03-14T14:51:28.360+0500 [DEBUG] [org.gradle.cache.internal.DefaultFileLockManager] Releasing lock on daemon addresses registry.
2026-03-14T14:51:28.361+0500 [DEBUG] [org.gradle.cache.internal.DefaultFileLockManager] Waiting to acquire shared lock on daemon addresses registry.
2026-03-14T14:51:28.361+0500 [DEBUG] [org.gradle.cache.internal.DefaultFileLockManager] Lock acquired on daemon addresses registry.
2026-03-14T14:51:28.361+0500 [DEBUG] [org.gradle.cache.internal.DefaultFileLockManager] Releasing lock on daemon addresses registry.
2026-03-14T14:51:28.361+0500 [DEBUG] [org.gradle.cache.internal.DefaultFileLockManager] Waiting to acquire shared lock on daemon addresses registry.
2026-03-14T14:51:28.361+0500 [DEBUG] [org.gradle.cache.internal.DefaultFileLockManager] Lock acquired on daemon addresses registry.
2026-03-14T14:51:28.361+0500 [DEBUG] [org.gradle.cache.internal.DefaultFileLockManager] Releasing lock on daemon addresses registry.
2026-03-14T14:51:33.155+0500 [DEBUG] [sun.rmi.transport.tcp] RMI Scheduler(0): close connection, socket: Socket[addr=localhost/127.0.0.1,port=17321,localport=54927]
2026-03-14T14:51:33.156+0500 [DEBUG] [sun.rmi.transport.tcp] RMI Scheduler(0): close connection, socket: Socket[addr=localhost/127.0.0.1,port=17321,localport=54936]
2026-03-14T14:51:33.196+0500 [DEBUG] [sun.rmi.transport.tcp] RMI TCP Connection(3)-127.0.0.1: (port 54929) connection closed
2026-03-14T14:51:33.196+0500 [DEBUG] [sun.rmi.transport.tcp] RMI TCP Connection(3)-127.0.0.1: close connection, socket: Socket[addr=/127.0.0.1,port=54934,localport=54929]
2026-03-14T14:51:33.197+0500 [DEBUG] [sun.rmi.transport.tcp] RMI TCP Connection(3)-127.0.0.1: socket close: Socket[addr=/127.0.0.1,port=54934,localport=54929]
2026-03-14T14:51:35.196+0500 [DEBUG] [sun.rmi.transport.tcp] RMI Scheduler(0): close connection, socket: Socket[addr=localhost/127.0.0.1,port=17321,localport=54935]
2026-03-14T14:51:35.206+0500 [DEBUG] [sun.rmi.transport.tcp] RMI TCP Connection(2)-127.0.0.1: (port 54929) connection closed
2026-03-14T14:51:35.206+0500 [DEBUG] [sun.rmi.transport.tcp] RMI TCP Connection(2)-127.0.0.1: close connection, socket: Socket[addr=/127.0.0.1,port=54932,localport=54929]
2026-03-14T14:51:35.207+0500 [DEBUG] [sun.rmi.transport.tcp] RMI TCP Connection(2)-127.0.0.1: socket close: Socket[addr=/127.0.0.1,port=54932,localport=54929]
2026-03-14T14:51:37.138+0500 [DEBUG] [sun.rmi.transport.tcp] RMI Scheduler(0): close connection, socket: Socket[addr=localhost/127.0.0.1,port=17321,localport=54939]
2026-03-14T14:51:37.149+0500 [DEBUG] [sun.rmi.transport.tcp] RMI TCP Connection(4)-127.0.0.1: (port 54929) connection closed
2026-03-14T14:51:37.150+0500 [DEBUG] [sun.rmi.transport.tcp] RMI TCP Connection(4)-127.0.0.1: close connection, socket: Socket[addr=/127.0.0.1,port=54938,localport=54929]
2026-03-14T14:51:37.151+0500 [DEBUG] [sun.rmi.transport.tcp] RMI TCP Connection(4)-127.0.0.1: socket close: Socket[addr=/127.0.0.1,port=54938,localport=54929]
2026-03-14T14:51:38.361+0500 [DEBUG] [org.gradle.cache.internal.DefaultFileLockManager] Waiting to acquire shared lock on daemon addresses registry.
2026-03-14T14:51:38.362+0500 [DEBUG] [org.gradle.cache.internal.DefaultFileLockManager] Lock acquired on daemon addresses registry.
2026-03-14T14:51:38.362+0500 [DEBUG] [org.gradle.cache.internal.DefaultFileLockManager] Releasing lock on daemon addresses registry.
2026-03-14T14:51:38.363+0500 [DEBUG] [org.gradle.cache.internal.DefaultFileLockManager] Waiting to acquire shared lock on daemon addresses registry.
2026-03-14T14:51:38.364+0500 [DEBUG] [org.gradle.cache.internal.DefaultFileLockManager] Lock acquired on daemon addresses registry.
2026-03-14T14:51:38.364+0500 [DEBUG] [org.gradle.cache.internal.DefaultFileLockManager] Releasing lock on daemon addresses registry.
2026-03-14T14:51:38.364+0500 [DEBUG] [org.gradle.cache.internal.DefaultFileLockManager] Waiting to acquire shared lock on daemon addresses registry.
2026-03-14T14:51:38.364+0500 [DEBUG] [org.gradle.cache.internal.DefaultFileLockManager] Lock acquired on daemon addresses registry.
2026-03-14T14:51:38.365+0500 [DEBUG] [org.gradle.cache.internal.DefaultFileLockManager] Releasing lock on daemon addresses registry.
2026-03-14T14:51:48.359+0500 [DEBUG] [org.gradle.cache.internal.DefaultFileLockManager] Waiting to acquire shared lock on daemon addresses registry.
2026-03-14T14:51:48.360+0500 [DEBUG] [org.gradle.cache.internal.DefaultFileLockManager] Lock acquired on daemon addresses registry.
2026-03-14T14:51:48.361+0500 [DEBUG] [org.gradle.cache.internal.DefaultFileLockManager] Releasing lock on daemon addresses registry.
2026-03-14T14:51:48.362+0500 [DEBUG] [org.gradle.cache.internal.DefaultFileLockManager] Waiting to acquire shared lock on daemon addresses registry.
2026-03-14T14:51:48.362+0500 [DEBUG] [org.gradle.cache.internal.DefaultFileLockManager] Lock acquired on daemon addresses registry.
2026-03-14T14:51:48.362+0500 [DEBUG] [org.gradle.cache.internal.DefaultFileLockManager] Releasing lock on daemon addresses registry.
2026-03-14T14:51:48.362+0500 [DEBUG] [org.gradle.cache.internal.DefaultFileLockManager] Waiting to acquire shared lock on daemon addresses registry.
2026-03-14T14:51:48.363+0500 [DEBUG] [org.gradle.cache.internal.DefaultFileLockManager] Lock acquired on daemon addresses registry.
2026-03-14T14:51:48.363+0500 [DEBUG] [org.gradle.cache.internal.DefaultFileLockManager] Releasing lock on daemon addresses registry.
2026-03-14T14:51:58.358+0500 [DEBUG] [org.gradle.cache.internal.DefaultFileLockManager] Waiting to acquire shared lock on daemon addresses registry.
2026-03-14T14:51:58.358+0500 [DEBUG] [org.gradle.cache.internal.DefaultFileLockManager] Lock acquired on daemon addresses registry.
2026-03-14T14:51:58.358+0500 [DEBUG] [org.gradle.cache.internal.DefaultFileLockManager] Releasing lock on daemon addresses registry.
2026-03-14T14:51:58.359+0500 [DEBUG] [org.gradle.cache.internal.DefaultFileLockManager] Waiting to acquire shared lock on daemon addresses registry.
2026-03-14T14:51:58.359+0500 [DEBUG] [org.gradle.cache.internal.DefaultFileLockManager] Lock acquired on daemon addresses registry.
2026-03-14T14:51:58.359+0500 [DEBUG] [org.gradle.cache.internal.DefaultFileLockManager] Releasing lock on daemon addresses registry.
2026-03-14T14:51:58.359+0500 [DEBUG] [org.gradle.cache.internal.DefaultFileLockManager] Waiting to acquire shared lock on daemon addresses registry.
2026-03-14T14:51:58.359+0500 [DEBUG] [org.gradle.cache.internal.DefaultFileLockManager] Lock acquired on daemon addresses registry.
2026-03-14T14:51:58.359+0500 [DEBUG] [org.gradle.cache.internal.DefaultFileLockManager] Releasing lock on daemon addresses registry.
2026-03-14T14:52:08.360+0500 [DEBUG] [org.gradle.cache.internal.DefaultFileLockManager] Waiting to acquire shared lock on daemon addresses registry.
2026-03-14T14:52:08.362+0500 [DEBUG] [org.gradle.cache.internal.DefaultFileLockManager] Lock acquired on daemon addresses registry.
2026-03-14T14:52:08.363+0500 [DEBUG] [org.gradle.cache.internal.DefaultFileLockManager] Releasing lock on daemon addresses registry.
2026-03-14T14:52:08.364+0500 [DEBUG] [org.gradle.cache.internal.DefaultFileLockManager] Waiting to acquire shared lock on daemon addresses registry.
2026-03-14T14:52:08.364+0500 [DEBUG] [org.gradle.cache.internal.DefaultFileLockManager] Lock acquired on daemon addresses registry.
2026-03-14T14:52:08.364+0500 [DEBUG] [org.gradle.cache.internal.DefaultFileLockManager] Releasing lock on daemon addresses registry.
2026-03-14T14:52:08.365+0500 [DEBUG] [org.gradle.cache.internal.DefaultFileLockManager] Waiting to acquire shared lock on daemon addresses registry.
2026-03-14T14:52:08.365+0500 [DEBUG] [org.gradle.cache.internal.DefaultFileLockManager] Lock acquired on daemon addresses registry.
2026-03-14T14:52:08.365+0500 [DEBUG] [org.gradle.cache.internal.DefaultFileLockManager] Releasing lock on daemon addresses registry.
2026-03-14T14:52:18.360+0500 [DEBUG] [org.gradle.cache.internal.DefaultFileLockManager] Waiting to acquire shared lock on daemon addresses registry.
2026-03-14T14:52:18.362+0500 [DEBUG] [org.gradle.cache.internal.DefaultFileLockManager] Lock acquired on daemon addresses registry.
2026-03-14T14:52:18.363+0500 [DEBUG] [org.gradle.cache.internal.DefaultFileLockManager] Releasing lock on daemon addresses registry.
2026-03-14T14:52:18.363+0500 [DEBUG] [org.gradle.cache.internal.DefaultFileLockManager] Waiting to acquire shared lock on daemon addresses registry.
2026-03-14T14:52:18.364+0500 [DEBUG] [org.gradle.cache.internal.DefaultFileLockManager] Lock acquired on daemon addresses registry.
2026-03-14T14:52:18.364+0500 [DEBUG] [org.gradle.cache.internal.DefaultFileLockManager] Releasing lock on daemon addresses registry.
2026-03-14T14:52:18.364+0500 [DEBUG] [org.gradle.cache.internal.DefaultFileLockManager] Waiting to acquire shared lock on daemon addresses registry.
2026-03-14T14:52:18.364+0500 [DEBUG] [org.gradle.cache.internal.DefaultFileLockManager] Lock acquired on daemon addresses registry.
2026-03-14T14:52:18.364+0500 [DEBUG] [org.gradle.cache.internal.DefaultFileLockManager] Releasing lock on daemon addresses registry.
2026-03-14T14:52:28.359+0500 [DEBUG] [org.gradle.cache.internal.DefaultFileLockManager] Waiting to acquire shared lock on daemon addresses registry.
2026-03-14T14:52:28.361+0500 [DEBUG] [org.gradle.cache.internal.DefaultFileLockManager] Lock acquired on daemon addresses registry.
2026-03-14T14:52:28.361+0500 [DEBUG] [org.gradle.cache.internal.DefaultFileLockManager] Releasing lock on daemon addresses registry.
2026-03-14T14:52:28.362+0500 [DEBUG] [org.gradle.cache.internal.DefaultFileLockManager] Waiting to acquire shared lock on daemon addresses registry.
2026-03-14T14:52:28.362+0500 [DEBUG] [org.gradle.cache.internal.DefaultFileLockManager] Lock acquired on daemon addresses registry.
2026-03-14T14:52:28.362+0500 [DEBUG] [org.gradle.cache.internal.DefaultFileLockManager] Releasing lock on daemon addresses registry.
2026-03-14T14:52:28.362+0500 [DEBUG] [org.gradle.cache.internal.DefaultFileLockManager] Waiting to acquire shared lock on daemon addresses registry.
2026-03-14T14:52:28.363+0500 [DEBUG] [org.gradle.cache.internal.DefaultFileLockManager] Lock acquired on daemon addresses registry.
2026-03-14T14:52:28.363+0500 [DEBUG] [org.gradle.cache.internal.DefaultFileLockManager] Releasing lock on daemon addresses registry.
2026-03-14T14:52:38.358+0500 [DEBUG] [org.gradle.cache.internal.DefaultFileLockManager] Waiting to acquire shared lock on daemon addresses registry.
2026-03-14T14:52:38.360+0500 [DEBUG] [org.gradle.cache.internal.DefaultFileLockManager] Lock acquired on daemon addresses registry.
2026-03-14T14:52:38.360+0500 [DEBUG] [org.gradle.cache.internal.DefaultFileLockManager] Releasing lock on daemon addresses registry.
2026-03-14T14:52:38.361+0500 [DEBUG] [org.gradle.cache.internal.DefaultFileLockManager] Waiting to acquire shared lock on daemon addresses registry.
2026-03-14T14:52:38.362+0500 [DEBUG] [org.gradle.cache.internal.DefaultFileLockManager] Lock acquired on daemon addresses registry.
2026-03-14T14:52:38.362+0500 [DEBUG] [org.gradle.cache.internal.DefaultFileLockManager] Releasing lock on daemon addresses registry.
2026-03-14T14:52:38.362+0500 [DEBUG] [org.gradle.cache.internal.DefaultFileLockManager] Waiting to acquire shared lock on daemon addresses registry.
2026-03-14T14:52:38.362+0500 [DEBUG] [org.gradle.cache.internal.DefaultFileLockManager] Lock acquired on daemon addresses registry.
2026-03-14T14:52:38.363+0500 [DEBUG] [org.gradle.cache.internal.DefaultFileLockManager] Releasing lock on daemon addresses registry.
2026-03-14T14:52:48.357+0500 [DEBUG] [org.gradle.cache.internal.DefaultFileLockManager] Waiting to acquire shared lock on daemon addresses registry.
2026-03-14T14:52:48.358+0500 [DEBUG] [org.gradle.cache.internal.DefaultFileLockManager] Lock acquired on daemon addresses registry.
2026-03-14T14:52:48.359+0500 [DEBUG] [org.gradle.cache.internal.DefaultFileLockManager] Releasing lock on daemon addresses registry.
2026-03-14T14:52:48.360+0500 [DEBUG] [org.gradle.cache.internal.DefaultFileLockManager] Waiting to acquire shared lock on daemon addresses registry.
2026-03-14T14:52:48.360+0500 [DEBUG] [org.gradle.cache.internal.DefaultFileLockManager] Lock acquired on daemon addresses registry.
2026-03-14T14:52:48.361+0500 [DEBUG] [org.gradle.cache.internal.DefaultFileLockManager] Releasing lock on daemon addresses registry.
2026-03-14T14:52:48.361+0500 [DEBUG] [org.gradle.cache.internal.DefaultFileLockManager] Waiting to acquire shared lock on daemon addresses registry.
2026-03-14T14:52:48.361+0500 [DEBUG] [org.gradle.cache.internal.DefaultFileLockManager] Lock acquired on daemon addresses registry.
2026-03-14T14:52:48.362+0500 [DEBUG] [org.gradle.cache.internal.DefaultFileLockManager] Releasing lock on daemon addresses registry.
2026-03-14T14:52:58.357+0500 [DEBUG] [org.gradle.cache.internal.DefaultFileLockManager] Waiting to acquire shared lock on daemon addresses registry.
2026-03-14T14:52:58.358+0500 [DEBUG] [org.gradle.cache.internal.DefaultFileLockManager] Lock acquired on daemon addresses registry.
2026-03-14T14:52:58.358+0500 [DEBUG] [org.gradle.cache.internal.DefaultFileLockManager] Releasing lock on daemon addresses registry.
2026-03-14T14:52:58.359+0500 [DEBUG] [org.gradle.cache.internal.DefaultFileLockManager] Waiting to acquire shared lock on daemon addresses registry.
2026-03-14T14:52:58.359+0500 [DEBUG] [org.gradle.cache.internal.DefaultFileLockManager] Lock acquired on daemon addresses registry.
2026-03-14T14:52:58.360+0500 [DEBUG] [org.gradle.cache.internal.DefaultFileLockManager] Releasing lock on daemon addresses registry.
2026-03-14T14:52:58.360+0500 [DEBUG] [org.gradle.cache.internal.DefaultFileLockManager] Waiting to acquire shared lock on daemon addresses registry.
2026-03-14T14:52:58.360+0500 [DEBUG] [org.gradle.cache.internal.DefaultFileLockManager] Lock acquired on daemon addresses registry.
2026-03-14T14:52:58.360+0500 [DEBUG] [org.gradle.cache.internal.DefaultFileLockManager] Releasing lock on daemon addresses registry.
2026-03-14T14:53:08.359+0500 [DEBUG] [org.gradle.cache.internal.DefaultFileLockManager] Waiting to acquire shared lock on daemon addresses registry.
2026-03-14T14:53:08.361+0500 [DEBUG] [org.gradle.cache.internal.DefaultFileLockManager] Lock acquired on daemon addresses registry.
2026-03-14T14:53:08.361+0500 [DEBUG] [org.gradle.cache.internal.DefaultFileLockManager] Releasing lock on daemon addresses registry.
2026-03-14T14:53:08.365+0500 [DEBUG] [org.gradle.cache.internal.DefaultFileLockManager] Waiting to acquire shared lock on daemon addresses registry.
2026-03-14T14:53:08.365+0500 [DEBUG] [org.gradle.cache.internal.DefaultFileLockManager] Lock acquired on daemon addresses registry.
2026-03-14T14:53:08.365+0500 [DEBUG] [org.gradle.cache.internal.DefaultFileLockManager] Releasing lock on daemon addresses registry.
2026-03-14T14:53:08.365+0500 [DEBUG] [org.gradle.cache.internal.DefaultFileLockManager] Waiting to acquire shared lock on daemon addresses registry.
2026-03-14T14:53:08.365+0500 [DEBUG] [org.gradle.cache.internal.DefaultFileLockManager] Lock acquired on daemon addresses registry.
2026-03-14T14:53:08.365+0500 [DEBUG] [org.gradle.cache.internal.DefaultFileLockManager] Releasing lock on daemon addresses registry.
2026-03-14T14:53:18.353+0500 [DEBUG] [org.gradle.cache.internal.DefaultFileLockManager] Waiting to acquire shared lock on daemon addresses registry.
2026-03-14T14:53:18.354+0500 [DEBUG] [org.gradle.cache.internal.DefaultFileLockManager] Lock acquired on daemon addresses registry.
2026-03-14T14:53:18.355+0500 [DEBUG] [org.gradle.cache.internal.DefaultFileLockManager] Releasing lock on daemon addresses registry.
2026-03-14T14:53:18.355+0500 [DEBUG] [org.gradle.cache.internal.DefaultFileLockManager] Waiting to acquire shared lock on daemon addresses registry.
2026-03-14T14:53:18.355+0500 [DEBUG] [org.gradle.cache.internal.DefaultFileLockManager] Lock acquired on daemon addresses registry.
2026-03-14T14:53:18.355+0500 [DEBUG] [org.gradle.cache.internal.DefaultFileLockManager] Releasing lock on daemon addresses registry.
2026-03-14T14:53:18.355+0500 [DEBUG] [org.gradle.cache.internal.DefaultFileLockManager] Waiting to acquire shared lock on daemon addresses registry.
2026-03-14T14:53:18.356+0500 [DEBUG] [org.gradle.cache.internal.DefaultFileLockManager] Lock acquired on daemon addresses registry.
2026-03-14T14:53:18.356+0500 [DEBUG] [org.gradle.cache.internal.DefaultFileLockManager] Releasing lock on daemon addresses registry.
2026-03-14T14:53:28.360+0500 [DEBUG] [org.gradle.cache.internal.DefaultFileLockManager] Waiting to acquire shared lock on daemon addresses registry.
2026-03-14T14:53:28.363+0500 [DEBUG] [org.gradle.cache.internal.DefaultFileLockManager] Lock acquired on daemon addresses registry.
2026-03-14T14:53:28.364+0500 [DEBUG] [org.gradle.cache.internal.DefaultFileLockManager] Releasing lock on daemon addresses registry.
2026-03-14T14:53:28.364+0500 [DEBUG] [org.gradle.cache.internal.DefaultFileLockManager] Waiting to acquire shared lock on daemon addresses registry.
2026-03-14T14:53:28.364+0500 [DEBUG] [org.gradle.cache.internal.DefaultFileLockManager] Lock acquired on daemon addresses registry.
2026-03-14T14:53:28.365+0500 [DEBUG] [org.gradle.cache.internal.DefaultFileLockManager] Releasing lock on daemon addresses registry.
2026-03-14T14:53:28.365+0500 [DEBUG] [org.gradle.cache.internal.DefaultFileLockManager] Waiting to acquire shared lock on daemon addresses registry.
2026-03-14T14:53:28.365+0500 [DEBUG] [org.gradle.cache.internal.DefaultFileLockManager] Lock acquired on daemon addresses registry.
2026-03-14T14:53:28.365+0500 [DEBUG] [org.gradle.cache.internal.DefaultFileLockManager] Releasing lock on daemon addresses registry.
2026-03-14T14:53:36.837+0500 [DEBUG] [org.gradle.internal.watch.vfs.impl.WatchingVirtualFileSystem] Handling VFS change MODIFIED /Users/user/StudioProjects/Jetpack-compose-/app/src/main/java/data/screens/AnimeEpisodesList.kt
2026-03-14T14:53:38.359+0500 [DEBUG] [org.gradle.cache.internal.DefaultFileLockManager] Waiting to acquire shared lock on daemon addresses registry.
2026-03-14T14:53:38.360+0500 [DEBUG] [org.gradle.cache.internal.DefaultFileLockManager] Lock acquired on daemon addresses registry.
2026-03-14T14:53:38.361+0500 [DEBUG] [org.gradle.cache.internal.DefaultFileLockManager] Releasing lock on daemon addresses registry.
2026-03-14T14:53:38.366+0500 [DEBUG] [org.gradle.cache.internal.DefaultFileLockManager] Waiting to acquire shared lock on daemon addresses registry.
2026-03-14T14:53:38.367+0500 [DEBUG] [org.gradle.cache.internal.DefaultFileLockManager] Lock acquired on daemon addresses registry.
2026-03-14T14:53:38.368+0500 [DEBUG] [org.gradle.cache.internal.DefaultFileLockManager] Releasing lock on daemon addresses registry.
2026-03-14T14:53:38.370+0500 [DEBUG] [org.gradle.cache.internal.DefaultFileLockManager] Waiting to acquire shared lock on daemon addresses registry.
2026-03-14T14:53:38.371+0500 [DEBUG] [org.gradle.cache.internal.DefaultFileLockManager] Lock acquired on daemon addresses registry.
2026-03-14T14:53:38.371+0500 [DEBUG] [org.gradle.cache.internal.DefaultFileLockManager] Releasing lock on daemon addresses registry.
2026-03-14T14:53:48.357+0500 [DEBUG] [org.gradle.cache.internal.DefaultFileLockManager] Waiting to acquire shared lock on daemon addresses registry.
2026-03-14T14:53:48.358+0500 [DEBUG] [org.gradle.cache.internal.DefaultFileLockManager] Lock acquired on daemon addresses registry.
2026-03-14T14:53:48.359+0500 [DEBUG] [org.gradle.cache.internal.DefaultFileLockManager] Releasing lock on daemon addresses registry.
2026-03-14T14:53:48.360+0500 [DEBUG] [org.gradle.cache.internal.DefaultFileLockManager] Waiting to acquire shared lock on daemon addresses registry.
2026-03-14T14:53:48.360+0500 [DEBUG] [org.gradle.cache.internal.DefaultFileLockManager] Lock acquired on daemon addresses registry.
2026-03-14T14:53:48.361+0500 [DEBUG] [org.gradle.cache.internal.DefaultFileLockManager] Releasing lock on daemon addresses registry.
2026-03-14T14:53:48.361+0500 [DEBUG] [org.gradle.cache.internal.DefaultFileLockManager] Waiting to acquire shared lock on daemon addresses registry.
2026-03-14T14:53:48.361+0500 [DEBUG] [org.gradle.cache.internal.DefaultFileLockManager] Lock acquired on daemon addresses registry.
2026-03-14T14:53:48.362+0500 [DEBUG] [org.gradle.cache.internal.DefaultFileLockManager] Releasing lock on daemon addresses registry.
2026-03-14T14:53:58.356+0500 [DEBUG] [org.gradle.cache.internal.DefaultFileLockManager] Waiting to acquire shared lock on daemon addresses registry.
2026-03-14T14:53:58.356+0500 [DEBUG] [org.gradle.cache.internal.DefaultFileLockManager] Lock acquired on daemon addresses registry.
2026-03-14T14:53:58.357+0500 [DEBUG] [org.gradle.cache.internal.DefaultFileLockManager] Releasing lock on daemon addresses registry.
2026-03-14T14:53:58.357+0500 [DEBUG] [org.gradle.cache.internal.DefaultFileLockManager] Waiting to acquire shared lock on daemon addresses registry.
2026-03-14T14:53:58.358+0500 [DEBUG] [org.gradle.cache.internal.DefaultFileLockManager] Lock acquired on daemon addresses registry.
2026-03-14T14:53:58.358+0500 [DEBUG] [org.gradle.cache.internal.DefaultFileLockManager] Releasing lock on daemon addresses registry.
2026-03-14T14:53:58.358+0500 [DEBUG] [org.gradle.cache.internal.DefaultFileLockManager] Waiting to acquire shared lock on daemon addresses registry.
2026-03-14T14:53:58.359+0500 [DEBUG] [org.gradle.cache.internal.DefaultFileLockManager] Lock acquired on daemon addresses registry.
2026-03-14T14:53:58.359+0500 [DEBUG] [org.gradle.cache.internal.DefaultFileLockManager] Releasing lock on daemon addresses registry.
2026-03-14T14:54:08.356+0500 [DEBUG] [org.gradle.cache.internal.DefaultFileLockManager] Waiting to acquire shared lock on daemon addresses registry.
2026-03-14T14:54:08.357+0500 [DEBUG] [org.gradle.cache.internal.DefaultFileLockManager] Lock acquired on daemon addresses registry.
2026-03-14T14:54:08.357+0500 [DEBUG] [org.gradle.cache.internal.DefaultFileLockManager] Releasing lock on daemon addresses registry.
2026-03-14T14:54:08.358+0500 [DEBUG] [org.gradle.cache.internal.DefaultFileLockManager] Waiting to acquire shared lock on daemon addresses registry.
2026-03-14T14:54:08.359+0500 [DEBUG] [org.gradle.cache.internal.DefaultFileLockManager] Lock acquired on daemon addresses registry.
2026-03-14T14:54:08.359+0500 [DEBUG] [org.gradle.cache.internal.DefaultFileLockManager] Releasing lock on daemon addresses registry.
2026-03-14T14:54:08.359+0500 [DEBUG] [org.gradle.cache.internal.DefaultFileLockManager] Waiting to acquire shared lock on daemon addresses registry.
2026-03-14T14:54:08.360+0500 [DEBUG] [org.gradle.cache.internal.DefaultFileLockManager] Lock acquired on daemon addresses registry.
2026-03-14T14:54:08.360+0500 [DEBUG] [org.gradle.cache.internal.DefaultFileLockManager] Releasing lock on daemon addresses registry.
2026-03-14T14:54:18.356+0500 [DEBUG] [org.gradle.cache.internal.DefaultFileLockManager] Waiting to acquire shared lock on daemon addresses registry.
2026-03-14T14:54:18.358+0500 [DEBUG] [org.gradle.cache.internal.DefaultFileLockManager] Lock acquired on daemon addresses registry.
2026-03-14T14:54:18.359+0500 [DEBUG] [org.gradle.cache.internal.DefaultFileLockManager] Releasing lock on daemon addresses registry.
2026-03-14T14:54:18.359+0500 [DEBUG] [org.gradle.cache.internal.DefaultFileLockManager] Waiting to acquire shared lock on daemon addresses registry.
2026-03-14T14:54:18.360+0500 [DEBUG] [org.gradle.cache.internal.DefaultFileLockManager] Lock acquired on daemon addresses registry.
2026-03-14T14:54:18.360+0500 [DEBUG] [org.gradle.cache.internal.DefaultFileLockManager] Releasing lock on daemon addresses registry.
2026-03-14T14:54:18.360+0500 [DEBUG] [org.gradle.cache.internal.DefaultFileLockManager] Waiting to acquire shared lock on daemon addresses registry.
2026-03-14T14:54:18.361+0500 [DEBUG] [org.gradle.cache.internal.DefaultFileLockManager] Lock acquired on daemon addresses registry.
2026-03-14T14:54:18.361+0500 [DEBUG] [org.gradle.cache.internal.DefaultFileLockManager] Releasing lock on daemon addresses registry.
2026-03-14T14:54:28.352+0500 [DEBUG] [org.gradle.cache.internal.DefaultFileLockManager] Waiting to acquire shared lock on daemon addresses registry.
2026-03-14T14:54:28.353+0500 [DEBUG] [org.gradle.cache.internal.DefaultFileLockManager] Lock acquired on daemon addresses registry.
2026-03-14T14:54:28.353+0500 [DEBUG] [org.gradle.cache.internal.DefaultFileLockManager] Releasing lock on daemon addresses registry.
2026-03-14T14:54:28.354+0500 [DEBUG] [org.gradle.cache.internal.DefaultFileLockManager] Waiting to acquire shared lock on daemon addresses registry.
2026-03-14T14:54:28.354+0500 [DEBUG] [org.gradle.cache.internal.DefaultFileLockManager] Lock acquired on daemon addresses registry.
2026-03-14T14:54:28.355+0500 [DEBUG] [org.gradle.cache.internal.DefaultFileLockManager] Releasing lock on daemon addresses registry.
2026-03-14T14:54:28.355+0500 [DEBUG] [org.gradle.cache.internal.DefaultFileLockManager] Waiting to acquire shared lock on daemon addresses registry.
2026-03-14T14:54:28.355+0500 [DEBUG] [org.gradle.cache.internal.DefaultFileLockManager] Lock acquired on daemon addresses registry.
2026-03-14T14:54:28.355+0500 [DEBUG] [org.gradle.cache.internal.DefaultFileLockManager] Releasing lock on daemon addresses registry.
2026-03-14T14:54:28.999+0500 [DEBUG] [org.gradle.internal.remote.internal.inet.TcpIncomingConnector] Accepted connection from /127.0.0.1:55121 to /127.0.0.1:54919.
2026-03-14T14:54:29.002+0500 [DEBUG] [org.gradle.launcher.daemon.server.SynchronizedDispatchConnection] thread 197: received class org.gradle.launcher.daemon.protocol.Build
2026-03-14T14:54:29.002+0500 [DEBUG] [org.gradle.launcher.daemon.server.DefaultDaemonConnection] thread 197: Received non-IO message from client: Build{id=20855e04-6fdc-4947-b393-92319b2c9432, currentDir=/Users/user/StudioProjects/Jetpack-compose-}
2026-03-14T14:54:29.002+0500 [INFO] [org.gradle.launcher.daemon.server.DefaultIncomingConnectionHandler] Received command: Build{id=20855e04-6fdc-4947-b393-92319b2c9432, currentDir=/Users/user/StudioProjects/Jetpack-compose-}.
2026-03-14T14:54:29.002+0500 [DEBUG] [org.gradle.launcher.daemon.server.DefaultIncomingConnectionHandler] Starting executing command: Build{id=20855e04-6fdc-4947-b393-92319b2c9432, currentDir=/Users/user/StudioProjects/Jetpack-compose-} with connection: socket connection from /127.0.0.1:54919 to /127.0.0.1:55121.
2026-03-14T14:54:29.003+0500 [DEBUG] [org.gradle.launcher.daemon.server.DaemonStateCoordinator] Command execution: started DaemonCommandExecution[command = Build{id=20855e04-6fdc-4947-b393-92319b2c9432, currentDir=/Users/user/StudioProjects/Jetpack-compose-}, connection = DefaultDaemonConnection: socket connection from /127.0.0.1:54919 to /127.0.0.1:55121] after 3.3503833333333333 minutes of idle
2026-03-14T14:54:29.003+0500 [INFO] [org.gradle.launcher.daemon.server.DaemonRegistryUpdater] Marking the daemon as busy, address: [e3314c61-88c3-4325-9052-9f15a21f69e7 port:54919, addresses:[localhost/127.0.0.1]]
2026-03-14T14:54:29.003+0500 [DEBUG] [org.gradle.launcher.daemon.registry.PersistentDaemonRegistry] Marking busy by address: [e3314c61-88c3-4325-9052-9f15a21f69e7 port:54919, addresses:[localhost/127.0.0.1]]
2026-03-14T14:54:29.004+0500 [DEBUG] [org.gradle.cache.internal.DefaultFileLockManager] Waiting to acquire exclusive lock on daemon addresses registry.
2026-03-14T14:54:29.004+0500 [DEBUG] [org.gradle.cache.internal.DefaultFileLockManager] Lock acquired on daemon addresses registry.
2026-03-14T14:54:29.005+0500 [DEBUG] [org.gradle.cache.internal.DefaultFileLockManager] Releasing lock on daemon addresses registry.
2026-03-14T14:54:29.005+0500 [DEBUG] [org.gradle.launcher.daemon.server.DaemonStateCoordinator] resetting idle timer
2026-03-14T14:54:29.005+0500 [DEBUG] [org.gradle.launcher.daemon.server.DaemonStateCoordinator] daemon is running. Sleeping until state changes.
2026-03-14T14:54:29.005+0500 [INFO] [org.gradle.launcher.daemon.server.exec.StartBuildOrRespondWithBusy] Daemon is about to start building Build{id=20855e04-6fdc-4947-b393-92319b2c9432, currentDir=/Users/user/StudioProjects/Jetpack-compose-}. Dispatching build started information...
2026-03-14T14:54:29.005+0500 [DEBUG] [org.gradle.launcher.daemon.server.SynchronizedDispatchConnection] thread 199: dispatching org.gradle.launcher.daemon.protocol.BuildStarted@58d4deaa
2026-03-14T14:54:29.005+0500 [DEBUG] [org.gradle.launcher.daemon.server.exec.EstablishBuildEnvironment] Configuring env variables: [PATH, __CFBundleIdentifier, SHELL, JAVA_HOME, OLDPWD, USER, COMMAND_MODE, TMPDIR, SSH_AUTH_SOCK, XPC_FLAGS, __CF_USER_TEXT_ENCODING, LOGNAME, LC_CTYPE, XPC_SERVICE_NAME, HOME]
2026-03-14T14:54:29.006+0500 [DEBUG] [org.gradle.launcher.daemon.server.exec.LogToClient] About to start relaying all logs to the client via the connection.
2026-03-14T14:54:29.006+0500 [INFO] [org.gradle.launcher.daemon.server.exec.LogToClient] The client will now receive all logging from the daemon (pid: 75549). The daemon log file: /Users/user/StudioProjects/Jetpack-compose-/gradle/wrapper/daemon/8.13/daemon-75549.out.log
2026-03-14T14:54:29.009+0500 [INFO] [org.gradle.launcher.daemon.server.exec.LogAndCheckHealth] Starting 2nd build in daemon [uptime: 3 mins 30.747 secs, performance: 99%, GC rate: 0.00/s, heap usage: 1% of 2 GiB]
2026-03-14T14:54:29.009+0500 [DEBUG] [org.gradle.launcher.daemon.server.exec.ExecuteBuild] The daemon has started executing the build.
2026-03-14T14:54:29.009+0500 [DEBUG] [org.gradle.launcher.daemon.server.exec.ExecuteBuild] Executing build with daemon context: DefaultDaemonContext[uid=be09e351-5b6f-4876-83a1-c7b09c2203fc,javaHome=/Library/Java/JavaVirtualMachines/temurin-21.jdk/Contents/Home,javaVersion=21,javaVendor=Eclipse Adoptium,daemonRegistryDir=/Users/user/StudioProjects/Jetpack-compose-/gradle/wrapper/daemon,pid=75549,idleTimeout=10800000,priority=NORMAL,applyInstrumentationAgent=true,nativeServicesMode=ENABLED,daemonOpts=-Xmx2048m,-Dfile.encoding=UTF-8,-Duser.country=UZ,-Duser.language=ru,-Duser.variant]
w: file:///Users/user/StudioProjects/Jetpack-compose-/app/src/main/java/data/viewModel/server/EpisodeListViewModel.kt:99:72 Elvis operator (?:) always returns the left operand of non-nullable type Int
w: file:///Users/user/StudioProjects/Jetpack-compose-/app/src/main/java/data/viewModel/server/EpisodeListViewModel.kt:100:66 Elvis operator (?:) always returns the left operand of non-nullable type Boolean

[Incubating] Problems report is available at: file:///Users/user/StudioProjects/Jetpack-compose-/build/reports/problems/problems-report.html

Deprecated Gradle features were used in this build, making it incompatible with Gradle 9.0.

You can use '--warning-mode all' to show the individual deprecation warnings and determine if they come from your own scripts or plugins.

For more on this, please refer to https://docs.gradle.org/8.13/userguide/command_line_interface.html#sec:command_line_warnings in the Gradle documentation.

BUILD SUCCESSFUL in 6s
45 actionable tasks: 11 executed, 34 up-to-date
2026-03-14T14:54:35.345+0500 [DEBUG] [org.gradle.launcher.daemon.server.exec.ExecuteBuild] The daemon has finished executing the build.
2026-03-14T14:54:35.358+0500 [DEBUG] [org.gradle.launcher.daemon.server.DaemonStateCoordinator] daemon is running. Sleeping until state changes.
2026-03-14T14:54:35.359+0500 [DEBUG] [org.gradle.launcher.daemon.server.DaemonStateCoordinator] Command execution: finished waiting for DaemonCommandExecution[command = Build{id=20855e04-6fdc-4947-b393-92319b2c9432, currentDir=/Users/user/StudioProjects/Jetpack-compose-}, connection = DefaultDaemonConnection: socket connection from /127.0.0.1:54919 to /127.0.0.1:55121]. Result org.gradle.launcher.daemon.server.DaemonStateCoordinator@3a6128d3 with state Busy
2026-03-14T14:54:35.359+0500 [DEBUG] [org.gradle.launcher.daemon.server.DaemonStateCoordinator] Command execution: completed DaemonCommandExecution[command = Build{id=20855e04-6fdc-4947-b393-92319b2c9432, currentDir=/Users/user/StudioProjects/Jetpack-compose-}, connection = DefaultDaemonConnection: socket connection from /127.0.0.1:54919 to /127.0.0.1:55121]
2026-03-14T14:54:35.359+0500 [DEBUG] [org.gradle.launcher.daemon.server.DaemonStateCoordinator] resetting idle timer
2026-03-14T14:54:35.360+0500 [INFO] [org.gradle.launcher.daemon.server.DaemonRegistryUpdater] Marking the daemon as idle, address: [e3314c61-88c3-4325-9052-9f15a21f69e7 port:54919, addresses:[localhost/127.0.0.1]]
2026-03-14T14:54:35.360+0500 [DEBUG] [org.gradle.launcher.daemon.registry.PersistentDaemonRegistry] Marking busy by address: [e3314c61-88c3-4325-9052-9f15a21f69e7 port:54919, addresses:[localhost/127.0.0.1]]
2026-03-14T14:54:35.361+0500 [DEBUG] [org.gradle.cache.internal.DefaultFileLockManager] Waiting to acquire exclusive lock on daemon addresses registry.
2026-03-14T14:54:35.361+0500 [DEBUG] [org.gradle.cache.internal.DefaultFileLockManager] Lock acquired on daemon addresses registry.
2026-03-14T14:54:35.362+0500 [DEBUG] [org.gradle.cache.internal.DefaultFileLockManager] Releasing lock on daemon addresses registry.
2026-03-14T14:54:35.363+0500 [DEBUG] [org.gradle.launcher.daemon.server.exec.ReturnResult] Daemon is dispatching the build result: Success[value=org.gradle.launcher.exec.BuildActionResult@a3a164e]
2026-03-14T14:54:35.363+0500 [DEBUG] [org.gradle.launcher.daemon.server.SynchronizedDispatchConnection] thread 196: dispatching Success[value=org.gradle.launcher.exec.BuildActionResult@a3a164e]
2026-03-14T14:54:35.363+0500 [DEBUG] [org.gradle.launcher.daemon.server.DaemonStateCoordinator] daemon is running. Sleeping until state changes.
2026-03-14T14:54:35.364+0500 [DEBUG] [org.gradle.launcher.daemon.server.exec.CleanUpVirtualFileSystemAfterBuild] Cleaning virtual file system after build finished
2026-03-14T14:54:35.364+0500 [DEBUG] [org.gradle.launcher.daemon.server.DefaultIncomingConnectionHandler] Finishing executing command: Build{id=20855e04-6fdc-4947-b393-92319b2c9432, currentDir=/Users/user/StudioProjects/Jetpack-compose-}
2026-03-14T14:54:35.365+0500 [DEBUG] [org.gradle.launcher.daemon.server.SynchronizedDispatchConnection] thread 197: received class org.gradle.launcher.daemon.protocol.CloseInput
2026-03-14T14:54:35.366+0500 [DEBUG] [org.gradle.launcher.daemon.server.DefaultDaemonConnection] thread 197: Received IO message from client: org.gradle.launcher.daemon.protocol.CloseInput@44aa192f
2026-03-14T14:54:35.366+0500 [DEBUG] [org.gradle.launcher.daemon.server.SynchronizedDispatchConnection] thread 197: received class org.gradle.launcher.daemon.protocol.Finished
2026-03-14T14:54:35.366+0500 [DEBUG] [org.gradle.launcher.daemon.server.DefaultDaemonConnection] thread 197: Received non-IO message from client: org.gradle.launcher.daemon.protocol.Finished@4a6defca
2026-03-14T14:54:35.366+0500 [DEBUG] [org.gradle.internal.remote.internal.inet.SocketConnection] Discarding EOFException: java.io.EOFException
2026-03-14T14:54:35.366+0500 [DEBUG] [org.gradle.launcher.daemon.server.SynchronizedDispatchConnection] thread 197: received null
2026-03-14T14:54:35.366+0500 [DEBUG] [org.gradle.launcher.daemon.server.DefaultDaemonConnection] thread 197: Received end-of-input from client.
2026-03-14T14:54:35.366+0500 [DEBUG] [org.gradle.launcher.daemon.server.DefaultIncomingConnectionHandler] Received finished message: org.gradle.launcher.daemon.protocol.Finished@4a6defca
2026-03-14T14:54:35.367+0500 [DEBUG] [org.gradle.launcher.daemon.server.SynchronizedDispatchConnection] thread 196: stopping connection
2026-03-14T14:54:35.373+0500 [DEBUG] [org.gradle.launcher.daemon.server.SynchronizedDispatchConnection] thread 196: stopping connection
2026-03-14T14:54:38.356+0500 [DEBUG] [org.gradle.cache.internal.DefaultFileLockManager] Waiting to acquire shared lock on daemon addresses registry.
2026-03-14T14:54:38.358+0500 [DEBUG] [org.gradle.cache.internal.DefaultFileLockManager] Lock acquired on daemon addresses registry.
2026-03-14T14:54:38.358+0500 [DEBUG] [org.gradle.cache.internal.DefaultFileLockManager] Releasing lock on daemon addresses registry.
2026-03-14T14:54:38.359+0500 [DEBUG] [org.gradle.cache.internal.DefaultFileLockManager] Waiting to acquire shared lock on daemon addresses registry.
2026-03-14T14:54:38.359+0500 [DEBUG] [org.gradle.cache.internal.DefaultFileLockManager] Lock acquired on daemon addresses registry.
2026-03-14T14:54:38.360+0500 [DEBUG] [org.gradle.cache.internal.DefaultFileLockManager] Releasing lock on daemon addresses registry.
2026-03-14T14:54:44.861+0500 [DEBUG] [sun.rmi.transport.tcp] RMI TCP Connection(6)-127.0.0.1: (port 54929) connection closed
2026-03-14T14:54:44.862+0500 [DEBUG] [sun.rmi.transport.tcp] RMI TCP Connection(6)-127.0.0.1: close connection, socket: Socket[addr=/127.0.0.1,port=55130,localport=54929]
2026-03-14T14:54:44.863+0500 [DEBUG] [sun.rmi.transport.tcp] RMI TCP Connection(6)-127.0.0.1: socket close: Socket[addr=/127.0.0.1,port=55130,localport=54929]
2026-03-14T14:54:44.907+0500 [DEBUG] [org.gradle.internal.remote.internal.inet.TcpIncomingConnector] Accepted connection from /127.0.0.1:55164 to /127.0.0.1:54919.
2026-03-14T14:54:44.908+0500 [DEBUG] [org.gradle.launcher.daemon.server.SynchronizedDispatchConnection] thread 364: received class org.gradle.launcher.daemon.protocol.Build
2026-03-14T14:54:44.908+0500 [DEBUG] [org.gradle.launcher.daemon.server.DefaultDaemonConnection] thread 364: Received non-IO message from client: Build{id=69188e5f-8a6f-4e02-96d9-e4635151881a, currentDir=/Users/user/StudioProjects/Jetpack-compose-}
2026-03-14T14:54:44.909+0500 [INFO] [org.gradle.launcher.daemon.server.DefaultIncomingConnectionHandler] Received command: Build{id=69188e5f-8a6f-4e02-96d9-e4635151881a, currentDir=/Users/user/StudioProjects/Jetpack-compose-}.
2026-03-14T14:54:44.909+0500 [DEBUG] [org.gradle.launcher.daemon.server.DefaultIncomingConnectionHandler] Starting executing command: Build{id=69188e5f-8a6f-4e02-96d9-e4635151881a, currentDir=/Users/user/StudioProjects/Jetpack-compose-} with connection: socket connection from /127.0.0.1:54919 to /127.0.0.1:55164.
2026-03-14T14:54:44.909+0500 [DEBUG] [org.gradle.launcher.daemon.server.DaemonStateCoordinator] Command execution: started DaemonCommandExecution[command = Build{id=69188e5f-8a6f-4e02-96d9-e4635151881a, currentDir=/Users/user/StudioProjects/Jetpack-compose-}, connection = DefaultDaemonConnection: socket connection from /127.0.0.1:54919 to /127.0.0.1:55164] after 0.15916666666666668 minutes of idle
2026-03-14T14:54:44.909+0500 [INFO] [org.gradle.launcher.daemon.server.DaemonRegistryUpdater] Marking the daemon as busy, address: [e3314c61-88c3-4325-9052-9f15a21f69e7 port:54919, addresses:[localhost/127.0.0.1]]
2026-03-14T14:54:44.909+0500 [DEBUG] [org.gradle.launcher.daemon.registry.PersistentDaemonRegistry] Marking busy by address: [e3314c61-88c3-4325-9052-9f15a21f69e7 port:54919, addresses:[localhost/127.0.0.1]]
2026-03-14T14:54:44.909+0500 [DEBUG] [org.gradle.cache.internal.DefaultFileLockManager] Waiting to acquire exclusive lock on daemon addresses registry.
2026-03-14T14:54:44.909+0500 [DEBUG] [org.gradle.cache.internal.DefaultFileLockManager] Lock acquired on daemon addresses registry.
2026-03-14T14:54:44.910+0500 [DEBUG] [org.gradle.cache.internal.DefaultFileLockManager] Releasing lock on daemon addresses registry.
2026-03-14T14:54:44.910+0500 [DEBUG] [org.gradle.launcher.daemon.server.DaemonStateCoordinator] resetting idle timer
2026-03-14T14:54:44.910+0500 [DEBUG] [org.gradle.launcher.daemon.server.DaemonStateCoordinator] daemon is running. Sleeping until state changes.
2026-03-14T14:54:44.910+0500 [INFO] [org.gradle.launcher.daemon.server.exec.StartBuildOrRespondWithBusy] Daemon is about to start building Build{id=69188e5f-8a6f-4e02-96d9-e4635151881a, currentDir=/Users/user/StudioProjects/Jetpack-compose-}. Dispatching build started information...
2026-03-14T14:54:44.910+0500 [DEBUG] [org.gradle.launcher.daemon.server.SynchronizedDispatchConnection] thread 199: dispatching org.gradle.launcher.daemon.protocol.BuildStarted@121772a8
2026-03-14T14:54:44.911+0500 [DEBUG] [org.gradle.launcher.daemon.server.exec.EstablishBuildEnvironment] Configuring env variables: [PATH, __CFBundleIdentifier, SHELL, JAVA_HOME, OLDPWD, USER, COMMAND_MODE, TMPDIR, SSH_AUTH_SOCK, XPC_FLAGS, __CF_USER_TEXT_ENCODING, LOGNAME, LC_CTYPE, XPC_SERVICE_NAME, HOME]
2026-03-14T14:54:44.912+0500 [DEBUG] [org.gradle.launcher.daemon.server.exec.LogToClient] About to start relaying all logs to the client via the connection.
2026-03-14T14:54:44.912+0500 [INFO] [org.gradle.launcher.daemon.server.exec.LogToClient] The client will now receive all logging from the daemon (pid: 75549). The daemon log file: /Users/user/StudioProjects/Jetpack-compose-/gradle/wrapper/daemon/8.13/daemon-75549.out.log
2026-03-14T14:54:44.912+0500 [INFO] [org.gradle.launcher.daemon.server.exec.LogAndCheckHealth] Starting 3rd build in daemon [uptime: 3 mins 46.653 secs, performance: 99%, GC rate: 0.00/s, heap usage: 1% of 2 GiB]
2026-03-14T14:54:44.913+0500 [DEBUG] [org.gradle.launcher.daemon.server.exec.ExecuteBuild] The daemon has started executing the build.
2026-03-14T14:54:44.913+0500 [DEBUG] [org.gradle.launcher.daemon.server.exec.ExecuteBuild] Executing build with daemon context: DefaultDaemonContext[uid=be09e351-5b6f-4876-83a1-c7b09c2203fc,javaHome=/Library/Java/JavaVirtualMachines/temurin-21.jdk/Contents/Home,javaVersion=21,javaVendor=Eclipse Adoptium,daemonRegistryDir=/Users/user/StudioProjects/Jetpack-compose-/gradle/wrapper/daemon,pid=75549,idleTimeout=10800000,priority=NORMAL,applyInstrumentationAgent=true,nativeServicesMode=ENABLED,daemonOpts=-Xmx2048m,-Dfile.encoding=UTF-8,-Duser.country=UZ,-Duser.language=ru,-Duser.variant]

[Incubating] Problems report is available at: file:///Users/user/StudioProjects/Jetpack-compose-/build/reports/problems/problems-report.html

Deprecated Gradle features were used in this build, making it incompatible with Gradle 9.0.

You can use '--warning-mode all' to show the individual deprecation warnings and determine if they come from your own scripts or plugins.

For more on this, please refer to https://docs.gradle.org/8.13/userguide/command_line_interface.html#sec:command_line_warnings in the Gradle documentation.

BUILD SUCCESSFUL in 532ms
45 actionable tasks: 1 executed, 44 up-to-date
2026-03-14T14:54:45.451+0500 [DEBUG] [org.gradle.launcher.daemon.server.exec.ExecuteBuild] The daemon has finished executing the build.
2026-03-14T14:54:45.464+0500 [DEBUG] [org.gradle.launcher.daemon.server.DaemonStateCoordinator] daemon is running. Sleeping until state changes.
2026-03-14T14:54:45.464+0500 [DEBUG] [org.gradle.launcher.daemon.server.DaemonStateCoordinator] Command execution: finished waiting for DaemonCommandExecution[command = Build{id=69188e5f-8a6f-4e02-96d9-e4635151881a, currentDir=/Users/user/StudioProjects/Jetpack-compose-}, connection = DefaultDaemonConnection: socket connection from /127.0.0.1:54919 to /127.0.0.1:55164]. Result org.gradle.launcher.daemon.server.DaemonStateCoordinator@3a6128d3 with state Busy
2026-03-14T14:54:45.464+0500 [DEBUG] [org.gradle.launcher.daemon.server.DaemonStateCoordinator] Command execution: completed DaemonCommandExecution[command = Build{id=69188e5f-8a6f-4e02-96d9-e4635151881a, currentDir=/Users/user/StudioProjects/Jetpack-compose-}, connection = DefaultDaemonConnection: socket connection from /127.0.0.1:54919 to /127.0.0.1:55164]
2026-03-14T14:54:45.464+0500 [DEBUG] [org.gradle.launcher.daemon.server.DaemonStateCoordinator] resetting idle timer
2026-03-14T14:54:45.464+0500 [INFO] [org.gradle.launcher.daemon.server.DaemonRegistryUpdater] Marking the daemon as idle, address: [e3314c61-88c3-4325-9052-9f15a21f69e7 port:54919, addresses:[localhost/127.0.0.1]]
2026-03-14T14:54:45.464+0500 [DEBUG] [org.gradle.launcher.daemon.registry.PersistentDaemonRegistry] Marking busy by address: [e3314c61-88c3-4325-9052-9f15a21f69e7 port:54919, addresses:[localhost/127.0.0.1]]
2026-03-14T14:54:45.464+0500 [DEBUG] [org.gradle.cache.internal.DefaultFileLockManager] Waiting to acquire exclusive lock on daemon addresses registry.
2026-03-14T14:54:45.464+0500 [DEBUG] [org.gradle.cache.internal.DefaultFileLockManager] Lock acquired on daemon addresses registry.
2026-03-14T14:54:45.464+0500 [DEBUG] [org.gradle.cache.internal.DefaultFileLockManager] Releasing lock on daemon addresses registry.
2026-03-14T14:54:45.465+0500 [DEBUG] [org.gradle.launcher.daemon.server.exec.ReturnResult] Daemon is dispatching the build result: Success[value=org.gradle.launcher.exec.BuildActionResult@b6d3a7c]
2026-03-14T14:54:45.465+0500 [DEBUG] [org.gradle.launcher.daemon.server.SynchronizedDispatchConnection] thread 196: dispatching Success[value=org.gradle.launcher.exec.BuildActionResult@b6d3a7c]
2026-03-14T14:54:45.465+0500 [DEBUG] [org.gradle.launcher.daemon.server.DaemonStateCoordinator] daemon is running. Sleeping until state changes.
2026-03-14T14:54:45.465+0500 [DEBUG] [org.gradle.launcher.daemon.server.exec.CleanUpVirtualFileSystemAfterBuild] Cleaning virtual file system after build finished
2026-03-14T14:54:45.465+0500 [DEBUG] [org.gradle.launcher.daemon.server.DefaultIncomingConnectionHandler] Finishing executing command: Build{id=69188e5f-8a6f-4e02-96d9-e4635151881a, currentDir=/Users/user/StudioProjects/Jetpack-compose-}
2026-03-14T14:54:45.465+0500 [DEBUG] [org.gradle.launcher.daemon.server.SynchronizedDispatchConnection] thread 364: received class org.gradle.launcher.daemon.protocol.CloseInput
2026-03-14T14:54:45.465+0500 [DEBUG] [org.gradle.launcher.daemon.server.DefaultDaemonConnection] thread 364: Received IO message from client: org.gradle.launcher.daemon.protocol.CloseInput@468178b2
2026-03-14T14:54:45.465+0500 [DEBUG] [org.gradle.launcher.daemon.server.SynchronizedDispatchConnection] thread 364: received class org.gradle.launcher.daemon.protocol.Finished
2026-03-14T14:54:45.465+0500 [DEBUG] [org.gradle.launcher.daemon.server.DefaultDaemonConnection] thread 364: Received non-IO message from client: org.gradle.launcher.daemon.protocol.Finished@48468e12
2026-03-14T14:54:45.465+0500 [DEBUG] [org.gradle.internal.remote.internal.inet.SocketConnection] Discarding EOFException: java.io.EOFException
2026-03-14T14:54:45.465+0500 [DEBUG] [org.gradle.launcher.daemon.server.DefaultIncomingConnectionHandler] Received finished message: org.gradle.launcher.daemon.protocol.Finished@48468e12
2026-03-14T14:54:45.465+0500 [DEBUG] [org.gradle.launcher.daemon.server.SynchronizedDispatchConnection] thread 364: received null
2026-03-14T14:54:45.465+0500 [DEBUG] [org.gradle.launcher.daemon.server.DefaultDaemonConnection] thread 364: Received end-of-input from client.
2026-03-14T14:54:45.465+0500 [DEBUG] [org.gradle.launcher.daemon.server.SynchronizedDispatchConnection] thread 196: stopping connection
2026-03-14T14:54:45.466+0500 [DEBUG] [org.gradle.launcher.daemon.server.SynchronizedDispatchConnection] thread 196: stopping connection
2026-03-14T14:54:46.516+0500 [DEBUG] [sun.rmi.transport.tcp] RMI TCP Connection(10)-127.0.0.1: (port 54929) connection closed
2026-03-14T14:54:46.517+0500 [DEBUG] [sun.rmi.transport.tcp] RMI TCP Connection(10)-127.0.0.1: close connection, socket: Socket[addr=/127.0.0.1,port=55138,localport=54929]
2026-03-14T14:54:46.517+0500 [DEBUG] [sun.rmi.transport.tcp] RMI TCP Connection(10)-127.0.0.1: socket close: Socket[addr=/127.0.0.1,port=55138,localport=54929]
2026-03-14T14:54:48.355+0500 [DEBUG] [org.gradle.cache.internal.DefaultFileLockManager] Waiting to acquire shared lock on daemon addresses registry.
2026-03-14T14:54:48.355+0500 [DEBUG] [org.gradle.cache.internal.DefaultFileLockManager] Lock acquired on daemon addresses registry.
2026-03-14T14:54:48.355+0500 [DEBUG] [org.gradle.cache.internal.DefaultFileLockManager] Releasing lock on daemon addresses registry.
2026-03-14T14:54:48.356+0500 [DEBUG] [org.gradle.cache.internal.DefaultFileLockManager] Waiting to acquire shared lock on daemon addresses registry.
2026-03-14T14:54:48.356+0500 [DEBUG] [org.gradle.cache.internal.DefaultFileLockManager] Lock acquired on daemon addresses registry.
2026-03-14T14:54:48.356+0500 [DEBUG] [org.gradle.cache.internal.DefaultFileLockManager] Releasing lock on daemon addresses registry.
2026-03-14T14:54:53.508+0500 [DEBUG] [org.gradle.internal.remote.internal.inet.TcpIncomingConnector] Accepted connection from /127.0.0.1:55187 to /127.0.0.1:54919.
2026-03-14T14:54:53.510+0500 [DEBUG] [org.gradle.launcher.daemon.server.SynchronizedDispatchConnection] thread 475: received class org.gradle.launcher.daemon.protocol.Build
2026-03-14T14:54:53.511+0500 [DEBUG] [org.gradle.launcher.daemon.server.DefaultDaemonConnection] thread 475: Received non-IO message from client: Build{id=b5b5c0e0-b7f1-4213-b5bb-113a26d072f1, currentDir=/Users/user/StudioProjects/Jetpack-compose-}
2026-03-14T14:54:53.511+0500 [INFO] [org.gradle.launcher.daemon.server.DefaultIncomingConnectionHandler] Received command: Build{id=b5b5c0e0-b7f1-4213-b5bb-113a26d072f1, currentDir=/Users/user/StudioProjects/Jetpack-compose-}.
2026-03-14T14:54:53.511+0500 [DEBUG] [org.gradle.launcher.daemon.server.DefaultIncomingConnectionHandler] Starting executing command: Build{id=b5b5c0e0-b7f1-4213-b5bb-113a26d072f1, currentDir=/Users/user/StudioProjects/Jetpack-compose-} with connection: socket connection from /127.0.0.1:54919 to /127.0.0.1:55187.
2026-03-14T14:54:53.511+0500 [DEBUG] [org.gradle.launcher.daemon.server.DaemonStateCoordinator] Command execution: started DaemonCommandExecution[command = Build{id=b5b5c0e0-b7f1-4213-b5bb-113a26d072f1, currentDir=/Users/user/StudioProjects/Jetpack-compose-}, connection = DefaultDaemonConnection: socket connection from /127.0.0.1:54919 to /127.0.0.1:55187] after 0.1341166666666667 minutes of idle
2026-03-14T14:54:53.511+0500 [INFO] [org.gradle.launcher.daemon.server.DaemonRegistryUpdater] Marking the daemon as busy, address: [e3314c61-88c3-4325-9052-9f15a21f69e7 port:54919, addresses:[localhost/127.0.0.1]]
2026-03-14T14:54:53.511+0500 [DEBUG] [org.gradle.launcher.daemon.registry.PersistentDaemonRegistry] Marking busy by address: [e3314c61-88c3-4325-9052-9f15a21f69e7 port:54919, addresses:[localhost/127.0.0.1]]
2026-03-14T14:54:53.512+0500 [DEBUG] [org.gradle.cache.internal.DefaultFileLockManager] Waiting to acquire exclusive lock on daemon addresses registry.
2026-03-14T14:54:53.512+0500 [DEBUG] [org.gradle.cache.internal.DefaultFileLockManager] Lock acquired on daemon addresses registry.
2026-03-14T14:54:53.512+0500 [DEBUG] [org.gradle.cache.internal.DefaultFileLockManager] Releasing lock on daemon addresses registry.
2026-03-14T14:54:53.513+0500 [DEBUG] [org.gradle.launcher.daemon.server.DaemonStateCoordinator] resetting idle timer
2026-03-14T14:54:53.513+0500 [DEBUG] [org.gradle.launcher.daemon.server.DaemonStateCoordinator] daemon is running. Sleeping until state changes.
2026-03-14T14:54:53.513+0500 [INFO] [org.gradle.launcher.daemon.server.exec.StartBuildOrRespondWithBusy] Daemon is about to start building Build{id=b5b5c0e0-b7f1-4213-b5bb-113a26d072f1, currentDir=/Users/user/StudioProjects/Jetpack-compose-}. Dispatching build started information...
2026-03-14T14:54:53.513+0500 [DEBUG] [org.gradle.launcher.daemon.server.SynchronizedDispatchConnection] thread 199: dispatching org.gradle.launcher.daemon.protocol.BuildStarted@713dc9eb
2026-03-14T14:54:53.513+0500 [DEBUG] [org.gradle.launcher.daemon.server.exec.EstablishBuildEnvironment] Configuring env variables: [PATH, __CFBundleIdentifier, SHELL, JAVA_HOME, OLDPWD, USER, COMMAND_MODE, TMPDIR, SSH_AUTH_SOCK, XPC_FLAGS, __CF_USER_TEXT_ENCODING, LOGNAME, LC_CTYPE, XPC_SERVICE_NAME, HOME]
2026-03-14T14:54:53.514+0500 [DEBUG] [org.gradle.launcher.daemon.server.exec.LogToClient] About to start relaying all logs to the client via the connection.
2026-03-14T14:54:53.514+0500 [INFO] [org.gradle.launcher.daemon.server.exec.LogToClient] The client will now receive all logging from the daemon (pid: 75549). The daemon log file: /Users/user/StudioProjects/Jetpack-compose-/gradle/wrapper/daemon/8.13/daemon-75549.out.log
2026-03-14T14:54:53.515+0500 [INFO] [org.gradle.launcher.daemon.server.exec.LogAndCheckHealth] Starting 4th build in daemon [uptime: 3 mins 55.255 secs, performance: 99%, GC rate: 0.00/s, heap usage: 1% of 2 GiB]
2026-03-14T14:54:53.515+0500 [DEBUG] [org.gradle.launcher.daemon.server.exec.ExecuteBuild] The daemon has started executing the build.
2026-03-14T14:54:53.515+0500 [DEBUG] [org.gradle.launcher.daemon.server.exec.ExecuteBuild] Executing build with daemon context: DefaultDaemonContext[uid=be09e351-5b6f-4876-83a1-c7b09c2203fc,javaHome=/Library/Java/JavaVirtualMachines/temurin-21.jdk/Contents/Home,javaVersion=21,javaVendor=Eclipse Adoptium,daemonRegistryDir=/Users/user/StudioProjects/Jetpack-compose-/gradle/wrapper/daemon,pid=75549,idleTimeout=10800000,priority=NORMAL,applyInstrumentationAgent=true,nativeServicesMode=ENABLED,daemonOpts=-Xmx2048m,-Dfile.encoding=UTF-8,-Duser.country=UZ,-Duser.language=ru,-Duser.variant]

[Incubating] Problems report is available at: file:///Users/user/StudioProjects/Jetpack-compose-/build/reports/problems/problems-report.html

Deprecated Gradle features were used in this build, making it incompatible with Gradle 9.0.

You can use '--warning-mode all' to show the individual deprecation warnings and determine if they come from your own scripts or plugins.

For more on this, please refer to https://docs.gradle.org/8.13/userguide/command_line_interface.html#sec:command_line_warnings in the Gradle documentation.

BUILD SUCCESSFUL in 471ms
45 actionable tasks: 1 executed, 44 up-to-date
2026-03-14T14:54:53.993+0500 [DEBUG] [org.gradle.launcher.daemon.server.exec.ExecuteBuild] The daemon has finished executing the build.
2026-03-14T14:54:53.999+0500 [DEBUG] [org.gradle.launcher.daemon.server.DaemonStateCoordinator] Command execution: finished waiting for DaemonCommandExecution[command = Build{id=b5b5c0e0-b7f1-4213-b5bb-113a26d072f1, currentDir=/Users/user/StudioProjects/Jetpack-compose-}, connection = DefaultDaemonConnection: socket connection from /127.0.0.1:54919 to /127.0.0.1:55187]. Result org.gradle.launcher.daemon.server.DaemonStateCoordinator@3a6128d3 with state Busy
2026-03-14T14:54:53.999+0500 [DEBUG] [org.gradle.launcher.daemon.server.DaemonStateCoordinator] Command execution: completed DaemonCommandExecution[command = Build{id=b5b5c0e0-b7f1-4213-b5bb-113a26d072f1, currentDir=/Users/user/StudioProjects/Jetpack-compose-}, connection = DefaultDaemonConnection: socket connection from /127.0.0.1:54919 to /127.0.0.1:55187]
2026-03-14T14:54:53.999+0500 [DEBUG] [org.gradle.launcher.daemon.server.DaemonStateCoordinator] resetting idle timer
2026-03-14T14:54:53.999+0500 [INFO] [org.gradle.launcher.daemon.server.DaemonRegistryUpdater] Marking the daemon as idle, address: [e3314c61-88c3-4325-9052-9f15a21f69e7 port:54919, addresses:[localhost/127.0.0.1]]
2026-03-14T14:54:53.999+0500 [DEBUG] [org.gradle.launcher.daemon.registry.PersistentDaemonRegistry] Marking busy by address: [e3314c61-88c3-4325-9052-9f15a21f69e7 port:54919, addresses:[localhost/127.0.0.1]]
2026-03-14T14:54:53.999+0500 [DEBUG] [org.gradle.cache.internal.DefaultFileLockManager] Waiting to acquire exclusive lock on daemon addresses registry.
2026-03-14T14:54:53.999+0500 [DEBUG] [org.gradle.cache.internal.DefaultFileLockManager] Lock acquired on daemon addresses registry.
2026-03-14T14:54:53.999+0500 [DEBUG] [org.gradle.cache.internal.DefaultFileLockManager] Releasing lock on daemon addresses registry.
2026-03-14T14:54:53.999+0500 [DEBUG] [org.gradle.launcher.daemon.server.exec.ReturnResult] Daemon is dispatching the build result: Success[value=org.gradle.launcher.exec.BuildActionResult@29beee45]
2026-03-14T14:54:53.999+0500 [DEBUG] [org.gradle.launcher.daemon.server.SynchronizedDispatchConnection] thread 196: dispatching Success[value=org.gradle.launcher.exec.BuildActionResult@29beee45]
2026-03-14T14:54:53.999+0500 [DEBUG] [org.gradle.launcher.daemon.server.DaemonStateCoordinator] daemon is running. Sleeping until state changes.
2026-03-14T14:54:53.999+0500 [DEBUG] [org.gradle.launcher.daemon.server.exec.CleanUpVirtualFileSystemAfterBuild] Cleaning virtual file system after build finished
2026-03-14T14:54:53.999+0500 [DEBUG] [org.gradle.launcher.daemon.server.DefaultIncomingConnectionHandler] Finishing executing command: Build{id=b5b5c0e0-b7f1-4213-b5bb-113a26d072f1, currentDir=/Users/user/StudioProjects/Jetpack-compose-}
2026-03-14T14:54:53.999+0500 [DEBUG] [org.gradle.launcher.daemon.server.SynchronizedDispatchConnection] thread 475: received class org.gradle.launcher.daemon.protocol.CloseInput
2026-03-14T14:54:53.999+0500 [DEBUG] [org.gradle.launcher.daemon.server.DefaultDaemonConnection] thread 475: Received IO message from client: org.gradle.launcher.daemon.protocol.CloseInput@3a359624
2026-03-14T14:54:53.999+0500 [DEBUG] [org.gradle.launcher.daemon.server.SynchronizedDispatchConnection] thread 475: received class org.gradle.launcher.daemon.protocol.Finished
2026-03-14T14:54:53.999+0500 [DEBUG] [org.gradle.launcher.daemon.server.DefaultDaemonConnection] thread 475: Received non-IO message from client: org.gradle.launcher.daemon.protocol.Finished@34f27f12
2026-03-14T14:54:54.000+0500 [DEBUG] [org.gradle.internal.remote.internal.inet.SocketConnection] Discarding EOFException: java.io.EOFException
2026-03-14T14:54:54.000+0500 [DEBUG] [org.gradle.launcher.daemon.server.SynchronizedDispatchConnection] thread 475: received null
2026-03-14T14:54:54.000+0500 [DEBUG] [org.gradle.launcher.daemon.server.DefaultDaemonConnection] thread 475: Received end-of-input from client.
2026-03-14T14:54:54.000+0500 [DEBUG] [org.gradle.launcher.daemon.server.DefaultIncomingConnectionHandler] Received finished message: org.gradle.launcher.daemon.protocol.Finished@34f27f12
2026-03-14T14:54:54.000+0500 [DEBUG] [org.gradle.launcher.daemon.server.SynchronizedDispatchConnection] thread 196: stopping connection
2026-03-14T14:54:54.001+0500 [DEBUG] [org.gradle.launcher.daemon.server.SynchronizedDispatchConnection] thread 196: stopping connection
2026-03-14T14:54:58.357+0500 [DEBUG] [org.gradle.cache.internal.DefaultFileLockManager] Waiting to acquire shared lock on daemon addresses registry.
2026-03-14T14:54:58.359+0500 [DEBUG] [org.gradle.cache.internal.DefaultFileLockManager] Lock acquired on daemon addresses registry.
2026-03-14T14:54:58.360+0500 [DEBUG] [org.gradle.cache.internal.DefaultFileLockManager] Releasing lock on daemon addresses registry.
2026-03-14T14:54:58.361+0500 [DEBUG] [org.gradle.cache.internal.DefaultFileLockManager] Waiting to acquire shared lock on daemon addresses registry.
2026-03-14T14:54:58.361+0500 [DEBUG] [org.gradle.cache.internal.DefaultFileLockManager] Lock acquired on daemon addresses registry.
2026-03-14T14:54:58.362+0500 [DEBUG] [org.gradle.cache.internal.DefaultFileLockManager] Releasing lock on daemon addresses registry.
2026-03-14T14:54:59.677+0500 [DEBUG] [sun.rmi.transport.tcp] RMI Scheduler(0): close connection, socket: Socket[addr=localhost/127.0.0.1,port=17321,localport=55127]
2026-03-14T14:54:59.677+0500 [DEBUG] [sun.rmi.transport.tcp] RMI Scheduler(0): close connection, socket: Socket[addr=localhost/127.0.0.1,port=17321,localport=55134]
2026-03-14T14:54:59.717+0500 [DEBUG] [sun.rmi.transport.tcp] RMI TCP Connection(9)-127.0.0.1: (port 54929) connection closed
2026-03-14T14:54:59.717+0500 [DEBUG] [sun.rmi.transport.tcp] RMI TCP Connection(9)-127.0.0.1: close connection, socket: Socket[addr=/127.0.0.1,port=55137,localport=54929]
2026-03-14T14:54:59.718+0500 [DEBUG] [sun.rmi.transport.tcp] RMI TCP Connection(9)-127.0.0.1: socket close: Socket[addr=/127.0.0.1,port=55137,localport=54929]
2026-03-14T14:55:00.975+0500 [DEBUG] [sun.rmi.transport.tcp] RMI Scheduler(0): close connection, socket: Socket[addr=localhost/127.0.0.1,port=17321,localport=55133]
2026-03-14T14:55:00.976+0500 [DEBUG] [sun.rmi.transport.tcp] RMI TCP Connection(11)-127.0.0.1: (port 54929) connection closed
2026-03-14T14:55:00.976+0500 [DEBUG] [sun.rmi.transport.tcp] RMI TCP Connection(11)-127.0.0.1: close connection, socket: Socket[addr=/127.0.0.1,port=55140,localport=54929]
2026-03-14T14:55:00.976+0500 [DEBUG] [sun.rmi.transport.tcp] RMI TCP Connection(11)-127.0.0.1: socket close: Socket[addr=/127.0.0.1,port=55140,localport=54929]
2026-03-14T14:55:01.409+0500 [DEBUG] [sun.rmi.transport.tcp] RMI Scheduler(0): close connection, socket: Socket[addr=localhost/127.0.0.1,port=17321,localport=55141]
2026-03-14T14:55:01.421+0500 [DEBUG] [sun.rmi.transport.tcp] RMI TCP Connection(8)-127.0.0.1: (port 54929) connection closed
2026-03-14T14:55:01.422+0500 [DEBUG] [sun.rmi.transport.tcp] RMI TCP Connection(8)-127.0.0.1: close connection, socket: Socket[addr=/127.0.0.1,port=55136,localport=54929]
2026-03-14T14:55:01.422+0500 [DEBUG] [sun.rmi.transport.tcp] RMI TCP Connection(8)-127.0.0.1: socket close: Socket[addr=/127.0.0.1,port=55136,localport=54929]
2026-03-14T14:55:08.355+0500 [DEBUG] [org.gradle.cache.internal.DefaultFileLockManager] Waiting to acquire shared lock on daemon addresses registry.
2026-03-14T14:55:08.356+0500 [DEBUG] [org.gradle.cache.internal.DefaultFileLockManager] Lock acquired on daemon addresses registry.
2026-03-14T14:55:08.357+0500 [DEBUG] [org.gradle.cache.internal.DefaultFileLockManager] Releasing lock on daemon addresses registry.
2026-03-14T14:55:08.358+0500 [DEBUG] [org.gradle.cache.internal.DefaultFileLockManager] Waiting to acquire shared lock on daemon addresses registry.
2026-03-14T14:55:08.358+0500 [DEBUG] [org.gradle.cache.internal.DefaultFileLockManager] Lock acquired on daemon addresses registry.
2026-03-14T14:55:08.358+0500 [DEBUG] [org.gradle.cache.internal.DefaultFileLockManager] Releasing lock on daemon addresses registry.
2026-03-14T14:55:08.359+0500 [DEBUG] [org.gradle.cache.internal.DefaultFileLockManager] Waiting to acquire shared lock on daemon addresses registry.
2026-03-14T14:55:08.359+0500 [DEBUG] [org.gradle.cache.internal.DefaultFileLockManager] Lock acquired on daemon addresses registry.
2026-03-14T14:55:08.359+0500 [DEBUG] [org.gradle.cache.internal.DefaultFileLockManager] Releasing lock on daemon addresses registry.
2026-03-14T14:55:18.354+0500 [DEBUG] [org.gradle.cache.internal.DefaultFileLockManager] Waiting to acquire shared lock on daemon addresses registry.
2026-03-14T14:55:18.354+0500 [DEBUG] [org.gradle.cache.internal.DefaultFileLockManager] Lock acquired on daemon addresses registry.
2026-03-14T14:55:18.355+0500 [DEBUG] [org.gradle.cache.internal.DefaultFileLockManager] Releasing lock on daemon addresses registry.
2026-03-14T14:55:18.356+0500 [DEBUG] [org.gradle.cache.internal.DefaultFileLockManager] Waiting to acquire shared lock on daemon addresses registry.
2026-03-14T14:55:18.356+0500 [DEBUG] [org.gradle.cache.internal.DefaultFileLockManager] Lock acquired on daemon addresses registry.
2026-03-14T14:55:18.356+0500 [DEBUG] [org.gradle.cache.internal.DefaultFileLockManager] Releasing lock on daemon addresses registry.
2026-03-14T14:55:18.357+0500 [DEBUG] [org.gradle.cache.internal.DefaultFileLockManager] Waiting to acquire shared lock on daemon addresses registry.
2026-03-14T14:55:18.357+0500 [DEBUG] [org.gradle.cache.internal.DefaultFileLockManager] Lock acquired on daemon addresses registry.
2026-03-14T14:55:18.357+0500 [DEBUG] [org.gradle.cache.internal.DefaultFileLockManager] Releasing lock on daemon addresses registry.
2026-03-14T14:55:28.354+0500 [DEBUG] [org.gradle.cache.internal.DefaultFileLockManager] Waiting to acquire shared lock on daemon addresses registry.
2026-03-14T14:55:28.355+0500 [DEBUG] [org.gradle.cache.internal.DefaultFileLockManager] Lock acquired on daemon addresses registry.
2026-03-14T14:55:28.355+0500 [DEBUG] [org.gradle.cache.internal.DefaultFileLockManager] Releasing lock on daemon addresses registry.
2026-03-14T14:55:28.356+0500 [DEBUG] [org.gradle.cache.internal.DefaultFileLockManager] Waiting to acquire shared lock on daemon addresses registry.
2026-03-14T14:55:28.356+0500 [DEBUG] [org.gradle.cache.internal.DefaultFileLockManager] Lock acquired on daemon addresses registry.
2026-03-14T14:55:28.357+0500 [DEBUG] [org.gradle.cache.internal.DefaultFileLockManager] Releasing lock on daemon addresses registry.
2026-03-14T14:55:28.357+0500 [DEBUG] [org.gradle.cache.internal.DefaultFileLockManager] Waiting to acquire shared lock on daemon addresses registry.
2026-03-14T14:55:28.357+0500 [DEBUG] [org.gradle.cache.internal.DefaultFileLockManager] Lock acquired on daemon addresses registry.
2026-03-14T14:55:28.357+0500 [DEBUG] [org.gradle.cache.internal.DefaultFileLockManager] Releasing lock on daemon addresses registry.
2026-03-14T14:55:38.354+0500 [DEBUG] [org.gradle.cache.internal.DefaultFileLockManager] Waiting to acquire shared lock on daemon addresses registry.
2026-03-14T14:55:38.355+0500 [DEBUG] [org.gradle.cache.internal.DefaultFileLockManager] Lock acquired on daemon addresses registry.
2026-03-14T14:55:38.355+0500 [DEBUG] [org.gradle.cache.internal.DefaultFileLockManager] Releasing lock on daemon addresses registry.
2026-03-14T14:55:38.356+0500 [DEBUG] [org.gradle.cache.internal.DefaultFileLockManager] Waiting to acquire shared lock on daemon addresses registry.
2026-03-14T14:55:38.356+0500 [DEBUG] [org.gradle.cache.internal.DefaultFileLockManager] Lock acquired on daemon addresses registry.
2026-03-14T14:55:38.357+0500 [DEBUG] [org.gradle.cache.internal.DefaultFileLockManager] Releasing lock on daemon addresses registry.
2026-03-14T14:55:38.357+0500 [DEBUG] [org.gradle.cache.internal.DefaultFileLockManager] Waiting to acquire shared lock on daemon addresses registry.
2026-03-14T14:55:38.357+0500 [DEBUG] [org.gradle.cache.internal.DefaultFileLockManager] Lock acquired on daemon addresses registry.
2026-03-14T14:55:38.357+0500 [DEBUG] [org.gradle.cache.internal.DefaultFileLockManager] Releasing lock on daemon addresses registry.
2026-03-14T14:55:48.351+0500 [DEBUG] [org.gradle.cache.internal.DefaultFileLockManager] Waiting to acquire shared lock on daemon addresses registry.
2026-03-14T14:55:48.352+0500 [DEBUG] [org.gradle.cache.internal.DefaultFileLockManager] Lock acquired on daemon addresses registry.
2026-03-14T14:55:48.352+0500 [DEBUG] [org.gradle.cache.internal.DefaultFileLockManager] Releasing lock on daemon addresses registry.
2026-03-14T14:55:48.353+0500 [DEBUG] [org.gradle.cache.internal.DefaultFileLockManager] Waiting to acquire shared lock on daemon addresses registry.
2026-03-14T14:55:48.353+0500 [DEBUG] [org.gradle.cache.internal.DefaultFileLockManager] Lock acquired on daemon addresses registry.
2026-03-14T14:55:48.354+0500 [DEBUG] [org.gradle.cache.internal.DefaultFileLockManager] Releasing lock on daemon addresses registry.
2026-03-14T14:55:48.354+0500 [DEBUG] [org.gradle.cache.internal.DefaultFileLockManager] Waiting to acquire shared lock on daemon addresses registry.
2026-03-14T14:55:48.354+0500 [DEBUG] [org.gradle.cache.internal.DefaultFileLockManager] Lock acquired on daemon addresses registry.
2026-03-14T14:55:48.354+0500 [DEBUG] [org.gradle.cache.internal.DefaultFileLockManager] Releasing lock on daemon addresses registry.
2026-03-14T14:55:58.356+0500 [DEBUG] [org.gradle.cache.internal.DefaultFileLockManager] Waiting to acquire shared lock on daemon addresses registry.
2026-03-14T14:55:58.359+0500 [DEBUG] [org.gradle.cache.internal.DefaultFileLockManager] Lock acquired on daemon addresses registry.
2026-03-14T14:55:58.360+0500 [DEBUG] [org.gradle.cache.internal.DefaultFileLockManager] Releasing lock on daemon addresses registry.
2026-03-14T14:55:58.362+0500 [DEBUG] [org.gradle.cache.internal.DefaultFileLockManager] Waiting to acquire shared lock on daemon addresses registry.
2026-03-14T14:55:58.362+0500 [DEBUG] [org.gradle.cache.internal.DefaultFileLockManager] Lock acquired on daemon addresses registry.
2026-03-14T14:55:58.363+0500 [DEBUG] [org.gradle.cache.internal.DefaultFileLockManager] Releasing lock on daemon addresses registry.
2026-03-14T14:55:58.363+0500 [DEBUG] [org.gradle.cache.internal.DefaultFileLockManager] Waiting to acquire shared lock on daemon addresses registry.
2026-03-14T14:55:58.364+0500 [DEBUG] [org.gradle.cache.internal.DefaultFileLockManager] Lock acquired on daemon addresses registry.
2026-03-14T14:55:58.364+0500 [DEBUG] [org.gradle.cache.internal.DefaultFileLockManager] Releasing lock on daemon addresses registry.
2026-03-14T14:56:08.353+0500 [DEBUG] [org.gradle.cache.internal.DefaultFileLockManager] Waiting to acquire shared lock on daemon addresses registry.
2026-03-14T14:56:08.354+0500 [DEBUG] [org.gradle.cache.internal.DefaultFileLockManager] Lock acquired on daemon addresses registry.
2026-03-14T14:56:08.355+0500 [DEBUG] [org.gradle.cache.internal.DefaultFileLockManager] Releasing lock on daemon addresses registry.
2026-03-14T14:56:08.355+0500 [DEBUG] [org.gradle.cache.internal.DefaultFileLockManager] Waiting to acquire shared lock on daemon addresses registry.
2026-03-14T14:56:08.356+0500 [DEBUG] [org.gradle.cache.internal.DefaultFileLockManager] Lock acquired on daemon addresses registry.
2026-03-14T14:56:08.356+0500 [DEBUG] [org.gradle.cache.internal.DefaultFileLockManager] Releasing lock on daemon addresses registry.
2026-03-14T14:56:08.357+0500 [DEBUG] [org.gradle.cache.internal.DefaultFileLockManager] Waiting to acquire shared lock on daemon addresses registry.
2026-03-14T14:56:08.357+0500 [DEBUG] [org.gradle.cache.internal.DefaultFileLockManager] Lock acquired on daemon addresses registry.
2026-03-14T14:56:08.358+0500 [DEBUG] [org.gradle.cache.internal.DefaultFileLockManager] Releasing lock on daemon addresses registry.
2026-03-14T14:56:18.354+0500 [DEBUG] [org.gradle.cache.internal.DefaultFileLockManager] Waiting to acquire shared lock on daemon addresses registry.
2026-03-14T14:56:18.354+0500 [DEBUG] [org.gradle.cache.internal.DefaultFileLockManager] Lock acquired on daemon addresses registry.
2026-03-14T14:56:18.355+0500 [DEBUG] [org.gradle.cache.internal.DefaultFileLockManager] Releasing lock on daemon addresses registry.
2026-03-14T14:56:18.355+0500 [DEBUG] [org.gradle.cache.internal.DefaultFileLockManager] Waiting to acquire shared lock on daemon addresses registry.
2026-03-14T14:56:18.355+0500 [DEBUG] [org.gradle.cache.internal.DefaultFileLockManager] Lock acquired on daemon addresses registry.
2026-03-14T14:56:18.355+0500 [DEBUG] [org.gradle.cache.internal.DefaultFileLockManager] Releasing lock on daemon addresses registry.
2026-03-14T14:56:18.355+0500 [DEBUG] [org.gradle.cache.internal.DefaultFileLockManager] Waiting to acquire shared lock on daemon addresses registry.
2026-03-14T14:56:18.355+0500 [DEBUG] [org.gradle.cache.internal.DefaultFileLockManager] Lock acquired on daemon addresses registry.
2026-03-14T14:56:18.355+0500 [DEBUG] [org.gradle.cache.internal.DefaultFileLockManager] Releasing lock on daemon addresses registry.
2026-03-14T14:56:28.353+0500 [DEBUG] [org.gradle.cache.internal.DefaultFileLockManager] Waiting to acquire shared lock on daemon addresses registry.
2026-03-14T14:56:28.355+0500 [DEBUG] [org.gradle.cache.internal.DefaultFileLockManager] Lock acquired on daemon addresses registry.
2026-03-14T14:56:28.356+0500 [DEBUG] [org.gradle.cache.internal.DefaultFileLockManager] Releasing lock on daemon addresses registry.
2026-03-14T14:56:28.356+0500 [DEBUG] [org.gradle.cache.internal.DefaultFileLockManager] Waiting to acquire shared lock on daemon addresses registry.
2026-03-14T14:56:28.357+0500 [DEBUG] [org.gradle.cache.internal.DefaultFileLockManager] Lock acquired on daemon addresses registry.
2026-03-14T14:56:28.357+0500 [DEBUG] [org.gradle.cache.internal.DefaultFileLockManager] Releasing lock on daemon addresses registry.
2026-03-14T14:56:28.357+0500 [DEBUG] [org.gradle.cache.internal.DefaultFileLockManager] Waiting to acquire shared lock on daemon addresses registry.
2026-03-14T14:56:28.357+0500 [DEBUG] [org.gradle.cache.internal.DefaultFileLockManager] Lock acquired on daemon addresses registry.
2026-03-14T14:56:28.358+0500 [DEBUG] [org.gradle.cache.internal.DefaultFileLockManager] Releasing lock on daemon addresses registry.
2026-03-14T14:56:38.353+0500 [DEBUG] [org.gradle.cache.internal.DefaultFileLockManager] Waiting to acquire shared lock on daemon addresses registry.
2026-03-14T14:56:38.353+0500 [DEBUG] [org.gradle.cache.internal.DefaultFileLockManager] Lock acquired on daemon addresses registry.
2026-03-14T14:56:38.354+0500 [DEBUG] [org.gradle.cache.internal.DefaultFileLockManager] Releasing lock on daemon addresses registry.
2026-03-14T14:56:38.354+0500 [DEBUG] [org.gradle.cache.internal.DefaultFileLockManager] Waiting to acquire shared lock on daemon addresses registry.
2026-03-14T14:56:38.354+0500 [DEBUG] [org.gradle.cache.internal.DefaultFileLockManager] Lock acquired on daemon addresses registry.
2026-03-14T14:56:38.354+0500 [DEBUG] [org.gradle.cache.internal.DefaultFileLockManager] Releasing lock on daemon addresses registry.
2026-03-14T14:56:38.354+0500 [DEBUG] [org.gradle.cache.internal.DefaultFileLockManager] Waiting to acquire shared lock on daemon addresses registry.
2026-03-14T14:56:38.354+0500 [DEBUG] [org.gradle.cache.internal.DefaultFileLockManager] Lock acquired on daemon addresses registry.
2026-03-14T14:56:38.354+0500 [DEBUG] [org.gradle.cache.internal.DefaultFileLockManager] Releasing lock on daemon addresses registry.
2026-03-14T14:56:48.350+0500 [DEBUG] [org.gradle.cache.internal.DefaultFileLockManager] Waiting to acquire shared lock on daemon addresses registry.
2026-03-14T14:56:48.351+0500 [DEBUG] [org.gradle.cache.internal.DefaultFileLockManager] Lock acquired on daemon addresses registry.
2026-03-14T14:56:48.351+0500 [DEBUG] [org.gradle.cache.internal.DefaultFileLockManager] Releasing lock on daemon addresses registry.
2026-03-14T14:56:48.351+0500 [DEBUG] [org.gradle.cache.internal.DefaultFileLockManager] Waiting to acquire shared lock on daemon addresses registry.
2026-03-14T14:56:48.352+0500 [DEBUG] [org.gradle.cache.internal.DefaultFileLockManager] Lock acquired on daemon addresses registry.
2026-03-14T14:56:48.352+0500 [DEBUG] [org.gradle.cache.internal.DefaultFileLockManager] Releasing lock on daemon addresses registry.
2026-03-14T14:56:48.352+0500 [DEBUG] [org.gradle.cache.internal.DefaultFileLockManager] Waiting to acquire shared lock on daemon addresses registry.
2026-03-14T14:56:48.352+0500 [DEBUG] [org.gradle.cache.internal.DefaultFileLockManager] Lock acquired on daemon addresses registry.
2026-03-14T14:56:48.352+0500 [DEBUG] [org.gradle.cache.internal.DefaultFileLockManager] Releasing lock on daemon addresses registry.
2026-03-14T14:56:58.360+0500 [DEBUG] [org.gradle.cache.internal.DefaultFileLockManager] Waiting to acquire shared lock on daemon addresses registry.
2026-03-14T14:56:58.360+0500 [DEBUG] [org.gradle.cache.internal.DefaultFileLockManager] Lock acquired on daemon addresses registry.
2026-03-14T14:56:58.361+0500 [DEBUG] [org.gradle.cache.internal.DefaultFileLockManager] Releasing lock on daemon addresses registry.
2026-03-14T14:56:58.361+0500 [DEBUG] [org.gradle.cache.internal.DefaultFileLockManager] Waiting to acquire shared lock on daemon addresses registry.
2026-03-14T14:56:58.361+0500 [DEBUG] [org.gradle.cache.internal.DefaultFileLockManager] Lock acquired on daemon addresses registry.
2026-03-14T14:56:58.361+0500 [DEBUG] [org.gradle.cache.internal.DefaultFileLockManager] Releasing lock on daemon addresses registry.
2026-03-14T14:56:58.361+0500 [DEBUG] [org.gradle.cache.internal.DefaultFileLockManager] Waiting to acquire shared lock on daemon addresses registry.
2026-03-14T14:56:58.361+0500 [DEBUG] [org.gradle.cache.internal.DefaultFileLockManager] Lock acquired on daemon addresses registry.
2026-03-14T14:56:58.361+0500 [DEBUG] [org.gradle.cache.internal.DefaultFileLockManager] Releasing lock on daemon addresses registry.
2026-03-14T14:57:08.366+0500 [DEBUG] [org.gradle.cache.internal.DefaultFileLockManager] Waiting to acquire shared lock on daemon addresses registry.
2026-03-14T14:57:08.367+0500 [DEBUG] [org.gradle.cache.internal.DefaultFileLockManager] Lock acquired on daemon addresses registry.
2026-03-14T14:57:08.368+0500 [DEBUG] [org.gradle.cache.internal.DefaultFileLockManager] Releasing lock on daemon addresses registry.
2026-03-14T14:57:08.368+0500 [DEBUG] [org.gradle.cache.internal.DefaultFileLockManager] Waiting to acquire shared lock on daemon addresses registry.
2026-03-14T14:57:08.369+0500 [DEBUG] [org.gradle.cache.internal.DefaultFileLockManager] Lock acquired on daemon addresses registry.
2026-03-14T14:57:08.369+0500 [DEBUG] [org.gradle.cache.internal.DefaultFileLockManager] Releasing lock on daemon addresses registry.
2026-03-14T14:57:08.369+0500 [DEBUG] [org.gradle.cache.internal.DefaultFileLockManager] Waiting to acquire shared lock on daemon addresses registry.
2026-03-14T14:57:08.369+0500 [DEBUG] [org.gradle.cache.internal.DefaultFileLockManager] Lock acquired on daemon addresses registry.
2026-03-14T14:57:08.369+0500 [DEBUG] [org.gradle.cache.internal.DefaultFileLockManager] Releasing lock on daemon addresses registry.
2026-03-14T14:57:18.366+0500 [DEBUG] [org.gradle.cache.internal.DefaultFileLockManager] Waiting to acquire shared lock on daemon addresses registry.
2026-03-14T14:57:18.366+0500 [DEBUG] [org.gradle.cache.internal.DefaultFileLockManager] Lock acquired on daemon addresses registry.
2026-03-14T14:57:18.366+0500 [DEBUG] [org.gradle.cache.internal.DefaultFileLockManager] Releasing lock on daemon addresses registry.
2026-03-14T14:57:18.367+0500 [DEBUG] [org.gradle.cache.internal.DefaultFileLockManager] Waiting to acquire shared lock on daemon addresses registry.
2026-03-14T14:57:18.367+0500 [DEBUG] [org.gradle.cache.internal.DefaultFileLockManager] Lock acquired on daemon addresses registry.
2026-03-14T14:57:18.367+0500 [DEBUG] [org.gradle.cache.internal.DefaultFileLockManager] Releasing lock on daemon addresses registry.
2026-03-14T14:57:18.367+0500 [DEBUG] [org.gradle.cache.internal.DefaultFileLockManager] Waiting to acquire shared lock on daemon addresses registry.
2026-03-14T14:57:18.367+0500 [DEBUG] [org.gradle.cache.internal.DefaultFileLockManager] Lock acquired on daemon addresses registry.
2026-03-14T14:57:18.367+0500 [DEBUG] [org.gradle.cache.internal.DefaultFileLockManager] Releasing lock on daemon addresses registry.
2026-03-14T14:57:28.372+0500 [DEBUG] [org.gradle.cache.internal.DefaultFileLockManager] Waiting to acquire shared lock on daemon addresses registry.
2026-03-14T14:57:28.374+0500 [DEBUG] [org.gradle.cache.internal.DefaultFileLockManager] Lock acquired on daemon addresses registry.
2026-03-14T14:57:28.375+0500 [DEBUG] [org.gradle.cache.internal.DefaultFileLockManager] Releasing lock on daemon addresses registry.
2026-03-14T14:57:28.375+0500 [DEBUG] [org.gradle.cache.internal.DefaultFileLockManager] Waiting to acquire shared lock on daemon addresses registry.
2026-03-14T14:57:28.376+0500 [DEBUG] [org.gradle.cache.internal.DefaultFileLockManager] Lock acquired on daemon addresses registry.
2026-03-14T14:57:28.376+0500 [DEBUG] [org.gradle.cache.internal.DefaultFileLockManager] Releasing lock on daemon addresses registry.
2026-03-14T14:57:28.376+0500 [DEBUG] [org.gradle.cache.internal.DefaultFileLockManager] Waiting to acquire shared lock on daemon addresses registry.
2026-03-14T14:57:28.376+0500 [DEBUG] [org.gradle.cache.internal.DefaultFileLockManager] Lock acquired on daemon addresses registry.
2026-03-14T14:57:28.376+0500 [DEBUG] [org.gradle.cache.internal.DefaultFileLockManager] Releasing lock on daemon addresses registry.
2026-03-14T14:57:38.371+0500 [DEBUG] [org.gradle.cache.internal.DefaultFileLockManager] Waiting to acquire shared lock on daemon addresses registry.
2026-03-14T14:57:38.372+0500 [DEBUG] [org.gradle.cache.internal.DefaultFileLockManager] Lock acquired on daemon addresses registry.
2026-03-14T14:57:38.373+0500 [DEBUG] [org.gradle.cache.internal.DefaultFileLockManager] Releasing lock on daemon addresses registry.
2026-03-14T14:57:38.374+0500 [DEBUG] [org.gradle.cache.internal.DefaultFileLockManager] Waiting to acquire shared lock on daemon addresses registry.
2026-03-14T14:57:38.374+0500 [DEBUG] [org.gradle.cache.internal.DefaultFileLockManager] Lock acquired on daemon addresses registry.
2026-03-14T14:57:38.374+0500 [DEBUG] [org.gradle.cache.internal.DefaultFileLockManager] Releasing lock on daemon addresses registry.
2026-03-14T14:57:38.374+0500 [DEBUG] [org.gradle.cache.internal.DefaultFileLockManager] Waiting to acquire shared lock on daemon addresses registry.
2026-03-14T14:57:38.375+0500 [DEBUG] [org.gradle.cache.internal.DefaultFileLockManager] Lock acquired on daemon addresses registry.
2026-03-14T14:57:38.375+0500 [DEBUG] [org.gradle.cache.internal.DefaultFileLockManager] Releasing lock on daemon addresses registry.
2026-03-14T14:57:48.370+0500 [DEBUG] [org.gradle.cache.internal.DefaultFileLockManager] Waiting to acquire shared lock on daemon addresses registry.
2026-03-14T14:57:48.370+0500 [DEBUG] [org.gradle.cache.internal.DefaultFileLockManager] Lock acquired on daemon addresses registry.
2026-03-14T14:57:48.371+0500 [DEBUG] [org.gradle.cache.internal.DefaultFileLockManager] Releasing lock on daemon addresses registry.
2026-03-14T14:57:48.371+0500 [DEBUG] [org.gradle.cache.internal.DefaultFileLockManager] Waiting to acquire shared lock on daemon addresses registry.
2026-03-14T14:57:48.372+0500 [DEBUG] [org.gradle.cache.internal.DefaultFileLockManager] Lock acquired on daemon addresses registry.
2026-03-14T14:57:48.372+0500 [DEBUG] [org.gradle.cache.internal.DefaultFileLockManager] Releasing lock on daemon addresses registry.
2026-03-14T14:57:48.372+0500 [DEBUG] [org.gradle.cache.internal.DefaultFileLockManager] Waiting to acquire shared lock on daemon addresses registry.
2026-03-14T14:57:48.372+0500 [DEBUG] [org.gradle.cache.internal.DefaultFileLockManager] Lock acquired on daemon addresses registry.
2026-03-14T14:57:48.372+0500 [DEBUG] [org.gradle.cache.internal.DefaultFileLockManager] Releasing lock on daemon addresses registry.
2026-03-14T14:57:58.370+0500 [DEBUG] [org.gradle.cache.internal.DefaultFileLockManager] Waiting to acquire shared lock on daemon addresses registry.
2026-03-14T14:57:58.371+0500 [DEBUG] [org.gradle.cache.internal.DefaultFileLockManager] Lock acquired on daemon addresses registry.
2026-03-14T14:57:58.371+0500 [DEBUG] [org.gradle.cache.internal.DefaultFileLockManager] Releasing lock on daemon addresses registry.
2026-03-14T14:57:58.372+0500 [DEBUG] [org.gradle.cache.internal.DefaultFileLockManager] Waiting to acquire shared lock on daemon addresses registry.
2026-03-14T14:57:58.372+0500 [DEBUG] [org.gradle.cache.internal.DefaultFileLockManager] Lock acquired on daemon addresses registry.
2026-03-14T14:57:58.372+0500 [DEBUG] [org.gradle.cache.internal.DefaultFileLockManager] Releasing lock on daemon addresses registry.
2026-03-14T14:57:58.372+0500 [DEBUG] [org.gradle.cache.internal.DefaultFileLockManager] Waiting to acquire shared lock on daemon addresses registry.
2026-03-14T14:57:58.372+0500 [DEBUG] [org.gradle.cache.internal.DefaultFileLockManager] Lock acquired on daemon addresses registry.
2026-03-14T14:57:58.372+0500 [DEBUG] [org.gradle.cache.internal.DefaultFileLockManager] Releasing lock on daemon addresses registry.
2026-03-14T14:58:08.368+0500 [DEBUG] [org.gradle.cache.internal.DefaultFileLockManager] Waiting to acquire shared lock on daemon addresses registry.
2026-03-14T14:58:08.370+0500 [DEBUG] [org.gradle.cache.internal.DefaultFileLockManager] Lock acquired on daemon addresses registry.
2026-03-14T14:58:08.370+0500 [DEBUG] [org.gradle.cache.internal.DefaultFileLockManager] Releasing lock on daemon addresses registry.
2026-03-14T14:58:08.371+0500 [DEBUG] [org.gradle.cache.internal.DefaultFileLockManager] Waiting to acquire shared lock on daemon addresses registry.
2026-03-14T14:58:08.371+0500 [DEBUG] [org.gradle.cache.internal.DefaultFileLockManager] Lock acquired on daemon addresses registry.
2026-03-14T14:58:08.371+0500 [DEBUG] [org.gradle.cache.internal.DefaultFileLockManager] Releasing lock on daemon addresses registry.
2026-03-14T14:58:08.371+0500 [DEBUG] [org.gradle.cache.internal.DefaultFileLockManager] Waiting to acquire shared lock on daemon addresses registry.
2026-03-14T14:58:08.372+0500 [DEBUG] [org.gradle.cache.internal.DefaultFileLockManager] Lock acquired on daemon addresses registry.
2026-03-14T14:58:08.372+0500 [DEBUG] [org.gradle.cache.internal.DefaultFileLockManager] Releasing lock on daemon addresses registry.
2026-03-14T14:58:18.371+0500 [DEBUG] [org.gradle.cache.internal.DefaultFileLockManager] Waiting to acquire shared lock on daemon addresses registry.
2026-03-14T14:58:18.372+0500 [DEBUG] [org.gradle.cache.internal.DefaultFileLockManager] Lock acquired on daemon addresses registry.
2026-03-14T14:58:18.373+0500 [DEBUG] [org.gradle.cache.internal.DefaultFileLockManager] Releasing lock on daemon addresses registry.
2026-03-14T14:58:18.373+0500 [DEBUG] [org.gradle.cache.internal.DefaultFileLockManager] Waiting to acquire shared lock on daemon addresses registry.
2026-03-14T14:58:18.373+0500 [DEBUG] [org.gradle.cache.internal.DefaultFileLockManager] Lock acquired on daemon addresses registry.
2026-03-14T14:58:18.374+0500 [DEBUG] [org.gradle.cache.internal.DefaultFileLockManager] Releasing lock on daemon addresses registry.
2026-03-14T14:58:18.374+0500 [DEBUG] [org.gradle.cache.internal.DefaultFileLockManager] Waiting to acquire shared lock on daemon addresses registry.
2026-03-14T14:58:18.374+0500 [DEBUG] [org.gradle.cache.internal.DefaultFileLockManager] Lock acquired on daemon addresses registry.
2026-03-14T14:58:18.374+0500 [DEBUG] [org.gradle.cache.internal.DefaultFileLockManager] Releasing lock on daemon addresses registry.
2026-03-14T14:58:28.372+0500 [DEBUG] [org.gradle.cache.internal.DefaultFileLockManager] Waiting to acquire shared lock on daemon addresses registry.
2026-03-14T14:58:28.373+0500 [DEBUG] [org.gradle.cache.internal.DefaultFileLockManager] Lock acquired on daemon addresses registry.
2026-03-14T14:58:28.373+0500 [DEBUG] [org.gradle.cache.internal.DefaultFileLockManager] Releasing lock on daemon addresses registry.
2026-03-14T14:58:28.374+0500 [DEBUG] [org.gradle.cache.internal.DefaultFileLockManager] Waiting to acquire shared lock on daemon addresses registry.
2026-03-14T14:58:28.374+0500 [DEBUG] [org.gradle.cache.internal.DefaultFileLockManager] Lock acquired on daemon addresses registry.
2026-03-14T14:58:28.374+0500 [DEBUG] [org.gradle.cache.internal.DefaultFileLockManager] Releasing lock on daemon addresses registry.
2026-03-14T14:58:28.374+0500 [DEBUG] [org.gradle.cache.internal.DefaultFileLockManager] Waiting to acquire shared lock on daemon addresses registry.
2026-03-14T14:58:28.375+0500 [DEBUG] [org.gradle.cache.internal.DefaultFileLockManager] Lock acquired on daemon addresses registry.
2026-03-14T14:58:28.375+0500 [DEBUG] [org.gradle.cache.internal.DefaultFileLockManager] Releasing lock on daemon addresses registry.
2026-03-14T14:58:38.368+0500 [DEBUG] [org.gradle.cache.internal.DefaultFileLockManager] Waiting to acquire shared lock on daemon addresses registry.
2026-03-14T14:58:38.369+0500 [DEBUG] [org.gradle.cache.internal.DefaultFileLockManager] Lock acquired on daemon addresses registry.
2026-03-14T14:58:38.369+0500 [DEBUG] [org.gradle.cache.internal.DefaultFileLockManager] Releasing lock on daemon addresses registry.
2026-03-14T14:58:38.370+0500 [DEBUG] [org.gradle.cache.internal.DefaultFileLockManager] Waiting to acquire shared lock on daemon addresses registry.
2026-03-14T14:58:38.370+0500 [DEBUG] [org.gradle.cache.internal.DefaultFileLockManager] Lock acquired on daemon addresses registry.
2026-03-14T14:58:38.370+0500 [DEBUG] [org.gradle.cache.internal.DefaultFileLockManager] Releasing lock on daemon addresses registry.
2026-03-14T14:58:38.370+0500 [DEBUG] [org.gradle.cache.internal.DefaultFileLockManager] Waiting to acquire shared lock on daemon addresses registry.
2026-03-14T14:58:38.371+0500 [DEBUG] [org.gradle.cache.internal.DefaultFileLockManager] Lock acquired on daemon addresses registry.
2026-03-14T14:58:38.371+0500 [DEBUG] [org.gradle.cache.internal.DefaultFileLockManager] Releasing lock on daemon addresses registry.
2026-03-14T14:58:48.371+0500 [DEBUG] [org.gradle.cache.internal.DefaultFileLockManager] Waiting to acquire shared lock on daemon addresses registry.
2026-03-14T14:58:48.372+0500 [DEBUG] [org.gradle.cache.internal.DefaultFileLockManager] Lock acquired on daemon addresses registry.
2026-03-14T14:58:48.372+0500 [DEBUG] [org.gradle.cache.internal.DefaultFileLockManager] Releasing lock on daemon addresses registry.
2026-03-14T14:58:48.373+0500 [DEBUG] [org.gradle.cache.internal.DefaultFileLockManager] Waiting to acquire shared lock on daemon addresses registry.
2026-03-14T14:58:48.373+0500 [DEBUG] [org.gradle.cache.internal.DefaultFileLockManager] Lock acquired on daemon addresses registry.
2026-03-14T14:58:48.374+0500 [DEBUG] [org.gradle.cache.internal.DefaultFileLockManager] Releasing lock on daemon addresses registry.
2026-03-14T14:58:48.374+0500 [DEBUG] [org.gradle.cache.internal.DefaultFileLockManager] Waiting to acquire shared lock on daemon addresses registry.
2026-03-14T14:58:48.374+0500 [DEBUG] [org.gradle.cache.internal.DefaultFileLockManager] Lock acquired on daemon addresses registry.
2026-03-14T14:58:48.374+0500 [DEBUG] [org.gradle.cache.internal.DefaultFileLockManager] Releasing lock on daemon addresses registry.
2026-03-14T14:58:58.374+0500 [DEBUG] [org.gradle.cache.internal.DefaultFileLockManager] Waiting to acquire shared lock on daemon addresses registry.
2026-03-14T14:58:58.377+0500 [DEBUG] [org.gradle.cache.internal.DefaultFileLockManager] Lock acquired on daemon addresses registry.
2026-03-14T14:58:58.378+0500 [DEBUG] [org.gradle.cache.internal.DefaultFileLockManager] Releasing lock on daemon addresses registry.
2026-03-14T14:58:58.379+0500 [DEBUG] [org.gradle.cache.internal.DefaultFileLockManager] Waiting to acquire shared lock on daemon addresses registry.
2026-03-14T14:58:58.380+0500 [DEBUG] [org.gradle.cache.internal.DefaultFileLockManager] Lock acquired on daemon addresses registry.
2026-03-14T14:58:58.380+0500 [DEBUG] [org.gradle.cache.internal.DefaultFileLockManager] Releasing lock on daemon addresses registry.
2026-03-14T14:58:58.380+0500 [DEBUG] [org.gradle.cache.internal.DefaultFileLockManager] Waiting to acquire shared lock on daemon addresses registry.
2026-03-14T14:58:58.381+0500 [DEBUG] [org.gradle.cache.internal.DefaultFileLockManager] Lock acquired on daemon addresses registry.
2026-03-14T14:58:58.381+0500 [DEBUG] [org.gradle.cache.internal.DefaultFileLockManager] Releasing lock on daemon addresses registry.
2026-03-14T14:59:01.288+0500 [DEBUG] [org.gradle.internal.remote.internal.inet.TcpIncomingConnector] Accepted connection from /127.0.0.1:55418 to /127.0.0.1:54919.
2026-03-14T14:59:01.291+0500 [DEBUG] [org.gradle.launcher.daemon.server.SynchronizedDispatchConnection] thread 587: received class org.gradle.launcher.daemon.protocol.Build
2026-03-14T14:59:01.292+0500 [DEBUG] [org.gradle.launcher.daemon.server.DefaultDaemonConnection] thread 587: Received non-IO message from client: Build{id=e748f099-646e-4dcd-a2db-c640d7bc370a, currentDir=/Users/user/StudioProjects/Jetpack-compose-}
2026-03-14T14:59:01.292+0500 [INFO] [org.gradle.launcher.daemon.server.DefaultIncomingConnectionHandler] Received command: Build{id=e748f099-646e-4dcd-a2db-c640d7bc370a, currentDir=/Users/user/StudioProjects/Jetpack-compose-}.
2026-03-14T14:59:01.292+0500 [DEBUG] [org.gradle.launcher.daemon.server.DefaultIncomingConnectionHandler] Starting executing command: Build{id=e748f099-646e-4dcd-a2db-c640d7bc370a, currentDir=/Users/user/StudioProjects/Jetpack-compose-} with connection: socket connection from /127.0.0.1:54919 to /127.0.0.1:55418.
2026-03-14T14:59:01.292+0500 [DEBUG] [org.gradle.launcher.daemon.server.DaemonStateCoordinator] Command execution: started DaemonCommandExecution[command = Build{id=e748f099-646e-4dcd-a2db-c640d7bc370a, currentDir=/Users/user/StudioProjects/Jetpack-compose-}, connection = DefaultDaemonConnection: socket connection from /127.0.0.1:54919 to /127.0.0.1:55418] after 4.1213 minutes of idle
2026-03-14T14:59:01.293+0500 [INFO] [org.gradle.launcher.daemon.server.DaemonRegistryUpdater] Marking the daemon as busy, address: [e3314c61-88c3-4325-9052-9f15a21f69e7 port:54919, addresses:[localhost/127.0.0.1]]
2026-03-14T14:59:01.293+0500 [DEBUG] [org.gradle.launcher.daemon.registry.PersistentDaemonRegistry] Marking busy by address: [e3314c61-88c3-4325-9052-9f15a21f69e7 port:54919, addresses:[localhost/127.0.0.1]]
2026-03-14T14:59:01.293+0500 [DEBUG] [org.gradle.cache.internal.DefaultFileLockManager] Waiting to acquire exclusive lock on daemon addresses registry.
2026-03-14T14:59:01.293+0500 [DEBUG] [org.gradle.cache.internal.DefaultFileLockManager] Lock acquired on daemon addresses registry.
2026-03-14T14:59:01.294+0500 [DEBUG] [org.gradle.cache.internal.DefaultFileLockManager] Releasing lock on daemon addresses registry.
2026-03-14T14:59:01.294+0500 [DEBUG] [org.gradle.launcher.daemon.server.DaemonStateCoordinator] resetting idle timer
2026-03-14T14:59:01.294+0500 [DEBUG] [org.gradle.launcher.daemon.server.DaemonStateCoordinator] daemon is running. Sleeping until state changes.
2026-03-14T14:59:01.295+0500 [INFO] [org.gradle.launcher.daemon.server.exec.StartBuildOrRespondWithBusy] Daemon is about to start building Build{id=e748f099-646e-4dcd-a2db-c640d7bc370a, currentDir=/Users/user/StudioProjects/Jetpack-compose-}. Dispatching build started information...
2026-03-14T14:59:01.295+0500 [DEBUG] [org.gradle.launcher.daemon.server.SynchronizedDispatchConnection] thread 589: dispatching org.gradle.launcher.daemon.protocol.BuildStarted@548386fe
2026-03-14T14:59:01.296+0500 [DEBUG] [org.gradle.launcher.daemon.server.exec.EstablishBuildEnvironment] Configuring env variables: [PATH, __CFBundleIdentifier, SHELL, JAVA_HOME, OLDPWD, USER, COMMAND_MODE, TMPDIR, SSH_AUTH_SOCK, XPC_FLAGS, __CF_USER_TEXT_ENCODING, LOGNAME, LC_CTYPE, XPC_SERVICE_NAME, HOME]
2026-03-14T14:59:01.300+0500 [DEBUG] [org.gradle.launcher.daemon.server.exec.LogToClient] About to start relaying all logs to the client via the connection.
2026-03-14T14:59:01.300+0500 [INFO] [org.gradle.launcher.daemon.server.exec.LogToClient] The client will now receive all logging from the daemon (pid: 75549). The daemon log file: /Users/user/StudioProjects/Jetpack-compose-/gradle/wrapper/daemon/8.13/daemon-75549.out.log
2026-03-14T14:59:01.301+0500 [INFO] [org.gradle.launcher.daemon.server.exec.LogAndCheckHealth] Starting 5th build in daemon [uptime: 8 mins 3.026 secs, performance: 99%, GC rate: 0.00/s, heap usage: 1% of 2 GiB]
2026-03-14T14:59:01.302+0500 [DEBUG] [org.gradle.launcher.daemon.server.exec.ExecuteBuild] The daemon has started executing the build.
2026-03-14T14:59:01.302+0500 [DEBUG] [org.gradle.launcher.daemon.server.exec.ExecuteBuild] Executing build with daemon context: DefaultDaemonContext[uid=be09e351-5b6f-4876-83a1-c7b09c2203fc,javaHome=/Library/Java/JavaVirtualMachines/temurin-21.jdk/Contents/Home,javaVersion=21,javaVendor=Eclipse Adoptium,daemonRegistryDir=/Users/user/StudioProjects/Jetpack-compose-/gradle/wrapper/daemon,pid=75549,idleTimeout=10800000,priority=NORMAL,applyInstrumentationAgent=true,nativeServicesMode=ENABLED,daemonOpts=-Xmx2048m,-Dfile.encoding=UTF-8,-Duser.country=UZ,-Duser.language=ru,-Duser.variant]

[Incubating] Problems report is available at: file:///Users/user/StudioProjects/Jetpack-compose-/build/reports/problems/problems-report.html

Deprecated Gradle features were used in this build, making it incompatible with Gradle 9.0.

You can use '--warning-mode all' to show the individual deprecation warnings and determine if they come from your own scripts or plugins.

For more on this, please refer to https://docs.gradle.org/8.13/userguide/command_line_interface.html#sec:command_line_warnings in the Gradle documentation.

BUILD SUCCESSFUL in 503ms
45 actionable tasks: 1 executed, 44 up-to-date
2026-03-14T14:59:01.815+0500 [DEBUG] [org.gradle.launcher.daemon.server.exec.ExecuteBuild] The daemon has finished executing the build.
2026-03-14T14:59:01.819+0500 [DEBUG] [org.gradle.launcher.daemon.server.DaemonStateCoordinator] daemon is running. Sleeping until state changes.
2026-03-14T14:59:01.819+0500 [DEBUG] [org.gradle.launcher.daemon.server.DaemonStateCoordinator] Command execution: finished waiting for DaemonCommandExecution[command = Build{id=e748f099-646e-4dcd-a2db-c640d7bc370a, currentDir=/Users/user/StudioProjects/Jetpack-compose-}, connection = DefaultDaemonConnection: socket connection from /127.0.0.1:54919 to /127.0.0.1:55418]. Result org.gradle.launcher.daemon.server.DaemonStateCoordinator@3a6128d3 with state Busy
2026-03-14T14:59:01.820+0500 [DEBUG] [org.gradle.launcher.daemon.server.DaemonStateCoordinator] Command execution: completed DaemonCommandExecution[command = Build{id=e748f099-646e-4dcd-a2db-c640d7bc370a, currentDir=/Users/user/StudioProjects/Jetpack-compose-}, connection = DefaultDaemonConnection: socket connection from /127.0.0.1:54919 to /127.0.0.1:55418]
2026-03-14T14:59:01.820+0500 [DEBUG] [org.gradle.launcher.daemon.server.DaemonStateCoordinator] resetting idle timer
2026-03-14T14:59:01.820+0500 [INFO] [org.gradle.launcher.daemon.server.DaemonRegistryUpdater] Marking the daemon as idle, address: [e3314c61-88c3-4325-9052-9f15a21f69e7 port:54919, addresses:[localhost/127.0.0.1]]
2026-03-14T14:59:01.820+0500 [DEBUG] [org.gradle.launcher.daemon.registry.PersistentDaemonRegistry] Marking busy by address: [e3314c61-88c3-4325-9052-9f15a21f69e7 port:54919, addresses:[localhost/127.0.0.1]]
2026-03-14T14:59:01.820+0500 [DEBUG] [org.gradle.cache.internal.DefaultFileLockManager] Waiting to acquire exclusive lock on daemon addresses registry.
2026-03-14T14:59:01.820+0500 [DEBUG] [org.gradle.cache.internal.DefaultFileLockManager] Lock acquired on daemon addresses registry.
2026-03-14T14:59:01.820+0500 [DEBUG] [org.gradle.cache.internal.DefaultFileLockManager] Releasing lock on daemon addresses registry.
2026-03-14T14:59:01.820+0500 [DEBUG] [org.gradle.launcher.daemon.server.exec.ReturnResult] Daemon is dispatching the build result: Success[value=org.gradle.launcher.exec.BuildActionResult@57743405]
2026-03-14T14:59:01.820+0500 [DEBUG] [org.gradle.launcher.daemon.server.DaemonStateCoordinator] daemon is running. Sleeping until state changes.
2026-03-14T14:59:01.820+0500 [DEBUG] [org.gradle.launcher.daemon.server.SynchronizedDispatchConnection] thread 586: dispatching Success[value=org.gradle.launcher.exec.BuildActionResult@57743405]
2026-03-14T14:59:01.820+0500 [DEBUG] [org.gradle.launcher.daemon.server.exec.CleanUpVirtualFileSystemAfterBuild] Cleaning virtual file system after build finished
2026-03-14T14:59:01.820+0500 [DEBUG] [org.gradle.launcher.daemon.server.DefaultIncomingConnectionHandler] Finishing executing command: Build{id=e748f099-646e-4dcd-a2db-c640d7bc370a, currentDir=/Users/user/StudioProjects/Jetpack-compose-}
2026-03-14T14:59:01.820+0500 [DEBUG] [org.gradle.launcher.daemon.server.SynchronizedDispatchConnection] thread 587: received class org.gradle.launcher.daemon.protocol.CloseInput
2026-03-14T14:59:01.821+0500 [DEBUG] [org.gradle.launcher.daemon.server.DefaultDaemonConnection] thread 587: Received IO message from client: org.gradle.launcher.daemon.protocol.CloseInput@72686902
2026-03-14T14:59:01.821+0500 [DEBUG] [org.gradle.launcher.daemon.server.SynchronizedDispatchConnection] thread 587: received class org.gradle.launcher.daemon.protocol.Finished
2026-03-14T14:59:01.821+0500 [DEBUG] [org.gradle.launcher.daemon.server.DefaultDaemonConnection] thread 587: Received non-IO message from client: org.gradle.launcher.daemon.protocol.Finished@7caf893f
2026-03-14T14:59:01.821+0500 [DEBUG] [org.gradle.launcher.daemon.server.DefaultIncomingConnectionHandler] Received finished message: org.gradle.launcher.daemon.protocol.Finished@7caf893f
2026-03-14T14:59:01.821+0500 [DEBUG] [org.gradle.internal.remote.internal.inet.SocketConnection] Discarding EOFException: java.io.EOFException
2026-03-14T14:59:01.821+0500 [DEBUG] [org.gradle.launcher.daemon.server.SynchronizedDispatchConnection] thread 586: stopping connection
2026-03-14T14:59:01.821+0500 [DEBUG] [org.gradle.launcher.daemon.server.SynchronizedDispatchConnection] thread 587: received null
2026-03-14T14:59:01.821+0500 [DEBUG] [org.gradle.launcher.daemon.server.DefaultDaemonConnection] thread 587: Received end-of-input from client.
2026-03-14T14:59:01.821+0500 [DEBUG] [org.gradle.launcher.daemon.server.SynchronizedDispatchConnection] thread 586: stopping connection
2026-03-14T14:59:08.371+0500 [DEBUG] [org.gradle.cache.internal.DefaultFileLockManager] Waiting to acquire shared lock on daemon addresses registry.
2026-03-14T14:59:08.373+0500 [DEBUG] [org.gradle.cache.internal.DefaultFileLockManager] Lock acquired on daemon addresses registry.
2026-03-14T14:59:08.374+0500 [DEBUG] [org.gradle.cache.internal.DefaultFileLockManager] Releasing lock on daemon addresses registry.
2026-03-14T14:59:08.375+0500 [DEBUG] [org.gradle.cache.internal.DefaultFileLockManager] Waiting to acquire shared lock on daemon addresses registry.
2026-03-14T14:59:08.375+0500 [DEBUG] [org.gradle.cache.internal.DefaultFileLockManager] Lock acquired on daemon addresses registry.
2026-03-14T14:59:08.375+0500 [DEBUG] [org.gradle.cache.internal.DefaultFileLockManager] Releasing lock on daemon addresses registry.
2026-03-14T14:59:18.370+0500 [DEBUG] [org.gradle.cache.internal.DefaultFileLockManager] Waiting to acquire shared lock on daemon addresses registry.
2026-03-14T14:59:18.370+0500 [DEBUG] [org.gradle.cache.internal.DefaultFileLockManager] Lock acquired on daemon addresses registry.
2026-03-14T14:59:18.371+0500 [DEBUG] [org.gradle.cache.internal.DefaultFileLockManager] Releasing lock on daemon addresses registry.
2026-03-14T14:59:18.372+0500 [DEBUG] [org.gradle.cache.internal.DefaultFileLockManager] Waiting to acquire shared lock on daemon addresses registry.
2026-03-14T14:59:18.372+0500 [DEBUG] [org.gradle.cache.internal.DefaultFileLockManager] Lock acquired on daemon addresses registry.
2026-03-14T14:59:18.372+0500 [DEBUG] [org.gradle.cache.internal.DefaultFileLockManager] Releasing lock on daemon addresses registry.
2026-03-14T14:59:18.373+0500 [DEBUG] [org.gradle.cache.internal.DefaultFileLockManager] Waiting to acquire shared lock on daemon addresses registry.
2026-03-14T14:59:18.373+0500 [DEBUG] [org.gradle.cache.internal.DefaultFileLockManager] Lock acquired on daemon addresses registry.
2026-03-14T14:59:18.373+0500 [DEBUG] [org.gradle.cache.internal.DefaultFileLockManager] Releasing lock on daemon addresses registry.
2026-03-14T14:59:28.366+0500 [DEBUG] [org.gradle.cache.internal.DefaultFileLockManager] Waiting to acquire shared lock on daemon addresses registry.
2026-03-14T14:59:28.366+0500 [DEBUG] [org.gradle.cache.internal.DefaultFileLockManager] Lock acquired on daemon addresses registry.
2026-03-14T14:59:28.366+0500 [DEBUG] [org.gradle.cache.internal.DefaultFileLockManager] Releasing lock on daemon addresses registry.
2026-03-14T14:59:28.367+0500 [DEBUG] [org.gradle.cache.internal.DefaultFileLockManager] Waiting to acquire shared lock on daemon addresses registry.
2026-03-14T14:59:28.367+0500 [DEBUG] [org.gradle.cache.internal.DefaultFileLockManager] Lock acquired on daemon addresses registry.
2026-03-14T14:59:28.367+0500 [DEBUG] [org.gradle.cache.internal.DefaultFileLockManager] Releasing lock on daemon addresses registry.
2026-03-14T14:59:28.367+0500 [DEBUG] [org.gradle.cache.internal.DefaultFileLockManager] Waiting to acquire shared lock on daemon addresses registry.
2026-03-14T14:59:28.367+0500 [DEBUG] [org.gradle.cache.internal.DefaultFileLockManager] Lock acquired on daemon addresses registry.
2026-03-14T14:59:28.368+0500 [DEBUG] [org.gradle.cache.internal.DefaultFileLockManager] Releasing lock on daemon addresses registry.
2026-03-14T14:59:31.439+0500 [DEBUG] [sun.rmi.transport.tcp] RMI TCP Connection(12)-127.0.0.1: accepted socket from [127.0.0.1:55458]
2026-03-14T14:59:31.446+0500 [DEBUG] [sun.rmi.transport.tcp] RMI TCP Connection(12)-127.0.0.1: (port 54929) op = 80
2026-03-14T14:59:31.449+0500 [DEBUG] [sun.rmi.loader] RMI TCP Connection(12)-127.0.0.1: name = "[Ljava.rmi.server.ObjID;", codebase = "", defaultLoader = jdk.internal.loader.ClassLoaders$PlatformClassLoader@30e1411f
2026-03-14T14:59:31.450+0500 [DEBUG] [sun.rmi.loader] RMI TCP Connection(12)-127.0.0.1: name = "java.rmi.dgc.Lease", codebase = "", defaultLoader = jdk.internal.loader.ClassLoaders$PlatformClassLoader@30e1411f
2026-03-14T14:59:31.450+0500 [DEBUG] [sun.rmi.loader] RMI TCP Connection(12)-127.0.0.1: name = "java.rmi.dgc.VMID", codebase = "", defaultLoader = jdk.internal.loader.ClassLoaders$PlatformClassLoader@30e1411f
2026-03-14T14:59:31.450+0500 [DEBUG] [sun.rmi.loader] RMI TCP Connection(12)-127.0.0.1: name = "[B", codebase = "", defaultLoader = jdk.internal.loader.ClassLoaders$PlatformClassLoader@30e1411f
2026-03-14T14:59:31.450+0500 [DEBUG] [sun.rmi.loader] RMI TCP Connection(12)-127.0.0.1: name = "java.rmi.server.UID", codebase = "", defaultLoader = jdk.internal.loader.ClassLoaders$PlatformClassLoader@30e1411f
2026-03-14T14:59:38.367+0500 [DEBUG] [org.gradle.cache.internal.DefaultFileLockManager] Waiting to acquire shared lock on daemon addresses registry.
2026-03-14T14:59:38.368+0500 [DEBUG] [org.gradle.cache.internal.DefaultFileLockManager] Lock acquired on daemon addresses registry.
2026-03-14T14:59:38.369+0500 [DEBUG] [org.gradle.cache.internal.DefaultFileLockManager] Releasing lock on daemon addresses registry.
2026-03-14T14:59:38.369+0500 [DEBUG] [org.gradle.cache.internal.DefaultFileLockManager] Waiting to acquire shared lock on daemon addresses registry.
2026-03-14T14:59:38.370+0500 [DEBUG] [org.gradle.cache.internal.DefaultFileLockManager] Lock acquired on daemon addresses registry.
2026-03-14T14:59:38.370+0500 [DEBUG] [org.gradle.cache.internal.DefaultFileLockManager] Releasing lock on daemon addresses registry.
2026-03-14T14:59:38.370+0500 [DEBUG] [org.gradle.cache.internal.DefaultFileLockManager] Waiting to acquire shared lock on daemon addresses registry.
2026-03-14T14:59:38.370+0500 [DEBUG] [org.gradle.cache.internal.DefaultFileLockManager] Lock acquired on daemon addresses registry.
2026-03-14T14:59:38.370+0500 [DEBUG] [org.gradle.cache.internal.DefaultFileLockManager] Releasing lock on daemon addresses registry.
2026-03-14T14:59:46.463+0500 [DEBUG] [sun.rmi.transport.tcp] RMI TCP Connection(12)-127.0.0.1: (port 54929) connection closed
2026-03-14T14:59:46.463+0500 [DEBUG] [sun.rmi.transport.tcp] RMI TCP Connection(12)-127.0.0.1: close connection, socket: Socket[addr=/127.0.0.1,port=55458,localport=54929]
2026-03-14T14:59:46.464+0500 [DEBUG] [sun.rmi.transport.tcp] RMI TCP Connection(12)-127.0.0.1: socket close: Socket[addr=/127.0.0.1,port=55458,localport=54929]
2026-03-14T14:59:48.369+0500 [DEBUG] [org.gradle.cache.internal.DefaultFileLockManager] Waiting to acquire shared lock on daemon addresses registry.
2026-03-14T14:59:48.370+0500 [DEBUG] [org.gradle.cache.internal.DefaultFileLockManager] Lock acquired on daemon addresses registry.
2026-03-14T14:59:48.370+0500 [DEBUG] [org.gradle.cache.internal.DefaultFileLockManager] Releasing lock on daemon addresses registry.
2026-03-14T14:59:48.371+0500 [DEBUG] [org.gradle.cache.internal.DefaultFileLockManager] Waiting to acquire shared lock on daemon addresses registry.
2026-03-14T14:59:48.371+0500 [DEBUG] [org.gradle.cache.internal.DefaultFileLockManager] Lock acquired on daemon addresses registry.
2026-03-14T14:59:48.372+0500 [DEBUG] [org.gradle.cache.internal.DefaultFileLockManager] Releasing lock on daemon addresses registry.
2026-03-14T14:59:48.372+0500 [DEBUG] [org.gradle.cache.internal.DefaultFileLockManager] Waiting to acquire shared lock on daemon addresses registry.
2026-03-14T14:59:48.372+0500 [DEBUG] [org.gradle.cache.internal.DefaultFileLockManager] Lock acquired on daemon addresses registry.
2026-03-14T14:59:48.372+0500 [DEBUG] [org.gradle.cache.internal.DefaultFileLockManager] Releasing lock on daemon addresses registry.
2026-03-14T14:59:58.369+0500 [DEBUG] [org.gradle.cache.internal.DefaultFileLockManager] Waiting to acquire shared lock on daemon addresses registry.
2026-03-14T14:59:58.371+0500 [DEBUG] [org.gradle.cache.internal.DefaultFileLockManager] Lock acquired on daemon addresses registry.
2026-03-14T14:59:58.371+0500 [DEBUG] [org.gradle.cache.internal.DefaultFileLockManager] Releasing lock on daemon addresses registry.
2026-03-14T14:59:58.371+0500 [DEBUG] [org.gradle.cache.internal.DefaultFileLockManager] Waiting to acquire shared lock on daemon addresses registry.
2026-03-14T14:59:58.372+0500 [DEBUG] [org.gradle.cache.internal.DefaultFileLockManager] Lock acquired on daemon addresses registry.
2026-03-14T14:59:58.372+0500 [DEBUG] [org.gradle.cache.internal.DefaultFileLockManager] Releasing lock on daemon addresses registry.
2026-03-14T14:59:58.372+0500 [DEBUG] [org.gradle.cache.internal.DefaultFileLockManager] Waiting to acquire shared lock on daemon addresses registry.
2026-03-14T14:59:58.372+0500 [DEBUG] [org.gradle.cache.internal.DefaultFileLockManager] Lock acquired on daemon addresses registry.
2026-03-14T14:59:58.373+0500 [DEBUG] [org.gradle.cache.internal.DefaultFileLockManager] Releasing lock on daemon addresses registry.
2026-03-14T15:00:08.366+0500 [DEBUG] [org.gradle.cache.internal.DefaultFileLockManager] Waiting to acquire shared lock on daemon addresses registry.
2026-03-14T15:00:08.367+0500 [DEBUG] [org.gradle.cache.internal.DefaultFileLockManager] Lock acquired on daemon addresses registry.
2026-03-14T15:00:08.368+0500 [DEBUG] [org.gradle.cache.internal.DefaultFileLockManager] Releasing lock on daemon addresses registry.
2026-03-14T15:00:08.369+0500 [DEBUG] [org.gradle.cache.internal.DefaultFileLockManager] Waiting to acquire shared lock on daemon addresses registry.
2026-03-14T15:00:08.369+0500 [DEBUG] [org.gradle.cache.internal.DefaultFileLockManager] Lock acquired on daemon addresses registry.
2026-03-14T15:00:08.369+0500 [DEBUG] [org.gradle.cache.internal.DefaultFileLockManager] Releasing lock on daemon addresses registry.
2026-03-14T15:00:08.369+0500 [DEBUG] [org.gradle.cache.internal.DefaultFileLockManager] Waiting to acquire shared lock on daemon addresses registry.
2026-03-14T15:00:08.369+0500 [DEBUG] [org.gradle.cache.internal.DefaultFileLockManager] Lock acquired on daemon addresses registry.
2026-03-14T15:00:08.369+0500 [DEBUG] [org.gradle.cache.internal.DefaultFileLockManager] Releasing lock on daemon addresses registry.
2026-03-14T15:00:18.369+0500 [DEBUG] [org.gradle.cache.internal.DefaultFileLockManager] Waiting to acquire shared lock on daemon addresses registry.
2026-03-14T15:00:18.370+0500 [DEBUG] [org.gradle.cache.internal.DefaultFileLockManager] Lock acquired on daemon addresses registry.
2026-03-14T15:00:18.371+0500 [DEBUG] [org.gradle.cache.internal.DefaultFileLockManager] Releasing lock on daemon addresses registry.
2026-03-14T15:00:18.371+0500 [DEBUG] [org.gradle.cache.internal.DefaultFileLockManager] Waiting to acquire shared lock on daemon addresses registry.
2026-03-14T15:00:18.371+0500 [DEBUG] [org.gradle.cache.internal.DefaultFileLockManager] Lock acquired on daemon addresses registry.
2026-03-14T15:00:18.371+0500 [DEBUG] [org.gradle.cache.internal.DefaultFileLockManager] Releasing lock on daemon addresses registry.
2026-03-14T15:00:18.372+0500 [DEBUG] [org.gradle.cache.internal.DefaultFileLockManager] Waiting to acquire shared lock on daemon addresses registry.
2026-03-14T15:00:18.372+0500 [DEBUG] [org.gradle.cache.internal.DefaultFileLockManager] Lock acquired on daemon addresses registry.
2026-03-14T15:00:18.372+0500 [DEBUG] [org.gradle.cache.internal.DefaultFileLockManager] Releasing lock on daemon addresses registry.
2026-03-14T15:00:25.780+0500 [DEBUG] [org.gradle.internal.watch.vfs.impl.WatchingVirtualFileSystem] Handling VFS change MODIFIED /Users/user/StudioProjects/Jetpack-compose-/app/src/main/java/data/navigation/AppNavGraph.kt
2026-03-14T15:00:28.369+0500 [DEBUG] [org.gradle.cache.internal.DefaultFileLockManager] Waiting to acquire shared lock on daemon addresses registry.
2026-03-14T15:00:28.369+0500 [DEBUG] [org.gradle.cache.internal.DefaultFileLockManager] Lock acquired on daemon addresses registry.
2026-03-14T15:00:28.369+0500 [DEBUG] [org.gradle.cache.internal.DefaultFileLockManager] Releasing lock on daemon addresses registry.
2026-03-14T15:00:28.370+0500 [DEBUG] [org.gradle.cache.internal.DefaultFileLockManager] Waiting to acquire shared lock on daemon addresses registry.
2026-03-14T15:00:28.370+0500 [DEBUG] [org.gradle.cache.internal.DefaultFileLockManager] Lock acquired on daemon addresses registry.
2026-03-14T15:00:28.370+0500 [DEBUG] [org.gradle.cache.internal.DefaultFileLockManager] Releasing lock on daemon addresses registry.
2026-03-14T15:00:28.371+0500 [DEBUG] [org.gradle.cache.internal.DefaultFileLockManager] Waiting to acquire shared lock on daemon addresses registry.
2026-03-14T15:00:28.371+0500 [DEBUG] [org.gradle.cache.internal.DefaultFileLockManager] Lock acquired on daemon addresses registry.
2026-03-14T15:00:28.371+0500 [DEBUG] [org.gradle.cache.internal.DefaultFileLockManager] Releasing lock on daemon addresses registry.
2026-03-14T15:00:38.365+0500 [DEBUG] [org.gradle.cache.internal.DefaultFileLockManager] Waiting to acquire shared lock on daemon addresses registry.
2026-03-14T15:00:38.367+0500 [DEBUG] [org.gradle.cache.internal.DefaultFileLockManager] Lock acquired on daemon addresses registry.
2026-03-14T15:00:38.368+0500 [DEBUG] [org.gradle.cache.internal.DefaultFileLockManager] Releasing lock on daemon addresses registry.
2026-03-14T15:00:38.369+0500 [DEBUG] [org.gradle.cache.internal.DefaultFileLockManager] Waiting to acquire shared lock on daemon addresses registry.
2026-03-14T15:00:38.369+0500 [DEBUG] [org.gradle.cache.internal.DefaultFileLockManager] Lock acquired on daemon addresses registry.
2026-03-14T15:00:38.369+0500 [DEBUG] [org.gradle.cache.internal.DefaultFileLockManager] Releasing lock on daemon addresses registry.
2026-03-14T15:00:38.369+0500 [DEBUG] [org.gradle.cache.internal.DefaultFileLockManager] Waiting to acquire shared lock on daemon addresses registry.
2026-03-14T15:00:38.370+0500 [DEBUG] [org.gradle.cache.internal.DefaultFileLockManager] Lock acquired on daemon addresses registry.
2026-03-14T15:00:38.370+0500 [DEBUG] [org.gradle.cache.internal.DefaultFileLockManager] Releasing lock on daemon addresses registry.
2026-03-14T15:00:48.367+0500 [DEBUG] [org.gradle.cache.internal.DefaultFileLockManager] Waiting to acquire shared lock on daemon addresses registry.
2026-03-14T15:00:48.368+0500 [DEBUG] [org.gradle.cache.internal.DefaultFileLockManager] Lock acquired on daemon addresses registry.
2026-03-14T15:00:48.368+0500 [DEBUG] [org.gradle.cache.internal.DefaultFileLockManager] Releasing lock on daemon addresses registry.
2026-03-14T15:00:48.369+0500 [DEBUG] [org.gradle.cache.internal.DefaultFileLockManager] Waiting to acquire shared lock on daemon addresses registry.
2026-03-14T15:00:48.370+0500 [DEBUG] [org.gradle.cache.internal.DefaultFileLockManager] Lock acquired on daemon addresses registry.
2026-03-14T15:00:48.370+0500 [DEBUG] [org.gradle.cache.internal.DefaultFileLockManager] Releasing lock on daemon addresses registry.
2026-03-14T15:00:48.370+0500 [DEBUG] [org.gradle.cache.internal.DefaultFileLockManager] Waiting to acquire shared lock on daemon addresses registry.
2026-03-14T15:00:48.371+0500 [DEBUG] [org.gradle.cache.internal.DefaultFileLockManager] Lock acquired on daemon addresses registry.
2026-03-14T15:00:48.371+0500 [DEBUG] [org.gradle.cache.internal.DefaultFileLockManager] Releasing lock on daemon addresses registry.
2026-03-14T15:00:58.366+0500 [DEBUG] [org.gradle.cache.internal.DefaultFileLockManager] Waiting to acquire shared lock on daemon addresses registry.
2026-03-14T15:00:58.367+0500 [DEBUG] [org.gradle.cache.internal.DefaultFileLockManager] Lock acquired on daemon addresses registry.
2026-03-14T15:00:58.367+0500 [DEBUG] [org.gradle.cache.internal.DefaultFileLockManager] Releasing lock on daemon addresses registry.
2026-03-14T15:00:58.368+0500 [DEBUG] [org.gradle.cache.internal.DefaultFileLockManager] Waiting to acquire shared lock on daemon addresses registry.
2026-03-14T15:00:58.368+0500 [DEBUG] [org.gradle.cache.internal.DefaultFileLockManager] Lock acquired on daemon addresses registry.
2026-03-14T15:00:58.368+0500 [DEBUG] [org.gradle.cache.internal.DefaultFileLockManager] Releasing lock on daemon addresses registry.
2026-03-14T15:00:58.368+0500 [DEBUG] [org.gradle.cache.internal.DefaultFileLockManager] Waiting to acquire shared lock on daemon addresses registry.
2026-03-14T15:00:58.369+0500 [DEBUG] [org.gradle.cache.internal.DefaultFileLockManager] Lock acquired on daemon addresses registry.
2026-03-14T15:00:58.369+0500 [DEBUG] [org.gradle.cache.internal.DefaultFileLockManager] Releasing lock on daemon addresses registry.
2026-03-14T15:01:08.368+0500 [DEBUG] [org.gradle.cache.internal.DefaultFileLockManager] Waiting to acquire shared lock on daemon addresses registry.
2026-03-14T15:01:08.368+0500 [DEBUG] [org.gradle.cache.internal.DefaultFileLockManager] Lock acquired on daemon addresses registry.
2026-03-14T15:01:08.369+0500 [DEBUG] [org.gradle.cache.internal.DefaultFileLockManager] Releasing lock on daemon addresses registry.
2026-03-14T15:01:08.369+0500 [DEBUG] [org.gradle.cache.internal.DefaultFileLockManager] Waiting to acquire shared lock on daemon addresses registry.
2026-03-14T15:01:08.370+0500 [DEBUG] [org.gradle.cache.internal.DefaultFileLockManager] Lock acquired on daemon addresses registry.
2026-03-14T15:01:08.370+0500 [DEBUG] [org.gradle.cache.internal.DefaultFileLockManager] Releasing lock on daemon addresses registry.
2026-03-14T15:01:08.370+0500 [DEBUG] [org.gradle.cache.internal.DefaultFileLockManager] Waiting to acquire shared lock on daemon addresses registry.
2026-03-14T15:01:08.371+0500 [DEBUG] [org.gradle.cache.internal.DefaultFileLockManager] Lock acquired on daemon addresses registry.
2026-03-14T15:01:08.371+0500 [DEBUG] [org.gradle.cache.internal.DefaultFileLockManager] Releasing lock on daemon addresses registry.
2026-03-14T15:01:18.364+0500 [DEBUG] [org.gradle.cache.internal.DefaultFileLockManager] Waiting to acquire shared lock on daemon addresses registry.
2026-03-14T15:01:18.366+0500 [DEBUG] [org.gradle.cache.internal.DefaultFileLockManager] Lock acquired on daemon addresses registry.
2026-03-14T15:01:18.366+0500 [DEBUG] [org.gradle.cache.internal.DefaultFileLockManager] Releasing lock on daemon addresses registry.
2026-03-14T15:01:18.367+0500 [DEBUG] [org.gradle.cache.internal.DefaultFileLockManager] Waiting to acquire shared lock on daemon addresses registry.
2026-03-14T15:01:18.367+0500 [DEBUG] [org.gradle.cache.internal.DefaultFileLockManager] Lock acquired on daemon addresses registry.
2026-03-14T15:01:18.367+0500 [DEBUG] [org.gradle.cache.internal.DefaultFileLockManager] Releasing lock on daemon addresses registry.
2026-03-14T15:01:18.368+0500 [DEBUG] [org.gradle.cache.internal.DefaultFileLockManager] Waiting to acquire shared lock on daemon addresses registry.
2026-03-14T15:01:18.368+0500 [DEBUG] [org.gradle.cache.internal.DefaultFileLockManager] Lock acquired on daemon addresses registry.
2026-03-14T15:01:18.368+0500 [DEBUG] [org.gradle.cache.internal.DefaultFileLockManager] Releasing lock on daemon addresses registry.
2026-03-14T15:01:28.368+0500 [DEBUG] [org.gradle.cache.internal.DefaultFileLockManager] Waiting to acquire shared lock on daemon addresses registry.
2026-03-14T15:01:28.369+0500 [DEBUG] [org.gradle.cache.internal.DefaultFileLockManager] Lock acquired on daemon addresses registry.
2026-03-14T15:01:28.370+0500 [DEBUG] [org.gradle.cache.internal.DefaultFileLockManager] Releasing lock on daemon addresses registry.
2026-03-14T15:01:28.371+0500 [DEBUG] [org.gradle.cache.internal.DefaultFileLockManager] Waiting to acquire shared lock on daemon addresses registry.
2026-03-14T15:01:28.371+0500 [DEBUG] [org.gradle.cache.internal.DefaultFileLockManager] Lock acquired on daemon addresses registry.
2026-03-14T15:01:28.371+0500 [DEBUG] [org.gradle.cache.internal.DefaultFileLockManager] Releasing lock on daemon addresses registry.
2026-03-14T15:01:28.372+0500 [DEBUG] [org.gradle.cache.internal.DefaultFileLockManager] Waiting to acquire shared lock on daemon addresses registry.
2026-03-14T15:01:28.372+0500 [DEBUG] [org.gradle.cache.internal.DefaultFileLockManager] Lock acquired on daemon addresses registry.
2026-03-14T15:01:28.372+0500 [DEBUG] [org.gradle.cache.internal.DefaultFileLockManager] Releasing lock on daemon addresses registry.
2026-03-14T15:01:38.368+0500 [DEBUG] [org.gradle.cache.internal.DefaultFileLockManager] Waiting to acquire shared lock on daemon addresses registry.
2026-03-14T15:01:38.369+0500 [DEBUG] [org.gradle.cache.internal.DefaultFileLockManager] Lock acquired on daemon addresses registry.
2026-03-14T15:01:38.370+0500 [DEBUG] [org.gradle.cache.internal.DefaultFileLockManager] Releasing lock on daemon addresses registry.
2026-03-14T15:01:38.370+0500 [DEBUG] [org.gradle.cache.internal.DefaultFileLockManager] Waiting to acquire shared lock on daemon addresses registry.
2026-03-14T15:01:38.370+0500 [DEBUG] [org.gradle.cache.internal.DefaultFileLockManager] Lock acquired on daemon addresses registry.
2026-03-14T15:01:38.370+0500 [DEBUG] [org.gradle.cache.internal.DefaultFileLockManager] Releasing lock on daemon addresses registry.
2026-03-14T15:01:38.370+0500 [DEBUG] [org.gradle.cache.internal.DefaultFileLockManager] Waiting to acquire shared lock on daemon addresses registry.
2026-03-14T15:01:38.370+0500 [DEBUG] [org.gradle.cache.internal.DefaultFileLockManager] Lock acquired on daemon addresses registry.
2026-03-14T15:01:38.370+0500 [DEBUG] [org.gradle.cache.internal.DefaultFileLockManager] Releasing lock on daemon addresses registry.
2026-03-14T15:01:44.798+0500 [DEBUG] [org.gradle.internal.remote.internal.inet.TcpIncomingConnector] Accepted connection from /127.0.0.1:55576 to /127.0.0.1:54919.
2026-03-14T15:01:44.798+0500 [DEBUG] [org.gradle.internal.watch.vfs.impl.WatchingVirtualFileSystem] Handling VFS change MODIFIED /Users/user/StudioProjects/Jetpack-compose-/app/src/main/java/data/viewModel/server/EpisodeListViewModel.kt
2026-03-14T15:01:44.800+0500 [DEBUG] [org.gradle.launcher.daemon.server.SynchronizedDispatchConnection] thread 702: received class org.gradle.launcher.daemon.protocol.Build
2026-03-14T15:01:44.801+0500 [DEBUG] [org.gradle.launcher.daemon.server.DefaultDaemonConnection] thread 702: Received non-IO message from client: Build{id=44e449af-4e12-42d6-84f3-4d907cac2a21, currentDir=/Users/user/StudioProjects/Jetpack-compose-}
2026-03-14T15:01:44.801+0500 [INFO] [org.gradle.launcher.daemon.server.DefaultIncomingConnectionHandler] Received command: Build{id=44e449af-4e12-42d6-84f3-4d907cac2a21, currentDir=/Users/user/StudioProjects/Jetpack-compose-}.
2026-03-14T15:01:44.801+0500 [DEBUG] [org.gradle.launcher.daemon.server.DefaultIncomingConnectionHandler] Starting executing command: Build{id=44e449af-4e12-42d6-84f3-4d907cac2a21, currentDir=/Users/user/StudioProjects/Jetpack-compose-} with connection: socket connection from /127.0.0.1:54919 to /127.0.0.1:55576.
2026-03-14T15:01:44.801+0500 [DEBUG] [org.gradle.launcher.daemon.server.DaemonStateCoordinator] Command execution: started DaemonCommandExecution[command = Build{id=44e449af-4e12-42d6-84f3-4d907cac2a21, currentDir=/Users/user/StudioProjects/Jetpack-compose-}, connection = DefaultDaemonConnection: socket connection from /127.0.0.1:54919 to /127.0.0.1:55576] after 2.7164 minutes of idle
2026-03-14T15:01:44.801+0500 [INFO] [org.gradle.launcher.daemon.server.DaemonRegistryUpdater] Marking the daemon as busy, address: [e3314c61-88c3-4325-9052-9f15a21f69e7 port:54919, addresses:[localhost/127.0.0.1]]
2026-03-14T15:01:44.801+0500 [DEBUG] [org.gradle.launcher.daemon.registry.PersistentDaemonRegistry] Marking busy by address: [e3314c61-88c3-4325-9052-9f15a21f69e7 port:54919, addresses:[localhost/127.0.0.1]]
2026-03-14T15:01:44.801+0500 [DEBUG] [org.gradle.cache.internal.DefaultFileLockManager] Waiting to acquire exclusive lock on daemon addresses registry.
2026-03-14T15:01:44.802+0500 [DEBUG] [org.gradle.cache.internal.DefaultFileLockManager] Lock acquired on daemon addresses registry.
2026-03-14T15:01:44.803+0500 [DEBUG] [org.gradle.cache.internal.DefaultFileLockManager] Releasing lock on daemon addresses registry.
2026-03-14T15:01:44.803+0500 [DEBUG] [org.gradle.launcher.daemon.server.DaemonStateCoordinator] resetting idle timer
2026-03-14T15:01:44.803+0500 [DEBUG] [org.gradle.launcher.daemon.server.DaemonStateCoordinator] daemon is running. Sleeping until state changes.
2026-03-14T15:01:44.803+0500 [INFO] [org.gradle.launcher.daemon.server.exec.StartBuildOrRespondWithBusy] Daemon is about to start building Build{id=44e449af-4e12-42d6-84f3-4d907cac2a21, currentDir=/Users/user/StudioProjects/Jetpack-compose-}. Dispatching build started information...
2026-03-14T15:01:44.803+0500 [DEBUG] [org.gradle.launcher.daemon.server.SynchronizedDispatchConnection] thread 704: dispatching org.gradle.launcher.daemon.protocol.BuildStarted@72f48f35
2026-03-14T15:01:44.803+0500 [DEBUG] [org.gradle.launcher.daemon.server.exec.EstablishBuildEnvironment] Configuring env variables: [PATH, __CFBundleIdentifier, SHELL, JAVA_HOME, OLDPWD, USER, COMMAND_MODE, TMPDIR, SSH_AUTH_SOCK, XPC_FLAGS, __CF_USER_TEXT_ENCODING, LOGNAME, LC_CTYPE, XPC_SERVICE_NAME, HOME]
2026-03-14T15:01:44.804+0500 [DEBUG] [org.gradle.launcher.daemon.server.exec.LogToClient] About to start relaying all logs to the client via the connection.
2026-03-14T15:01:44.804+0500 [INFO] [org.gradle.launcher.daemon.server.exec.LogToClient] The client will now receive all logging from the daemon (pid: 75549). The daemon log file: /Users/user/StudioProjects/Jetpack-compose-/gradle/wrapper/daemon/8.13/daemon-75549.out.log
2026-03-14T15:01:44.805+0500 [INFO] [org.gradle.launcher.daemon.server.exec.LogAndCheckHealth] Starting 6th build in daemon [uptime: 10 mins 46.533 secs, performance: 99%, GC rate: 0.00/s, heap usage: 1% of 2 GiB]
2026-03-14T15:01:44.805+0500 [DEBUG] [org.gradle.launcher.daemon.server.exec.ExecuteBuild] The daemon has started executing the build.
2026-03-14T15:01:44.806+0500 [DEBUG] [org.gradle.launcher.daemon.server.exec.ExecuteBuild] Executing build with daemon context: DefaultDaemonContext[uid=be09e351-5b6f-4876-83a1-c7b09c2203fc,javaHome=/Library/Java/JavaVirtualMachines/temurin-21.jdk/Contents/Home,javaVersion=21,javaVendor=Eclipse Adoptium,daemonRegistryDir=/Users/user/StudioProjects/Jetpack-compose-/gradle/wrapper/daemon,pid=75549,idleTimeout=10800000,priority=NORMAL,applyInstrumentationAgent=true,nativeServicesMode=ENABLED,daemonOpts=-Xmx2048m,-Dfile.encoding=UTF-8,-Duser.country=UZ,-Duser.language=ru,-Duser.variant]
w: file:///Users/user/StudioProjects/Jetpack-compose-/app/src/main/java/data/viewModel/server/EpisodeListViewModel.kt:101:72 Elvis operator (?:) always returns the left operand of non-nullable type Int
w: file:///Users/user/StudioProjects/Jetpack-compose-/app/src/main/java/data/viewModel/server/EpisodeListViewModel.kt:102:66 Elvis operator (?:) always returns the left operand of non-nullable type Boolean

[Incubating] Problems report is available at: file:///Users/user/StudioProjects/Jetpack-compose-/build/reports/problems/problems-report.html

Deprecated Gradle features were used in this build, making it incompatible with Gradle 9.0.

You can use '--warning-mode all' to show the individual deprecation warnings and determine if they come from your own scripts or plugins.

For more on this, please refer to https://docs.gradle.org/8.13/userguide/command_line_interface.html#sec:command_line_warnings in the Gradle documentation.

BUILD SUCCESSFUL in 5s
45 actionable tasks: 12 executed, 33 up-to-date
2026-03-14T15:01:50.445+0500 [DEBUG] [org.gradle.launcher.daemon.server.exec.ExecuteBuild] The daemon has finished executing the build.
2026-03-14T15:01:50.447+0500 [DEBUG] [org.gradle.launcher.daemon.server.DaemonStateCoordinator] daemon is running. Sleeping until state changes.
2026-03-14T15:01:50.447+0500 [DEBUG] [org.gradle.launcher.daemon.server.DaemonStateCoordinator] Command execution: finished waiting for DaemonCommandExecution[command = Build{id=44e449af-4e12-42d6-84f3-4d907cac2a21, currentDir=/Users/user/StudioProjects/Jetpack-compose-}, connection = DefaultDaemonConnection: socket connection from /127.0.0.1:54919 to /127.0.0.1:55576]. Result org.gradle.launcher.daemon.server.DaemonStateCoordinator@3a6128d3 with state Busy
2026-03-14T15:01:50.447+0500 [DEBUG] [org.gradle.launcher.daemon.server.DaemonStateCoordinator] Command execution: completed DaemonCommandExecution[command = Build{id=44e449af-4e12-42d6-84f3-4d907cac2a21, currentDir=/Users/user/StudioProjects/Jetpack-compose-}, connection = DefaultDaemonConnection: socket connection from /127.0.0.1:54919 to /127.0.0.1:55576]
2026-03-14T15:01:50.447+0500 [DEBUG] [org.gradle.launcher.daemon.server.DaemonStateCoordinator] resetting idle timer
2026-03-14T15:01:50.447+0500 [INFO] [org.gradle.launcher.daemon.server.DaemonRegistryUpdater] Marking the daemon as idle, address: [e3314c61-88c3-4325-9052-9f15a21f69e7 port:54919, addresses:[localhost/127.0.0.1]]
2026-03-14T15:01:50.447+0500 [DEBUG] [org.gradle.launcher.daemon.registry.PersistentDaemonRegistry] Marking busy by address: [e3314c61-88c3-4325-9052-9f15a21f69e7 port:54919, addresses:[localhost/127.0.0.1]]
2026-03-14T15:01:50.447+0500 [DEBUG] [org.gradle.cache.internal.DefaultFileLockManager] Waiting to acquire exclusive lock on daemon addresses registry.
2026-03-14T15:01:50.447+0500 [DEBUG] [org.gradle.cache.internal.DefaultFileLockManager] Lock acquired on daemon addresses registry.
2026-03-14T15:01:50.448+0500 [DEBUG] [org.gradle.cache.internal.DefaultFileLockManager] Releasing lock on daemon addresses registry.
2026-03-14T15:01:50.448+0500 [DEBUG] [org.gradle.launcher.daemon.server.DaemonStateCoordinator] daemon is running. Sleeping until state changes.
2026-03-14T15:01:50.448+0500 [DEBUG] [org.gradle.launcher.daemon.server.exec.ReturnResult] Daemon is dispatching the build result: Success[value=org.gradle.launcher.exec.BuildActionResult@76ba8241]
2026-03-14T15:01:50.448+0500 [DEBUG] [org.gradle.launcher.daemon.server.SynchronizedDispatchConnection] thread 701: dispatching Success[value=org.gradle.launcher.exec.BuildActionResult@76ba8241]
2026-03-14T15:01:50.448+0500 [DEBUG] [org.gradle.launcher.daemon.server.exec.CleanUpVirtualFileSystemAfterBuild] Cleaning virtual file system after build finished
2026-03-14T15:01:50.448+0500 [DEBUG] [org.gradle.launcher.daemon.server.DefaultIncomingConnectionHandler] Finishing executing command: Build{id=44e449af-4e12-42d6-84f3-4d907cac2a21, currentDir=/Users/user/StudioProjects/Jetpack-compose-}
2026-03-14T15:01:50.448+0500 [DEBUG] [org.gradle.launcher.daemon.server.SynchronizedDispatchConnection] thread 702: received class org.gradle.launcher.daemon.protocol.CloseInput
2026-03-14T15:01:50.448+0500 [DEBUG] [org.gradle.launcher.daemon.server.DefaultDaemonConnection] thread 702: Received IO message from client: org.gradle.launcher.daemon.protocol.CloseInput@21b989cf
2026-03-14T15:01:50.448+0500 [DEBUG] [org.gradle.launcher.daemon.server.SynchronizedDispatchConnection] thread 702: received class org.gradle.launcher.daemon.protocol.Finished
2026-03-14T15:01:50.448+0500 [DEBUG] [org.gradle.launcher.daemon.server.DefaultDaemonConnection] thread 702: Received non-IO message from client: org.gradle.launcher.daemon.protocol.Finished@2f7e7388
2026-03-14T15:01:50.448+0500 [DEBUG] [org.gradle.internal.remote.internal.inet.SocketConnection] Discarding EOFException: java.io.EOFException
2026-03-14T15:01:50.448+0500 [DEBUG] [org.gradle.launcher.daemon.server.SynchronizedDispatchConnection] thread 702: received null
2026-03-14T15:01:50.448+0500 [DEBUG] [org.gradle.launcher.daemon.server.DefaultDaemonConnection] thread 702: Received end-of-input from client.
2026-03-14T15:01:50.448+0500 [DEBUG] [org.gradle.launcher.daemon.server.DefaultIncomingConnectionHandler] Received finished message: org.gradle.launcher.daemon.protocol.Finished@2f7e7388
2026-03-14T15:01:50.448+0500 [DEBUG] [org.gradle.launcher.daemon.server.SynchronizedDispatchConnection] thread 701: stopping connection
2026-03-14T15:01:50.448+0500 [DEBUG] [org.gradle.launcher.daemon.server.SynchronizedDispatchConnection] thread 701: stopping connection
2026-03-14T15:01:50.481+0500 [DEBUG] [org.gradle.internal.watch.vfs.impl.WatchingVirtualFileSystem] Handling VFS change MODIFIED /Users/user/StudioProjects/Jetpack-compose-/app/src/main/java/data/viewModel/server/EpisodeViewModel.kt
2026-03-14T15:01:58.369+0500 [DEBUG] [org.gradle.cache.internal.DefaultFileLockManager] Waiting to acquire shared lock on daemon addresses registry.
2026-03-14T15:01:58.370+0500 [DEBUG] [org.gradle.cache.internal.DefaultFileLockManager] Lock acquired on daemon addresses registry.
2026-03-14T15:01:58.370+0500 [DEBUG] [org.gradle.cache.internal.DefaultFileLockManager] Releasing lock on daemon addresses registry.
2026-03-14T15:01:58.371+0500 [DEBUG] [org.gradle.cache.internal.DefaultFileLockManager] Waiting to acquire shared lock on daemon addresses registry.
2026-03-14T15:01:58.371+0500 [DEBUG] [org.gradle.cache.internal.DefaultFileLockManager] Lock acquired on daemon addresses registry.
2026-03-14T15:01:58.371+0500 [DEBUG] [org.gradle.cache.internal.DefaultFileLockManager] Releasing lock on daemon addresses registry.
2026-03-14T15:02:02.262+0500 [DEBUG] [sun.rmi.transport.tcp] RMI TCP Connection(16)-127.0.0.1: (port 54929) connection closed
2026-03-14T15:02:02.262+0500 [DEBUG] [sun.rmi.transport.tcp] RMI TCP Connection(16)-127.0.0.1: close connection, socket: Socket[addr=/127.0.0.1,port=55583,localport=54929]
2026-03-14T15:02:02.262+0500 [DEBUG] [sun.rmi.transport.tcp] RMI TCP Connection(16)-127.0.0.1: socket close: Socket[addr=/127.0.0.1,port=55583,localport=54929]
2026-03-14T15:02:08.367+0500 [DEBUG] [org.gradle.cache.internal.DefaultFileLockManager] Waiting to acquire shared lock on daemon addresses registry.
2026-03-14T15:02:08.367+0500 [DEBUG] [org.gradle.cache.internal.DefaultFileLockManager] Lock acquired on daemon addresses registry.
2026-03-14T15:02:08.367+0500 [DEBUG] [org.gradle.cache.internal.DefaultFileLockManager] Releasing lock on daemon addresses registry.
2026-03-14T15:02:08.367+0500 [DEBUG] [org.gradle.cache.internal.DefaultFileLockManager] Waiting to acquire shared lock on daemon addresses registry.
2026-03-14T15:02:08.367+0500 [DEBUG] [org.gradle.cache.internal.DefaultFileLockManager] Lock acquired on daemon addresses registry.
2026-03-14T15:02:08.367+0500 [DEBUG] [org.gradle.cache.internal.DefaultFileLockManager] Releasing lock on daemon addresses registry.
2026-03-14T15:02:08.367+0500 [DEBUG] [org.gradle.cache.internal.DefaultFileLockManager] Waiting to acquire shared lock on daemon addresses registry.
2026-03-14T15:02:08.367+0500 [DEBUG] [org.gradle.cache.internal.DefaultFileLockManager] Lock acquired on daemon addresses registry.
2026-03-14T15:02:08.368+0500 [DEBUG] [org.gradle.cache.internal.DefaultFileLockManager] Releasing lock on daemon addresses registry.
2026-03-14T15:02:15.380+0500 [DEBUG] [sun.rmi.transport.tcp] RMI Scheduler(0): close connection, socket: Socket[addr=localhost/127.0.0.1,port=17321,localport=55577]
2026-03-14T15:02:15.381+0500 [DEBUG] [sun.rmi.transport.tcp] RMI Scheduler(0): close connection, socket: Socket[addr=localhost/127.0.0.1,port=17321,localport=55589]
2026-03-14T15:02:15.392+0500 [DEBUG] [sun.rmi.transport.tcp] RMI TCP Connection(15)-127.0.0.1: (port 54929) connection closed
2026-03-14T15:02:15.392+0500 [DEBUG] [sun.rmi.transport.tcp] RMI TCP Connection(15)-127.0.0.1: close connection, socket: Socket[addr=/127.0.0.1,port=55582,localport=54929]
2026-03-14T15:02:15.392+0500 [DEBUG] [sun.rmi.transport.tcp] RMI TCP Connection(15)-127.0.0.1: socket close: Socket[addr=/127.0.0.1,port=55582,localport=54929]
2026-03-14T15:02:17.196+0500 [DEBUG] [sun.rmi.transport.tcp] RMI Scheduler(0): close connection, socket: Socket[addr=localhost/127.0.0.1,port=17321,localport=55588]
2026-03-14T15:02:17.199+0500 [DEBUG] [sun.rmi.transport.tcp] RMI TCP Connection(14)-127.0.0.1: (port 54929) connection closed
2026-03-14T15:02:17.199+0500 [DEBUG] [sun.rmi.transport.tcp] RMI TCP Connection(14)-127.0.0.1: close connection, socket: Socket[addr=/127.0.0.1,port=55581,localport=54929]
2026-03-14T15:02:17.200+0500 [DEBUG] [sun.rmi.transport.tcp] RMI TCP Connection(14)-127.0.0.1: socket close: Socket[addr=/127.0.0.1,port=55581,localport=54929]
2026-03-14T15:02:18.105+0500 [DEBUG] [sun.rmi.transport.tcp] RMI Scheduler(0): close connection, socket: Socket[addr=localhost/127.0.0.1,port=17321,localport=55587]
2026-03-14T15:02:18.109+0500 [DEBUG] [sun.rmi.transport.tcp] RMI TCP Connection(17)-127.0.0.1: (port 54929) connection closed
2026-03-14T15:02:18.109+0500 [DEBUG] [sun.rmi.transport.tcp] RMI TCP Connection(17)-127.0.0.1: close connection, socket: Socket[addr=/127.0.0.1,port=55586,localport=54929]
2026-03-14T15:02:18.109+0500 [DEBUG] [sun.rmi.transport.tcp] RMI TCP Connection(17)-127.0.0.1: socket close: Socket[addr=/127.0.0.1,port=55586,localport=54929]
2026-03-14T15:02:18.367+0500 [DEBUG] [org.gradle.cache.internal.DefaultFileLockManager] Waiting to acquire shared lock on daemon addresses registry.
2026-03-14T15:02:18.367+0500 [DEBUG] [org.gradle.cache.internal.DefaultFileLockManager] Lock acquired on daemon addresses registry.
2026-03-14T15:02:18.367+0500 [DEBUG] [org.gradle.cache.internal.DefaultFileLockManager] Releasing lock on daemon addresses registry.
2026-03-14T15:02:18.367+0500 [DEBUG] [org.gradle.cache.internal.DefaultFileLockManager] Waiting to acquire shared lock on daemon addresses registry.
2026-03-14T15:02:18.368+0500 [DEBUG] [org.gradle.cache.internal.DefaultFileLockManager] Lock acquired on daemon addresses registry.
2026-03-14T15:02:18.368+0500 [DEBUG] [org.gradle.cache.internal.DefaultFileLockManager] Releasing lock on daemon addresses registry.
2026-03-14T15:02:18.368+0500 [DEBUG] [org.gradle.cache.internal.DefaultFileLockManager] Waiting to acquire shared lock on daemon addresses registry.
2026-03-14T15:02:18.368+0500 [DEBUG] [org.gradle.cache.internal.DefaultFileLockManager] Lock acquired on daemon addresses registry.
2026-03-14T15:02:18.368+0500 [DEBUG] [org.gradle.cache.internal.DefaultFileLockManager] Releasing lock on daemon addresses registry.
2026-03-14T15:02:28.367+0500 [DEBUG] [org.gradle.cache.internal.DefaultFileLockManager] Waiting to acquire shared lock on daemon addresses registry.
2026-03-14T15:02:28.368+0500 [DEBUG] [org.gradle.cache.internal.DefaultFileLockManager] Lock acquired on daemon addresses registry.
2026-03-14T15:02:28.369+0500 [DEBUG] [org.gradle.cache.internal.DefaultFileLockManager] Releasing lock on daemon addresses registry.
2026-03-14T15:02:28.370+0500 [DEBUG] [org.gradle.cache.internal.DefaultFileLockManager] Waiting to acquire shared lock on daemon addresses registry.
2026-03-14T15:02:28.371+0500 [DEBUG] [org.gradle.cache.internal.DefaultFileLockManager] Lock acquired on daemon addresses registry.
2026-03-14T15:02:28.371+0500 [DEBUG] [org.gradle.cache.internal.DefaultFileLockManager] Releasing lock on daemon addresses registry.
2026-03-14T15:02:28.372+0500 [DEBUG] [org.gradle.cache.internal.DefaultFileLockManager] Waiting to acquire shared lock on daemon addresses registry.
2026-03-14T15:02:28.372+0500 [DEBUG] [org.gradle.cache.internal.DefaultFileLockManager] Lock acquired on daemon addresses registry.
2026-03-14T15:02:28.372+0500 [DEBUG] [org.gradle.cache.internal.DefaultFileLockManager] Releasing lock on daemon addresses registry.
2026-03-14T15:02:38.367+0500 [DEBUG] [org.gradle.cache.internal.DefaultFileLockManager] Waiting to acquire shared lock on daemon addresses registry.
2026-03-14T15:02:38.367+0500 [DEBUG] [org.gradle.cache.internal.DefaultFileLockManager] Lock acquired on daemon addresses registry.
2026-03-14T15:02:38.368+0500 [DEBUG] [org.gradle.cache.internal.DefaultFileLockManager] Releasing lock on daemon addresses registry.
2026-03-14T15:02:38.369+0500 [DEBUG] [org.gradle.cache.internal.DefaultFileLockManager] Waiting to acquire shared lock on daemon addresses registry.
2026-03-14T15:02:38.369+0500 [DEBUG] [org.gradle.cache.internal.DefaultFileLockManager] Lock acquired on daemon addresses registry.
2026-03-14T15:02:38.369+0500 [DEBUG] [org.gradle.cache.internal.DefaultFileLockManager] Releasing lock on daemon addresses registry.
2026-03-14T15:02:38.370+0500 [DEBUG] [org.gradle.cache.internal.DefaultFileLockManager] Waiting to acquire shared lock on daemon addresses registry.
2026-03-14T15:02:38.370+0500 [DEBUG] [org.gradle.cache.internal.DefaultFileLockManager] Lock acquired on daemon addresses registry.
2026-03-14T15:02:38.370+0500 [DEBUG] [org.gradle.cache.internal.DefaultFileLockManager] Releasing lock on daemon addresses registry.
2026-03-14T15:02:48.364+0500 [DEBUG] [org.gradle.cache.internal.DefaultFileLockManager] Waiting to acquire shared lock on daemon addresses registry.
2026-03-14T15:02:48.366+0500 [DEBUG] [org.gradle.cache.internal.DefaultFileLockManager] Lock acquired on daemon addresses registry.
2026-03-14T15:02:48.366+0500 [DEBUG] [org.gradle.cache.internal.DefaultFileLockManager] Releasing lock on daemon addresses registry.
2026-03-14T15:02:48.367+0500 [DEBUG] [org.gradle.cache.internal.DefaultFileLockManager] Waiting to acquire shared lock on daemon addresses registry.
2026-03-14T15:02:48.367+0500 [DEBUG] [org.gradle.cache.internal.DefaultFileLockManager] Lock acquired on daemon addresses registry.
2026-03-14T15:02:48.367+0500 [DEBUG] [org.gradle.cache.internal.DefaultFileLockManager] Releasing lock on daemon addresses registry.
2026-03-14T15:02:48.367+0500 [DEBUG] [org.gradle.cache.internal.DefaultFileLockManager] Waiting to acquire shared lock on daemon addresses registry.
2026-03-14T15:02:48.368+0500 [DEBUG] [org.gradle.cache.internal.DefaultFileLockManager] Lock acquired on daemon addresses registry.
2026-03-14T15:02:48.368+0500 [DEBUG] [org.gradle.cache.internal.DefaultFileLockManager] Releasing lock on daemon addresses registry.
2026-03-14T15:02:58.365+0500 [DEBUG] [org.gradle.cache.internal.DefaultFileLockManager] Waiting to acquire shared lock on daemon addresses registry.
2026-03-14T15:02:58.366+0500 [DEBUG] [org.gradle.cache.internal.DefaultFileLockManager] Lock acquired on daemon addresses registry.
2026-03-14T15:02:58.366+0500 [DEBUG] [org.gradle.cache.internal.DefaultFileLockManager] Releasing lock on daemon addresses registry.
2026-03-14T15:02:58.366+0500 [DEBUG] [org.gradle.cache.internal.DefaultFileLockManager] Waiting to acquire shared lock on daemon addresses registry.
2026-03-14T15:02:58.366+0500 [DEBUG] [org.gradle.cache.internal.DefaultFileLockManager] Lock acquired on daemon addresses registry.
2026-03-14T15:02:58.367+0500 [DEBUG] [org.gradle.cache.internal.DefaultFileLockManager] Releasing lock on daemon addresses registry.
2026-03-14T15:02:58.367+0500 [DEBUG] [org.gradle.cache.internal.DefaultFileLockManager] Waiting to acquire shared lock on daemon addresses registry.
2026-03-14T15:02:58.367+0500 [DEBUG] [org.gradle.cache.internal.DefaultFileLockManager] Lock acquired on daemon addresses registry.
2026-03-14T15:02:58.367+0500 [DEBUG] [org.gradle.cache.internal.DefaultFileLockManager] Releasing lock on daemon addresses registry.
2026-03-14T15:03:08.362+0500 [DEBUG] [org.gradle.cache.internal.DefaultFileLockManager] Waiting to acquire shared lock on daemon addresses registry.
2026-03-14T15:03:08.363+0500 [DEBUG] [org.gradle.cache.internal.DefaultFileLockManager] Lock acquired on daemon addresses registry.
2026-03-14T15:03:08.363+0500 [DEBUG] [org.gradle.cache.internal.DefaultFileLockManager] Releasing lock on daemon addresses registry.
2026-03-14T15:03:08.363+0500 [DEBUG] [org.gradle.cache.internal.DefaultFileLockManager] Waiting to acquire shared lock on daemon addresses registry.
2026-03-14T15:03:08.363+0500 [DEBUG] [org.gradle.cache.internal.DefaultFileLockManager] Lock acquired on daemon addresses registry.
2026-03-14T15:03:08.363+0500 [DEBUG] [org.gradle.cache.internal.DefaultFileLockManager] Releasing lock on daemon addresses registry.
2026-03-14T15:03:08.363+0500 [DEBUG] [org.gradle.cache.internal.DefaultFileLockManager] Waiting to acquire shared lock on daemon addresses registry.
2026-03-14T15:03:08.363+0500 [DEBUG] [org.gradle.cache.internal.DefaultFileLockManager] Lock acquired on daemon addresses registry.
2026-03-14T15:03:08.363+0500 [DEBUG] [org.gradle.cache.internal.DefaultFileLockManager] Releasing lock on daemon addresses registry.
2026-03-14T15:03:18.365+0500 [DEBUG] [org.gradle.cache.internal.DefaultFileLockManager] Waiting to acquire shared lock on daemon addresses registry.
2026-03-14T15:03:18.365+0500 [DEBUG] [org.gradle.cache.internal.DefaultFileLockManager] Lock acquired on daemon addresses registry.
2026-03-14T15:03:18.365+0500 [DEBUG] [org.gradle.cache.internal.DefaultFileLockManager] Releasing lock on daemon addresses registry.
2026-03-14T15:03:18.366+0500 [DEBUG] [org.gradle.cache.internal.DefaultFileLockManager] Waiting to acquire shared lock on daemon addresses registry.
2026-03-14T15:03:18.366+0500 [DEBUG] [org.gradle.cache.internal.DefaultFileLockManager] Lock acquired on daemon addresses registry.
2026-03-14T15:03:18.366+0500 [DEBUG] [org.gradle.cache.internal.DefaultFileLockManager] Releasing lock on daemon addresses registry.
2026-03-14T15:03:18.366+0500 [DEBUG] [org.gradle.cache.internal.DefaultFileLockManager] Waiting to acquire shared lock on daemon addresses registry.
2026-03-14T15:03:18.366+0500 [DEBUG] [org.gradle.cache.internal.DefaultFileLockManager] Lock acquired on daemon addresses registry.
2026-03-14T15:03:18.366+0500 [DEBUG] [org.gradle.cache.internal.DefaultFileLockManager] Releasing lock on daemon addresses registry.
2026-03-14T15:03:28.366+0500 [DEBUG] [org.gradle.cache.internal.DefaultFileLockManager] Waiting to acquire shared lock on daemon addresses registry.
2026-03-14T15:03:28.367+0500 [DEBUG] [org.gradle.cache.internal.DefaultFileLockManager] Lock acquired on daemon addresses registry.
2026-03-14T15:03:28.367+0500 [DEBUG] [org.gradle.cache.internal.DefaultFileLockManager] Releasing lock on daemon addresses registry.
2026-03-14T15:03:28.368+0500 [DEBUG] [org.gradle.cache.internal.DefaultFileLockManager] Waiting to acquire shared lock on daemon addresses registry.
2026-03-14T15:03:28.368+0500 [DEBUG] [org.gradle.cache.internal.DefaultFileLockManager] Lock acquired on daemon addresses registry.
2026-03-14T15:03:28.368+0500 [DEBUG] [org.gradle.cache.internal.DefaultFileLockManager] Releasing lock on daemon addresses registry.
2026-03-14T15:03:28.369+0500 [DEBUG] [org.gradle.cache.internal.DefaultFileLockManager] Waiting to acquire shared lock on daemon addresses registry.
2026-03-14T15:03:28.369+0500 [DEBUG] [org.gradle.cache.internal.DefaultFileLockManager] Lock acquired on daemon addresses registry.
2026-03-14T15:03:28.369+0500 [DEBUG] [org.gradle.cache.internal.DefaultFileLockManager] Releasing lock on daemon addresses registry.
2026-03-14T15:03:38.365+0500 [DEBUG] [org.gradle.cache.internal.DefaultFileLockManager] Waiting to acquire shared lock on daemon addresses registry.
2026-03-14T15:03:38.366+0500 [DEBUG] [org.gradle.cache.internal.DefaultFileLockManager] Lock acquired on daemon addresses registry.
2026-03-14T15:03:38.367+0500 [DEBUG] [org.gradle.cache.internal.DefaultFileLockManager] Releasing lock on daemon addresses registry.
2026-03-14T15:03:38.367+0500 [DEBUG] [org.gradle.cache.internal.DefaultFileLockManager] Waiting to acquire shared lock on daemon addresses registry.
2026-03-14T15:03:38.368+0500 [DEBUG] [org.gradle.cache.internal.DefaultFileLockManager] Lock acquired on daemon addresses registry.
2026-03-14T15:03:38.368+0500 [DEBUG] [org.gradle.cache.internal.DefaultFileLockManager] Releasing lock on daemon addresses registry.
2026-03-14T15:03:38.368+0500 [DEBUG] [org.gradle.cache.internal.DefaultFileLockManager] Waiting to acquire shared lock on daemon addresses registry.
2026-03-14T15:03:38.368+0500 [DEBUG] [org.gradle.cache.internal.DefaultFileLockManager] Lock acquired on daemon addresses registry.
2026-03-14T15:03:38.368+0500 [DEBUG] [org.gradle.cache.internal.DefaultFileLockManager] Releasing lock on daemon addresses registry.
2026-03-14T15:03:48.363+0500 [DEBUG] [org.gradle.cache.internal.DefaultFileLockManager] Waiting to acquire shared lock on daemon addresses registry.
2026-03-14T15:03:48.364+0500 [DEBUG] [org.gradle.cache.internal.DefaultFileLockManager] Lock acquired on daemon addresses registry.
2026-03-14T15:03:48.364+0500 [DEBUG] [org.gradle.cache.internal.DefaultFileLockManager] Releasing lock on daemon addresses registry.
2026-03-14T15:03:48.365+0500 [DEBUG] [org.gradle.cache.internal.DefaultFileLockManager] Waiting to acquire shared lock on daemon addresses registry.
2026-03-14T15:03:48.365+0500 [DEBUG] [org.gradle.cache.internal.DefaultFileLockManager] Lock acquired on daemon addresses registry.
2026-03-14T15:03:48.366+0500 [DEBUG] [org.gradle.cache.internal.DefaultFileLockManager] Releasing lock on daemon addresses registry.
2026-03-14T15:03:48.366+0500 [DEBUG] [org.gradle.cache.internal.DefaultFileLockManager] Waiting to acquire shared lock on daemon addresses registry.
2026-03-14T15:03:48.366+0500 [DEBUG] [org.gradle.cache.internal.DefaultFileLockManager] Lock acquired on daemon addresses registry.
2026-03-14T15:03:48.366+0500 [DEBUG] [org.gradle.cache.internal.DefaultFileLockManager] Releasing lock on daemon addresses registry.
2026-03-14T15:03:58.365+0500 [DEBUG] [org.gradle.cache.internal.DefaultFileLockManager] Waiting to acquire shared lock on daemon addresses registry.
2026-03-14T15:03:58.365+0500 [DEBUG] [org.gradle.cache.internal.DefaultFileLockManager] Lock acquired on daemon addresses registry.
2026-03-14T15:03:58.366+0500 [DEBUG] [org.gradle.cache.internal.DefaultFileLockManager] Releasing lock on daemon addresses registry.
2026-03-14T15:03:58.366+0500 [DEBUG] [org.gradle.cache.internal.DefaultFileLockManager] Waiting to acquire shared lock on daemon addresses registry.
2026-03-14T15:03:58.366+0500 [DEBUG] [org.gradle.cache.internal.DefaultFileLockManager] Lock acquired on daemon addresses registry.
2026-03-14T15:03:58.366+0500 [DEBUG] [org.gradle.cache.internal.DefaultFileLockManager] Releasing lock on daemon addresses registry.
2026-03-14T15:03:58.366+0500 [DEBUG] [org.gradle.cache.internal.DefaultFileLockManager] Waiting to acquire shared lock on daemon addresses registry.
2026-03-14T15:03:58.366+0500 [DEBUG] [org.gradle.cache.internal.DefaultFileLockManager] Lock acquired on daemon addresses registry.
2026-03-14T15:03:58.366+0500 [DEBUG] [org.gradle.cache.internal.DefaultFileLockManager] Releasing lock on daemon addresses registry.
2026-03-14T15:04:08.362+0500 [DEBUG] [org.gradle.cache.internal.DefaultFileLockManager] Waiting to acquire shared lock on daemon addresses registry.
2026-03-14T15:04:08.363+0500 [DEBUG] [org.gradle.cache.internal.DefaultFileLockManager] Lock acquired on daemon addresses registry.
2026-03-14T15:04:08.363+0500 [DEBUG] [org.gradle.cache.internal.DefaultFileLockManager] Releasing lock on daemon addresses registry.
2026-03-14T15:04:08.363+0500 [DEBUG] [org.gradle.cache.internal.DefaultFileLockManager] Waiting to acquire shared lock on daemon addresses registry.
2026-03-14T15:04:08.363+0500 [DEBUG] [org.gradle.cache.internal.DefaultFileLockManager] Lock acquired on daemon addresses registry.
2026-03-14T15:04:08.363+0500 [DEBUG] [org.gradle.cache.internal.DefaultFileLockManager] Releasing lock on daemon addresses registry.
2026-03-14T15:04:08.364+0500 [DEBUG] [org.gradle.cache.internal.DefaultFileLockManager] Waiting to acquire shared lock on daemon addresses registry.
2026-03-14T15:04:08.364+0500 [DEBUG] [org.gradle.cache.internal.DefaultFileLockManager] Lock acquired on daemon addresses registry.
2026-03-14T15:04:08.364+0500 [DEBUG] [org.gradle.cache.internal.DefaultFileLockManager] Releasing lock on daemon addresses registry.
2026-03-14T15:04:18.365+0500 [DEBUG] [org.gradle.cache.internal.DefaultFileLockManager] Waiting to acquire shared lock on daemon addresses registry.
2026-03-14T15:04:18.366+0500 [DEBUG] [org.gradle.cache.internal.DefaultFileLockManager] Lock acquired on daemon addresses registry.
2026-03-14T15:04:18.366+0500 [DEBUG] [org.gradle.cache.internal.DefaultFileLockManager] Releasing lock on daemon addresses registry.
2026-03-14T15:04:18.367+0500 [DEBUG] [org.gradle.cache.internal.DefaultFileLockManager] Waiting to acquire shared lock on daemon addresses registry.
2026-03-14T15:04:18.367+0500 [DEBUG] [org.gradle.cache.internal.DefaultFileLockManager] Lock acquired on daemon addresses registry.
2026-03-14T15:04:18.367+0500 [DEBUG] [org.gradle.cache.internal.DefaultFileLockManager] Releasing lock on daemon addresses registry.
2026-03-14T15:04:18.367+0500 [DEBUG] [org.gradle.cache.internal.DefaultFileLockManager] Waiting to acquire shared lock on daemon addresses registry.
2026-03-14T15:04:18.367+0500 [DEBUG] [org.gradle.cache.internal.DefaultFileLockManager] Lock acquired on daemon addresses registry.
2026-03-14T15:04:18.368+0500 [DEBUG] [org.gradle.cache.internal.DefaultFileLockManager] Releasing lock on daemon addresses registry.
2026-03-14T15:04:28.365+0500 [DEBUG] [org.gradle.cache.internal.DefaultFileLockManager] Waiting to acquire shared lock on daemon addresses registry.
2026-03-14T15:04:28.365+0500 [DEBUG] [org.gradle.cache.internal.DefaultFileLockManager] Lock acquired on daemon addresses registry.
2026-03-14T15:04:28.365+0500 [DEBUG] [org.gradle.cache.internal.DefaultFileLockManager] Releasing lock on daemon addresses registry.
2026-03-14T15:04:28.365+0500 [DEBUG] [org.gradle.cache.internal.DefaultFileLockManager] Waiting to acquire shared lock on daemon addresses registry.
2026-03-14T15:04:28.365+0500 [DEBUG] [org.gradle.cache.internal.DefaultFileLockManager] Lock acquired on daemon addresses registry.
2026-03-14T15:04:28.365+0500 [DEBUG] [org.gradle.cache.internal.DefaultFileLockManager] Releasing lock on daemon addresses registry.
2026-03-14T15:04:28.365+0500 [DEBUG] [org.gradle.cache.internal.DefaultFileLockManager] Waiting to acquire shared lock on daemon addresses registry.
2026-03-14T15:04:28.365+0500 [DEBUG] [org.gradle.cache.internal.DefaultFileLockManager] Lock acquired on daemon addresses registry.
2026-03-14T15:04:28.365+0500 [DEBUG] [org.gradle.cache.internal.DefaultFileLockManager] Releasing lock on daemon addresses registry.
2026-03-14T15:04:38.364+0500 [DEBUG] [org.gradle.cache.internal.DefaultFileLockManager] Waiting to acquire shared lock on daemon addresses registry.
2026-03-14T15:04:38.365+0500 [DEBUG] [org.gradle.cache.internal.DefaultFileLockManager] Lock acquired on daemon addresses registry.
2026-03-14T15:04:38.365+0500 [DEBUG] [org.gradle.cache.internal.DefaultFileLockManager] Releasing lock on daemon addresses registry.
2026-03-14T15:04:38.365+0500 [DEBUG] [org.gradle.cache.internal.DefaultFileLockManager] Waiting to acquire shared lock on daemon addresses registry.
2026-03-14T15:04:38.366+0500 [DEBUG] [org.gradle.cache.internal.DefaultFileLockManager] Lock acquired on daemon addresses registry.
2026-03-14T15:04:38.366+0500 [DEBUG] [org.gradle.cache.internal.DefaultFileLockManager] Releasing lock on daemon addresses registry.
2026-03-14T15:04:38.366+0500 [DEBUG] [org.gradle.cache.internal.DefaultFileLockManager] Waiting to acquire shared lock on daemon addresses registry.
2026-03-14T15:04:38.366+0500 [DEBUG] [org.gradle.cache.internal.DefaultFileLockManager] Lock acquired on daemon addresses registry.
2026-03-14T15:04:38.366+0500 [DEBUG] [org.gradle.cache.internal.DefaultFileLockManager] Releasing lock on daemon addresses registry.
2026-03-14T15:04:48.361+0500 [DEBUG] [org.gradle.cache.internal.DefaultFileLockManager] Waiting to acquire shared lock on daemon addresses registry.
2026-03-14T15:04:48.361+0500 [DEBUG] [org.gradle.cache.internal.DefaultFileLockManager] Lock acquired on daemon addresses registry.
2026-03-14T15:04:48.362+0500 [DEBUG] [org.gradle.cache.internal.DefaultFileLockManager] Releasing lock on daemon addresses registry.
2026-03-14T15:04:48.362+0500 [DEBUG] [org.gradle.cache.internal.DefaultFileLockManager] Waiting to acquire shared lock on daemon addresses registry.
2026-03-14T15:04:48.362+0500 [DEBUG] [org.gradle.cache.internal.DefaultFileLockManager] Lock acquired on daemon addresses registry.
2026-03-14T15:04:48.363+0500 [DEBUG] [org.gradle.cache.internal.DefaultFileLockManager] Releasing lock on daemon addresses registry.
2026-03-14T15:04:48.363+0500 [DEBUG] [org.gradle.cache.internal.DefaultFileLockManager] Waiting to acquire shared lock on daemon addresses registry.
2026-03-14T15:04:48.363+0500 [DEBUG] [org.gradle.cache.internal.DefaultFileLockManager] Lock acquired on daemon addresses registry.
2026-03-14T15:04:48.363+0500 [DEBUG] [org.gradle.cache.internal.DefaultFileLockManager] Releasing lock on daemon addresses registry.
2026-03-14T15:04:58.365+0500 [DEBUG] [org.gradle.cache.internal.DefaultFileLockManager] Waiting to acquire shared lock on daemon addresses registry.
2026-03-14T15:04:58.367+0500 [DEBUG] [org.gradle.cache.internal.DefaultFileLockManager] Lock acquired on daemon addresses registry.
2026-03-14T15:04:58.368+0500 [DEBUG] [org.gradle.cache.internal.DefaultFileLockManager] Releasing lock on daemon addresses registry.
2026-03-14T15:04:58.369+0500 [DEBUG] [org.gradle.cache.internal.DefaultFileLockManager] Waiting to acquire shared lock on daemon addresses registry.
2026-03-14T15:04:58.369+0500 [DEBUG] [org.gradle.cache.internal.DefaultFileLockManager] Lock acquired on daemon addresses registry.
2026-03-14T15:04:58.370+0500 [DEBUG] [org.gradle.cache.internal.DefaultFileLockManager] Releasing lock on daemon addresses registry.
2026-03-14T15:04:58.370+0500 [DEBUG] [org.gradle.cache.internal.DefaultFileLockManager] Waiting to acquire shared lock on daemon addresses registry.
2026-03-14T15:04:58.371+0500 [DEBUG] [org.gradle.cache.internal.DefaultFileLockManager] Lock acquired on daemon addresses registry.
2026-03-14T15:04:58.371+0500 [DEBUG] [org.gradle.cache.internal.DefaultFileLockManager] Releasing lock on daemon addresses registry.
2026-03-14T15:05:08.364+0500 [DEBUG] [org.gradle.cache.internal.DefaultFileLockManager] Waiting to acquire shared lock on daemon addresses registry.
2026-03-14T15:05:08.364+0500 [DEBUG] [org.gradle.cache.internal.DefaultFileLockManager] Lock acquired on daemon addresses registry.
2026-03-14T15:05:08.364+0500 [DEBUG] [org.gradle.cache.internal.DefaultFileLockManager] Releasing lock on daemon addresses registry.
2026-03-14T15:05:08.364+0500 [DEBUG] [org.gradle.cache.internal.DefaultFileLockManager] Waiting to acquire shared lock on daemon addresses registry.
2026-03-14T15:05:08.364+0500 [DEBUG] [org.gradle.cache.internal.DefaultFileLockManager] Lock acquired on daemon addresses registry.
2026-03-14T15:05:08.364+0500 [DEBUG] [org.gradle.cache.internal.DefaultFileLockManager] Releasing lock on daemon addresses registry.
2026-03-14T15:05:08.365+0500 [DEBUG] [org.gradle.cache.internal.DefaultFileLockManager] Waiting to acquire shared lock on daemon addresses registry.
2026-03-14T15:05:08.365+0500 [DEBUG] [org.gradle.cache.internal.DefaultFileLockManager] Lock acquired on daemon addresses registry.
2026-03-14T15:05:08.365+0500 [DEBUG] [org.gradle.cache.internal.DefaultFileLockManager] Releasing lock on daemon addresses registry.
2026-03-14T15:05:18.361+0500 [DEBUG] [org.gradle.cache.internal.DefaultFileLockManager] Waiting to acquire shared lock on daemon addresses registry.
2026-03-14T15:05:18.362+0500 [DEBUG] [org.gradle.cache.internal.DefaultFileLockManager] Lock acquired on daemon addresses registry.
2026-03-14T15:05:18.362+0500 [DEBUG] [org.gradle.cache.internal.DefaultFileLockManager] Releasing lock on daemon addresses registry.
2026-03-14T15:05:18.362+0500 [DEBUG] [org.gradle.cache.internal.DefaultFileLockManager] Waiting to acquire shared lock on daemon addresses registry.
2026-03-14T15:05:18.362+0500 [DEBUG] [org.gradle.cache.internal.DefaultFileLockManager] Lock acquired on daemon addresses registry.
2026-03-14T15:05:18.362+0500 [DEBUG] [org.gradle.cache.internal.DefaultFileLockManager] Releasing lock on daemon addresses registry.
2026-03-14T15:05:18.362+0500 [DEBUG] [org.gradle.cache.internal.DefaultFileLockManager] Waiting to acquire shared lock on daemon addresses registry.
2026-03-14T15:05:18.362+0500 [DEBUG] [org.gradle.cache.internal.DefaultFileLockManager] Lock acquired on daemon addresses registry.
2026-03-14T15:05:18.362+0500 [DEBUG] [org.gradle.cache.internal.DefaultFileLockManager] Releasing lock on daemon addresses registry.
2026-03-14T15:05:28.359+0500 [DEBUG] [org.gradle.cache.internal.DefaultFileLockManager] Waiting to acquire shared lock on daemon addresses registry.
2026-03-14T15:05:28.360+0500 [DEBUG] [org.gradle.cache.internal.DefaultFileLockManager] Lock acquired on daemon addresses registry.
2026-03-14T15:05:28.360+0500 [DEBUG] [org.gradle.cache.internal.DefaultFileLockManager] Releasing lock on daemon addresses registry.
2026-03-14T15:05:28.360+0500 [DEBUG] [org.gradle.cache.internal.DefaultFileLockManager] Waiting to acquire shared lock on daemon addresses registry.
2026-03-14T15:05:28.360+0500 [DEBUG] [org.gradle.cache.internal.DefaultFileLockManager] Lock acquired on daemon addresses registry.
2026-03-14T15:05:28.360+0500 [DEBUG] [org.gradle.cache.internal.DefaultFileLockManager] Releasing lock on daemon addresses registry.
2026-03-14T15:05:28.360+0500 [DEBUG] [org.gradle.cache.internal.DefaultFileLockManager] Waiting to acquire shared lock on daemon addresses registry.
2026-03-14T15:05:28.360+0500 [DEBUG] [org.gradle.cache.internal.DefaultFileLockManager] Lock acquired on daemon addresses registry.
2026-03-14T15:05:28.360+0500 [DEBUG] [org.gradle.cache.internal.DefaultFileLockManager] Releasing lock on daemon addresses registry.
2026-03-14T15:05:38.364+0500 [DEBUG] [org.gradle.cache.internal.DefaultFileLockManager] Waiting to acquire shared lock on daemon addresses registry.
2026-03-14T15:05:38.364+0500 [DEBUG] [org.gradle.cache.internal.DefaultFileLockManager] Lock acquired on daemon addresses registry.
2026-03-14T15:05:38.364+0500 [DEBUG] [org.gradle.cache.internal.DefaultFileLockManager] Releasing lock on daemon addresses registry.
2026-03-14T15:05:38.365+0500 [DEBUG] [org.gradle.cache.internal.DefaultFileLockManager] Waiting to acquire shared lock on daemon addresses registry.
2026-03-14T15:05:38.365+0500 [DEBUG] [org.gradle.cache.internal.DefaultFileLockManager] Lock acquired on daemon addresses registry.
2026-03-14T15:05:38.365+0500 [DEBUG] [org.gradle.cache.internal.DefaultFileLockManager] Releasing lock on daemon addresses registry.
2026-03-14T15:05:38.366+0500 [DEBUG] [org.gradle.cache.internal.DefaultFileLockManager] Waiting to acquire shared lock on daemon addresses registry.
2026-03-14T15:05:38.366+0500 [DEBUG] [org.gradle.cache.internal.DefaultFileLockManager] Lock acquired on daemon addresses registry.
2026-03-14T15:05:38.366+0500 [DEBUG] [org.gradle.cache.internal.DefaultFileLockManager] Releasing lock on daemon addresses registry.
2026-03-14T15:05:48.363+0500 [DEBUG] [org.gradle.cache.internal.DefaultFileLockManager] Waiting to acquire shared lock on daemon addresses registry.
2026-03-14T15:05:48.365+0500 [DEBUG] [org.gradle.cache.internal.DefaultFileLockManager] Lock acquired on daemon addresses registry.
2026-03-14T15:05:48.365+0500 [DEBUG] [org.gradle.cache.internal.DefaultFileLockManager] Releasing lock on daemon addresses registry.
2026-03-14T15:05:48.366+0500 [DEBUG] [org.gradle.cache.internal.DefaultFileLockManager] Waiting to acquire shared lock on daemon addresses registry.
2026-03-14T15:05:48.366+0500 [DEBUG] [org.gradle.cache.internal.DefaultFileLockManager] Lock acquired on daemon addresses registry.
2026-03-14T15:05:48.367+0500 [DEBUG] [org.gradle.cache.internal.DefaultFileLockManager] Releasing lock on daemon addresses registry.
2026-03-14T15:05:48.367+0500 [DEBUG] [org.gradle.cache.internal.DefaultFileLockManager] Waiting to acquire shared lock on daemon addresses registry.
2026-03-14T15:05:48.367+0500 [DEBUG] [org.gradle.cache.internal.DefaultFileLockManager] Lock acquired on daemon addresses registry.
2026-03-14T15:05:48.367+0500 [DEBUG] [org.gradle.cache.internal.DefaultFileLockManager] Releasing lock on daemon addresses registry.
2026-03-14T15:05:58.366+0500 [DEBUG] [org.gradle.cache.internal.DefaultFileLockManager] Waiting to acquire shared lock on daemon addresses registry.
2026-03-14T15:05:58.368+0500 [DEBUG] [org.gradle.cache.internal.DefaultFileLockManager] Lock acquired on daemon addresses registry.
2026-03-14T15:05:58.369+0500 [DEBUG] [org.gradle.cache.internal.DefaultFileLockManager] Releasing lock on daemon addresses registry.
2026-03-14T15:05:58.370+0500 [DEBUG] [org.gradle.cache.internal.DefaultFileLockManager] Waiting to acquire shared lock on daemon addresses registry.
2026-03-14T15:05:58.370+0500 [DEBUG] [org.gradle.cache.internal.DefaultFileLockManager] Lock acquired on daemon addresses registry.
2026-03-14T15:05:58.370+0500 [DEBUG] [org.gradle.cache.internal.DefaultFileLockManager] Releasing lock on daemon addresses registry.
2026-03-14T15:05:58.371+0500 [DEBUG] [org.gradle.cache.internal.DefaultFileLockManager] Waiting to acquire shared lock on daemon addresses registry.
2026-03-14T15:05:58.371+0500 [DEBUG] [org.gradle.cache.internal.DefaultFileLockManager] Lock acquired on daemon addresses registry.
2026-03-14T15:05:58.371+0500 [DEBUG] [org.gradle.cache.internal.DefaultFileLockManager] Releasing lock on daemon addresses registry.
2026-03-14T15:06:08.363+0500 [DEBUG] [org.gradle.cache.internal.DefaultFileLockManager] Waiting to acquire shared lock on daemon addresses registry.
2026-03-14T15:06:08.364+0500 [DEBUG] [org.gradle.cache.internal.DefaultFileLockManager] Lock acquired on daemon addresses registry.
2026-03-14T15:06:08.364+0500 [DEBUG] [org.gradle.cache.internal.DefaultFileLockManager] Releasing lock on daemon addresses registry.
2026-03-14T15:06:08.365+0500 [DEBUG] [org.gradle.cache.internal.DefaultFileLockManager] Waiting to acquire shared lock on daemon addresses registry.
2026-03-14T15:06:08.365+0500 [DEBUG] [org.gradle.cache.internal.DefaultFileLockManager] Lock acquired on daemon addresses registry.
2026-03-14T15:06:08.365+0500 [DEBUG] [org.gradle.cache.internal.DefaultFileLockManager] Releasing lock on daemon addresses registry.
2026-03-14T15:06:08.365+0500 [DEBUG] [org.gradle.cache.internal.DefaultFileLockManager] Waiting to acquire shared lock on daemon addresses registry.
2026-03-14T15:06:08.366+0500 [DEBUG] [org.gradle.cache.internal.DefaultFileLockManager] Lock acquired on daemon addresses registry.
2026-03-14T15:06:08.366+0500 [DEBUG] [org.gradle.cache.internal.DefaultFileLockManager] Releasing lock on daemon addresses registry.
2026-03-14T15:06:18.359+0500 [DEBUG] [org.gradle.cache.internal.DefaultFileLockManager] Waiting to acquire shared lock on daemon addresses registry.
2026-03-14T15:06:18.360+0500 [DEBUG] [org.gradle.cache.internal.DefaultFileLockManager] Lock acquired on daemon addresses registry.
2026-03-14T15:06:18.361+0500 [DEBUG] [org.gradle.cache.internal.DefaultFileLockManager] Releasing lock on daemon addresses registry.
2026-03-14T15:06:18.361+0500 [DEBUG] [org.gradle.cache.internal.DefaultFileLockManager] Waiting to acquire shared lock on daemon addresses registry.
2026-03-14T15:06:18.361+0500 [DEBUG] [org.gradle.cache.internal.DefaultFileLockManager] Lock acquired on daemon addresses registry.
2026-03-14T15:06:18.362+0500 [DEBUG] [org.gradle.cache.internal.DefaultFileLockManager] Releasing lock on daemon addresses registry.
2026-03-14T15:06:18.362+0500 [DEBUG] [org.gradle.cache.internal.DefaultFileLockManager] Waiting to acquire shared lock on daemon addresses registry.
2026-03-14T15:06:18.362+0500 [DEBUG] [org.gradle.cache.internal.DefaultFileLockManager] Lock acquired on daemon addresses registry.
2026-03-14T15:06:18.362+0500 [DEBUG] [org.gradle.cache.internal.DefaultFileLockManager] Releasing lock on daemon addresses registry.
2026-03-14T15:06:28.362+0500 [DEBUG] [org.gradle.cache.internal.DefaultFileLockManager] Waiting to acquire shared lock on daemon addresses registry.
2026-03-14T15:06:28.362+0500 [DEBUG] [org.gradle.cache.internal.DefaultFileLockManager] Lock acquired on daemon addresses registry.
2026-03-14T15:06:28.363+0500 [DEBUG] [org.gradle.cache.internal.DefaultFileLockManager] Releasing lock on daemon addresses registry.
2026-03-14T15:06:28.363+0500 [DEBUG] [org.gradle.cache.internal.DefaultFileLockManager] Waiting to acquire shared lock on daemon addresses registry.
2026-03-14T15:06:28.364+0500 [DEBUG] [org.gradle.cache.internal.DefaultFileLockManager] Lock acquired on daemon addresses registry.
2026-03-14T15:06:28.364+0500 [DEBUG] [org.gradle.cache.internal.DefaultFileLockManager] Releasing lock on daemon addresses registry.
2026-03-14T15:06:28.364+0500 [DEBUG] [org.gradle.cache.internal.DefaultFileLockManager] Waiting to acquire shared lock on daemon addresses registry.
2026-03-14T15:06:28.365+0500 [DEBUG] [org.gradle.cache.internal.DefaultFileLockManager] Lock acquired on daemon addresses registry.
2026-03-14T15:06:28.365+0500 [DEBUG] [org.gradle.cache.internal.DefaultFileLockManager] Releasing lock on daemon addresses registry.
2026-03-14T15:06:38.362+0500 [DEBUG] [org.gradle.cache.internal.DefaultFileLockManager] Waiting to acquire shared lock on daemon addresses registry.
2026-03-14T15:06:38.362+0500 [DEBUG] [org.gradle.cache.internal.DefaultFileLockManager] Lock acquired on daemon addresses registry.
2026-03-14T15:06:38.362+0500 [DEBUG] [org.gradle.cache.internal.DefaultFileLockManager] Releasing lock on daemon addresses registry.
2026-03-14T15:06:38.363+0500 [DEBUG] [org.gradle.cache.internal.DefaultFileLockManager] Waiting to acquire shared lock on daemon addresses registry.
2026-03-14T15:06:38.363+0500 [DEBUG] [org.gradle.cache.internal.DefaultFileLockManager] Lock acquired on daemon addresses registry.
2026-03-14T15:06:38.363+0500 [DEBUG] [org.gradle.cache.internal.DefaultFileLockManager] Releasing lock on daemon addresses registry.
2026-03-14T15:06:38.363+0500 [DEBUG] [org.gradle.cache.internal.DefaultFileLockManager] Waiting to acquire shared lock on daemon addresses registry.
2026-03-14T15:06:38.363+0500 [DEBUG] [org.gradle.cache.internal.DefaultFileLockManager] Lock acquired on daemon addresses registry.
2026-03-14T15:06:38.363+0500 [DEBUG] [org.gradle.cache.internal.DefaultFileLockManager] Releasing lock on daemon addresses registry.
2026-03-14T15:06:42.894+0500 [DEBUG] [org.gradle.internal.watch.vfs.impl.WatchingVirtualFileSystem] Handling VFS change MODIFIED /Users/user/StudioProjects/Jetpack-compose-/app/src/main/java/data/screens/AnimeEpisodesList.kt
2026-03-14T15:06:47.204+0500 [DEBUG] [sun.rmi.transport.tcp] RMI TCP Connection(18)-127.0.0.1: accepted socket from [127.0.0.1:55872]
2026-03-14T15:06:47.207+0500 [DEBUG] [sun.rmi.transport.tcp] RMI TCP Connection(18)-127.0.0.1: (port 54929) op = 80
2026-03-14T15:06:47.209+0500 [DEBUG] [sun.rmi.loader] RMI TCP Connection(18)-127.0.0.1: name = "[Ljava.rmi.server.ObjID;", codebase = "", defaultLoader = jdk.internal.loader.ClassLoaders$PlatformClassLoader@30e1411f
2026-03-14T15:06:47.210+0500 [DEBUG] [sun.rmi.loader] RMI TCP Connection(18)-127.0.0.1: name = "java.rmi.dgc.Lease", codebase = "", defaultLoader = jdk.internal.loader.ClassLoaders$PlatformClassLoader@30e1411f
2026-03-14T15:06:47.210+0500 [DEBUG] [sun.rmi.loader] RMI TCP Connection(18)-127.0.0.1: name = "java.rmi.dgc.VMID", codebase = "", defaultLoader = jdk.internal.loader.ClassLoaders$PlatformClassLoader@30e1411f
2026-03-14T15:06:47.210+0500 [DEBUG] [sun.rmi.loader] RMI TCP Connection(18)-127.0.0.1: name = "[B", codebase = "", defaultLoader = jdk.internal.loader.ClassLoaders$PlatformClassLoader@30e1411f
2026-03-14T15:06:47.210+0500 [DEBUG] [sun.rmi.loader] RMI TCP Connection(18)-127.0.0.1: name = "java.rmi.server.UID", codebase = "", defaultLoader = jdk.internal.loader.ClassLoaders$PlatformClassLoader@30e1411f
2026-03-14T15:06:48.102+0500 [DEBUG] [sun.rmi.transport.tcp] RMI TCP Connection(19)-127.0.0.1: accepted socket from [127.0.0.1:55874]
2026-03-14T15:06:48.103+0500 [DEBUG] [sun.rmi.transport.tcp] RMI TCP Connection(19)-127.0.0.1: (port 54929) op = 80
2026-03-14T15:06:48.104+0500 [DEBUG] [sun.rmi.loader] RMI TCP Connection(19)-127.0.0.1: name = "[Ljava.rmi.server.ObjID;", codebase = "", defaultLoader = jdk.internal.loader.ClassLoaders$PlatformClassLoader@30e1411f
2026-03-14T15:06:48.104+0500 [DEBUG] [sun.rmi.loader] RMI TCP Connection(19)-127.0.0.1: name = "java.rmi.dgc.Lease", codebase = "", defaultLoader = jdk.internal.loader.ClassLoaders$PlatformClassLoader@30e1411f
2026-03-14T15:06:48.104+0500 [DEBUG] [sun.rmi.loader] RMI TCP Connection(19)-127.0.0.1: name = "java.rmi.dgc.VMID", codebase = "", defaultLoader = jdk.internal.loader.ClassLoaders$PlatformClassLoader@30e1411f
2026-03-14T15:06:48.105+0500 [DEBUG] [sun.rmi.loader] RMI TCP Connection(19)-127.0.0.1: name = "[B", codebase = "", defaultLoader = jdk.internal.loader.ClassLoaders$PlatformClassLoader@30e1411f
2026-03-14T15:06:48.105+0500 [DEBUG] [sun.rmi.loader] RMI TCP Connection(19)-127.0.0.1: name = "java.rmi.server.UID", codebase = "", defaultLoader = jdk.internal.loader.ClassLoaders$PlatformClassLoader@30e1411f
2026-03-14T15:06:48.362+0500 [DEBUG] [org.gradle.cache.internal.DefaultFileLockManager] Waiting to acquire shared lock on daemon addresses registry.
2026-03-14T15:06:48.363+0500 [DEBUG] [org.gradle.cache.internal.DefaultFileLockManager] Lock acquired on daemon addresses registry.
2026-03-14T15:06:48.363+0500 [DEBUG] [org.gradle.cache.internal.DefaultFileLockManager] Releasing lock on daemon addresses registry.
2026-03-14T15:06:48.364+0500 [DEBUG] [org.gradle.cache.internal.DefaultFileLockManager] Waiting to acquire shared lock on daemon addresses registry.
2026-03-14T15:06:48.364+0500 [DEBUG] [org.gradle.cache.internal.DefaultFileLockManager] Lock acquired on daemon addresses registry.
2026-03-14T15:06:48.364+0500 [DEBUG] [org.gradle.cache.internal.DefaultFileLockManager] Releasing lock on daemon addresses registry.
2026-03-14T15:06:48.365+0500 [DEBUG] [org.gradle.cache.internal.DefaultFileLockManager] Waiting to acquire shared lock on daemon addresses registry.
2026-03-14T15:06:48.365+0500 [DEBUG] [org.gradle.cache.internal.DefaultFileLockManager] Lock acquired on daemon addresses registry.
2026-03-14T15:06:48.365+0500 [DEBUG] [org.gradle.cache.internal.DefaultFileLockManager] Releasing lock on daemon addresses registry.
2026-03-14T15:06:58.361+0500 [DEBUG] [org.gradle.cache.internal.DefaultFileLockManager] Waiting to acquire shared lock on daemon addresses registry.
2026-03-14T15:06:58.361+0500 [DEBUG] [org.gradle.cache.internal.DefaultFileLockManager] Lock acquired on daemon addresses registry.
2026-03-14T15:06:58.362+0500 [DEBUG] [org.gradle.cache.internal.DefaultFileLockManager] Releasing lock on daemon addresses registry.
2026-03-14T15:06:58.363+0500 [DEBUG] [org.gradle.cache.internal.DefaultFileLockManager] Waiting to acquire shared lock on daemon addresses registry.
2026-03-14T15:06:58.363+0500 [DEBUG] [org.gradle.cache.internal.DefaultFileLockManager] Lock acquired on daemon addresses registry.
2026-03-14T15:06:58.363+0500 [DEBUG] [org.gradle.cache.internal.DefaultFileLockManager] Releasing lock on daemon addresses registry.
2026-03-14T15:06:58.364+0500 [DEBUG] [org.gradle.cache.internal.DefaultFileLockManager] Waiting to acquire shared lock on daemon addresses registry.
2026-03-14T15:06:58.364+0500 [DEBUG] [org.gradle.cache.internal.DefaultFileLockManager] Lock acquired on daemon addresses registry.
2026-03-14T15:06:58.364+0500 [DEBUG] [org.gradle.cache.internal.DefaultFileLockManager] Releasing lock on daemon addresses registry.
2026-03-14T15:07:02.219+0500 [DEBUG] [sun.rmi.transport.tcp] RMI TCP Connection(18)-127.0.0.1: (port 54929) connection closed
2026-03-14T15:07:02.219+0500 [DEBUG] [sun.rmi.transport.tcp] RMI TCP Connection(18)-127.0.0.1: close connection, socket: Socket[addr=/127.0.0.1,port=55872,localport=54929]
2026-03-14T15:07:02.219+0500 [DEBUG] [sun.rmi.transport.tcp] RMI TCP Connection(18)-127.0.0.1: socket close: Socket[addr=/127.0.0.1,port=55872,localport=54929]
2026-03-14T15:07:03.111+0500 [DEBUG] [sun.rmi.transport.tcp] RMI TCP Connection(19)-127.0.0.1: (port 54929) connection closed
2026-03-14T15:07:03.112+0500 [DEBUG] [sun.rmi.transport.tcp] RMI TCP Connection(19)-127.0.0.1: close connection, socket: Socket[addr=/127.0.0.1,port=55874,localport=54929]
2026-03-14T15:07:03.112+0500 [DEBUG] [sun.rmi.transport.tcp] RMI TCP Connection(19)-127.0.0.1: socket close: Socket[addr=/127.0.0.1,port=55874,localport=54929]
2026-03-14T15:07:06.552+0500 [DEBUG] [org.gradle.internal.remote.internal.inet.TcpIncomingConnector] Accepted connection from /127.0.0.1:55891 to /127.0.0.1:54919.
2026-03-14T15:07:06.555+0500 [DEBUG] [org.gradle.launcher.daemon.server.SynchronizedDispatchConnection] thread 855: received class org.gradle.launcher.daemon.protocol.Build
2026-03-14T15:07:06.555+0500 [DEBUG] [org.gradle.launcher.daemon.server.DefaultDaemonConnection] thread 855: Received non-IO message from client: Build{id=649301dd-6a92-458e-b1bd-356bcbed562d, currentDir=/Users/user/StudioProjects/Jetpack-compose-}
2026-03-14T15:07:06.555+0500 [INFO] [org.gradle.launcher.daemon.server.DefaultIncomingConnectionHandler] Received command: Build{id=649301dd-6a92-458e-b1bd-356bcbed562d, currentDir=/Users/user/StudioProjects/Jetpack-compose-}.
2026-03-14T15:07:06.555+0500 [DEBUG] [org.gradle.launcher.daemon.server.DefaultIncomingConnectionHandler] Starting executing command: Build{id=649301dd-6a92-458e-b1bd-356bcbed562d, currentDir=/Users/user/StudioProjects/Jetpack-compose-} with connection: socket connection from /127.0.0.1:54919 to /127.0.0.1:55891.
2026-03-14T15:07:06.556+0500 [DEBUG] [org.gradle.launcher.daemon.server.DaemonStateCoordinator] Command execution: started DaemonCommandExecution[command = Build{id=649301dd-6a92-458e-b1bd-356bcbed562d, currentDir=/Users/user/StudioProjects/Jetpack-compose-}, connection = DefaultDaemonConnection: socket connection from /127.0.0.1:54919 to /127.0.0.1:55891] after 5.268566666666667 minutes of idle
2026-03-14T15:07:06.556+0500 [INFO] [org.gradle.launcher.daemon.server.DaemonRegistryUpdater] Marking the daemon as busy, address: [e3314c61-88c3-4325-9052-9f15a21f69e7 port:54919, addresses:[localhost/127.0.0.1]]
2026-03-14T15:07:06.556+0500 [DEBUG] [org.gradle.launcher.daemon.registry.PersistentDaemonRegistry] Marking busy by address: [e3314c61-88c3-4325-9052-9f15a21f69e7 port:54919, addresses:[localhost/127.0.0.1]]
2026-03-14T15:07:06.557+0500 [DEBUG] [org.gradle.cache.internal.DefaultFileLockManager] Waiting to acquire exclusive lock on daemon addresses registry.
2026-03-14T15:07:06.558+0500 [DEBUG] [org.gradle.cache.internal.DefaultFileLockManager] Lock acquired on daemon addresses registry.
2026-03-14T15:07:06.559+0500 [DEBUG] [org.gradle.cache.internal.DefaultFileLockManager] Releasing lock on daemon addresses registry.
2026-03-14T15:07:06.560+0500 [DEBUG] [org.gradle.launcher.daemon.server.DaemonStateCoordinator] resetting idle timer
2026-03-14T15:07:06.560+0500 [DEBUG] [org.gradle.launcher.daemon.server.DaemonStateCoordinator] daemon is running. Sleeping until state changes.
2026-03-14T15:07:06.560+0500 [INFO] [org.gradle.launcher.daemon.server.exec.StartBuildOrRespondWithBusy] Daemon is about to start building Build{id=649301dd-6a92-458e-b1bd-356bcbed562d, currentDir=/Users/user/StudioProjects/Jetpack-compose-}. Dispatching build started information...
2026-03-14T15:07:06.561+0500 [DEBUG] [org.gradle.launcher.daemon.server.SynchronizedDispatchConnection] thread 857: dispatching org.gradle.launcher.daemon.protocol.BuildStarted@52fb1efe
2026-03-14T15:07:06.561+0500 [DEBUG] [org.gradle.launcher.daemon.server.exec.EstablishBuildEnvironment] Configuring env variables: [PATH, __CFBundleIdentifier, SHELL, JAVA_HOME, OLDPWD, USER, COMMAND_MODE, TMPDIR, SSH_AUTH_SOCK, XPC_FLAGS, __CF_USER_TEXT_ENCODING, LOGNAME, LC_CTYPE, XPC_SERVICE_NAME, HOME]
2026-03-14T15:07:06.562+0500 [DEBUG] [org.gradle.launcher.daemon.server.exec.LogToClient] About to start relaying all logs to the client via the connection.
2026-03-14T15:07:06.562+0500 [INFO] [org.gradle.launcher.daemon.server.exec.LogToClient] The client will now receive all logging from the daemon (pid: 75549). The daemon log file: /Users/user/StudioProjects/Jetpack-compose-/gradle/wrapper/daemon/8.13/daemon-75549.out.log
2026-03-14T15:07:06.562+0500 [INFO] [org.gradle.launcher.daemon.server.exec.LogAndCheckHealth] Starting 7th build in daemon [uptime: 16 mins 8.297 secs, performance: 99%, GC rate: 0.00/s, heap usage: 1% of 2 GiB]
2026-03-14T15:07:06.563+0500 [DEBUG] [org.gradle.launcher.daemon.server.exec.ExecuteBuild] The daemon has started executing the build.
2026-03-14T15:07:06.563+0500 [DEBUG] [org.gradle.launcher.daemon.server.exec.ExecuteBuild] Executing build with daemon context: DefaultDaemonContext[uid=be09e351-5b6f-4876-83a1-c7b09c2203fc,javaHome=/Library/Java/JavaVirtualMachines/temurin-21.jdk/Contents/Home,javaVersion=21,javaVendor=Eclipse Adoptium,daemonRegistryDir=/Users/user/StudioProjects/Jetpack-compose-/gradle/wrapper/daemon,pid=75549,idleTimeout=10800000,priority=NORMAL,applyInstrumentationAgent=true,nativeServicesMode=ENABLED,daemonOpts=-Xmx2048m,-Dfile.encoding=UTF-8,-Duser.country=UZ,-Duser.language=ru,-Duser.variant]

[Incubating] Problems report is available at: file:///Users/user/StudioProjects/Jetpack-compose-/build/reports/problems/problems-report.html

Deprecated Gradle features were used in this build, making it incompatible with Gradle 9.0.

You can use '--warning-mode all' to show the individual deprecation warnings and determine if they come from your own scripts or plugins.

For more on this, please refer to https://docs.gradle.org/8.13/userguide/command_line_interface.html#sec:command_line_warnings in the Gradle documentation.

BUILD SUCCESSFUL in 4s
45 actionable tasks: 12 executed, 33 up-to-date
2026-03-14T15:07:11.195+0500 [DEBUG] [org.gradle.launcher.daemon.server.exec.ExecuteBuild] The daemon has finished executing the build.
2026-03-14T15:07:11.195+0500 [DEBUG] [org.gradle.launcher.daemon.server.DaemonStateCoordinator] daemon is running. Sleeping until state changes.
2026-03-14T15:07:11.196+0500 [DEBUG] [org.gradle.launcher.daemon.server.DaemonStateCoordinator] Command execution: finished waiting for DaemonCommandExecution[command = Build{id=649301dd-6a92-458e-b1bd-356bcbed562d, currentDir=/Users/user/StudioProjects/Jetpack-compose-}, connection = DefaultDaemonConnection: socket connection from /127.0.0.1:54919 to /127.0.0.1:55891]. Result org.gradle.launcher.daemon.server.DaemonStateCoordinator@3a6128d3 with state Busy
2026-03-14T15:07:11.196+0500 [DEBUG] [org.gradle.launcher.daemon.server.DaemonStateCoordinator] Command execution: completed DaemonCommandExecution[command = Build{id=649301dd-6a92-458e-b1bd-356bcbed562d, currentDir=/Users/user/StudioProjects/Jetpack-compose-}, connection = DefaultDaemonConnection: socket connection from /127.0.0.1:54919 to /127.0.0.1:55891]
2026-03-14T15:07:11.196+0500 [DEBUG] [org.gradle.launcher.daemon.server.DaemonStateCoordinator] resetting idle timer
2026-03-14T15:07:11.196+0500 [INFO] [org.gradle.launcher.daemon.server.DaemonRegistryUpdater] Marking the daemon as idle, address: [e3314c61-88c3-4325-9052-9f15a21f69e7 port:54919, addresses:[localhost/127.0.0.1]]
2026-03-14T15:07:11.196+0500 [DEBUG] [org.gradle.launcher.daemon.registry.PersistentDaemonRegistry] Marking busy by address: [e3314c61-88c3-4325-9052-9f15a21f69e7 port:54919, addresses:[localhost/127.0.0.1]]
2026-03-14T15:07:11.196+0500 [DEBUG] [org.gradle.cache.internal.DefaultFileLockManager] Waiting to acquire exclusive lock on daemon addresses registry.
2026-03-14T15:07:11.196+0500 [DEBUG] [org.gradle.cache.internal.DefaultFileLockManager] Lock acquired on daemon addresses registry.
2026-03-14T15:07:11.196+0500 [DEBUG] [org.gradle.cache.internal.DefaultFileLockManager] Releasing lock on daemon addresses registry.
2026-03-14T15:07:11.196+0500 [DEBUG] [org.gradle.launcher.daemon.server.DaemonStateCoordinator] daemon is running. Sleeping until state changes.
2026-03-14T15:07:11.196+0500 [DEBUG] [org.gradle.launcher.daemon.server.exec.ReturnResult] Daemon is dispatching the build result: Success[value=org.gradle.launcher.exec.BuildActionResult@5cd962e2]
2026-03-14T15:07:11.196+0500 [DEBUG] [org.gradle.launcher.daemon.server.SynchronizedDispatchConnection] thread 854: dispatching Success[value=org.gradle.launcher.exec.BuildActionResult@5cd962e2]
2026-03-14T15:07:11.196+0500 [DEBUG] [org.gradle.launcher.daemon.server.exec.CleanUpVirtualFileSystemAfterBuild] Cleaning virtual file system after build finished
2026-03-14T15:07:11.196+0500 [DEBUG] [org.gradle.launcher.daemon.server.DefaultIncomingConnectionHandler] Finishing executing command: Build{id=649301dd-6a92-458e-b1bd-356bcbed562d, currentDir=/Users/user/StudioProjects/Jetpack-compose-}
2026-03-14T15:07:11.196+0500 [DEBUG] [org.gradle.launcher.daemon.server.SynchronizedDispatchConnection] thread 855: received class org.gradle.launcher.daemon.protocol.CloseInput
2026-03-14T15:07:11.197+0500 [DEBUG] [org.gradle.launcher.daemon.server.DefaultDaemonConnection] thread 855: Received IO message from client: org.gradle.launcher.daemon.protocol.CloseInput@24464a69
2026-03-14T15:07:11.197+0500 [DEBUG] [org.gradle.launcher.daemon.server.SynchronizedDispatchConnection] thread 855: received class org.gradle.launcher.daemon.protocol.Finished
2026-03-14T15:07:11.197+0500 [DEBUG] [org.gradle.launcher.daemon.server.DefaultDaemonConnection] thread 855: Received non-IO message from client: org.gradle.launcher.daemon.protocol.Finished@2a81a091
2026-03-14T15:07:11.197+0500 [DEBUG] [org.gradle.launcher.daemon.server.DefaultIncomingConnectionHandler] Received finished message: org.gradle.launcher.daemon.protocol.Finished@2a81a091
2026-03-14T15:07:11.197+0500 [DEBUG] [org.gradle.launcher.daemon.server.SynchronizedDispatchConnection] thread 854: stopping connection
2026-03-14T15:07:11.197+0500 [DEBUG] [org.gradle.internal.remote.internal.inet.SocketConnection] Discarding EOFException: java.io.EOFException
2026-03-14T15:07:11.197+0500 [DEBUG] [org.gradle.launcher.daemon.server.SynchronizedDispatchConnection] thread 855: received null
2026-03-14T15:07:11.197+0500 [DEBUG] [org.gradle.launcher.daemon.server.DefaultDaemonConnection] thread 855: Received end-of-input from client.
2026-03-14T15:07:11.197+0500 [DEBUG] [org.gradle.launcher.daemon.server.SynchronizedDispatchConnection] thread 854: stopping connection
2026-03-14T15:07:18.362+0500 [DEBUG] [org.gradle.cache.internal.DefaultFileLockManager] Waiting to acquire shared lock on daemon addresses registry.
2026-03-14T15:07:18.363+0500 [DEBUG] [org.gradle.cache.internal.DefaultFileLockManager] Lock acquired on daemon addresses registry.
2026-03-14T15:07:18.363+0500 [DEBUG] [org.gradle.cache.internal.DefaultFileLockManager] Releasing lock on daemon addresses registry.
2026-03-14T15:07:18.363+0500 [DEBUG] [org.gradle.cache.internal.DefaultFileLockManager] Waiting to acquire shared lock on daemon addresses registry.
2026-03-14T15:07:18.363+0500 [DEBUG] [org.gradle.cache.internal.DefaultFileLockManager] Lock acquired on daemon addresses registry.
2026-03-14T15:07:18.363+0500 [DEBUG] [org.gradle.cache.internal.DefaultFileLockManager] Releasing lock on daemon addresses registry.
2026-03-14T15:07:22.488+0500 [DEBUG] [sun.rmi.transport.tcp] RMI TCP Connection(21)-127.0.0.1: (port 54929) connection closed
2026-03-14T15:07:22.488+0500 [DEBUG] [sun.rmi.transport.tcp] RMI TCP Connection(22)-127.0.0.1: (port 54929) connection closed
2026-03-14T15:07:22.488+0500 [DEBUG] [sun.rmi.transport.tcp] RMI TCP Connection(22)-127.0.0.1: close connection, socket: Socket[addr=/127.0.0.1,port=55897,localport=54929]
2026-03-14T15:07:22.488+0500 [DEBUG] [sun.rmi.transport.tcp] RMI TCP Connection(21)-127.0.0.1: close connection, socket: Socket[addr=/127.0.0.1,port=55896,localport=54929]
2026-03-14T15:07:22.489+0500 [DEBUG] [sun.rmi.transport.tcp] RMI TCP Connection(22)-127.0.0.1: socket close: Socket[addr=/127.0.0.1,port=55897,localport=54929]
2026-03-14T15:07:22.489+0500 [DEBUG] [sun.rmi.transport.tcp] RMI TCP Connection(21)-127.0.0.1: socket close: Socket[addr=/127.0.0.1,port=55896,localport=54929]
2026-03-14T15:07:28.361+0500 [DEBUG] [org.gradle.cache.internal.DefaultFileLockManager] Waiting to acquire shared lock on daemon addresses registry.
2026-03-14T15:07:28.362+0500 [DEBUG] [org.gradle.cache.internal.DefaultFileLockManager] Lock acquired on daemon addresses registry.
2026-03-14T15:07:28.362+0500 [DEBUG] [org.gradle.cache.internal.DefaultFileLockManager] Releasing lock on daemon addresses registry.
2026-03-14T15:07:28.363+0500 [DEBUG] [org.gradle.cache.internal.DefaultFileLockManager] Waiting to acquire shared lock on daemon addresses registry.
2026-03-14T15:07:28.363+0500 [DEBUG] [org.gradle.cache.internal.DefaultFileLockManager] Lock acquired on daemon addresses registry.
2026-03-14T15:07:28.364+0500 [DEBUG] [org.gradle.cache.internal.DefaultFileLockManager] Releasing lock on daemon addresses registry.
2026-03-14T15:07:28.364+0500 [DEBUG] [org.gradle.cache.internal.DefaultFileLockManager] Waiting to acquire shared lock on daemon addresses registry.
2026-03-14T15:07:28.364+0500 [DEBUG] [org.gradle.cache.internal.DefaultFileLockManager] Lock acquired on daemon addresses registry.
2026-03-14T15:07:28.364+0500 [DEBUG] [org.gradle.cache.internal.DefaultFileLockManager] Releasing lock on daemon addresses registry.
2026-03-14T15:07:37.251+0500 [DEBUG] [sun.rmi.transport.tcp] RMI Scheduler(0): close connection, socket: Socket[addr=localhost/127.0.0.1,port=17321,localport=55893]
2026-03-14T15:07:37.252+0500 [DEBUG] [sun.rmi.transport.tcp] RMI Scheduler(0): close connection, socket: Socket[addr=localhost/127.0.0.1,port=17321,localport=55910]
2026-03-14T15:07:37.264+0500 [DEBUG] [sun.rmi.transport.tcp] RMI TCP Connection(25)-127.0.0.1: (port 54929) connection closed
2026-03-14T15:07:37.264+0500 [DEBUG] [sun.rmi.transport.tcp] RMI TCP Connection(25)-127.0.0.1: close connection, socket: Socket[addr=/127.0.0.1,port=55908,localport=54929]
2026-03-14T15:07:37.264+0500 [DEBUG] [sun.rmi.transport.tcp] RMI TCP Connection(25)-127.0.0.1: socket close: Socket[addr=/127.0.0.1,port=55908,localport=54929]
2026-03-14T15:07:38.361+0500 [DEBUG] [org.gradle.cache.internal.DefaultFileLockManager] Waiting to acquire shared lock on daemon addresses registry.
2026-03-14T15:07:38.362+0500 [DEBUG] [org.gradle.cache.internal.DefaultFileLockManager] Lock acquired on daemon addresses registry.
2026-03-14T15:07:38.363+0500 [DEBUG] [org.gradle.cache.internal.DefaultFileLockManager] Releasing lock on daemon addresses registry.
2026-03-14T15:07:38.364+0500 [DEBUG] [org.gradle.cache.internal.DefaultFileLockManager] Waiting to acquire shared lock on daemon addresses registry.
2026-03-14T15:07:38.364+0500 [DEBUG] [org.gradle.cache.internal.DefaultFileLockManager] Lock acquired on daemon addresses registry.
2026-03-14T15:07:38.364+0500 [DEBUG] [org.gradle.cache.internal.DefaultFileLockManager] Releasing lock on daemon addresses registry.
2026-03-14T15:07:38.364+0500 [DEBUG] [org.gradle.cache.internal.DefaultFileLockManager] Waiting to acquire shared lock on daemon addresses registry.
2026-03-14T15:07:38.365+0500 [DEBUG] [org.gradle.cache.internal.DefaultFileLockManager] Lock acquired on daemon addresses registry.
2026-03-14T15:07:38.365+0500 [DEBUG] [org.gradle.cache.internal.DefaultFileLockManager] Releasing lock on daemon addresses registry.
2026-03-14T15:07:38.729+0500 [DEBUG] [sun.rmi.transport.tcp] RMI Scheduler(0): close connection, socket: Socket[addr=localhost/127.0.0.1,port=17321,localport=55911]
2026-03-14T15:07:38.741+0500 [DEBUG] [sun.rmi.transport.tcp] RMI TCP Connection(26)-127.0.0.1: (port 54929) connection closed
2026-03-14T15:07:38.741+0500 [DEBUG] [sun.rmi.transport.tcp] RMI TCP Connection(26)-127.0.0.1: close connection, socket: Socket[addr=/127.0.0.1,port=55907,localport=54929]
2026-03-14T15:07:38.742+0500 [DEBUG] [sun.rmi.transport.tcp] RMI TCP Connection(26)-127.0.0.1: socket close: Socket[addr=/127.0.0.1,port=55907,localport=54929]
2026-03-14T15:07:39.480+0500 [DEBUG] [sun.rmi.transport.tcp] RMI Scheduler(0): close connection, socket: Socket[addr=localhost/127.0.0.1,port=17321,localport=55909]
2026-03-14T15:07:39.481+0500 [DEBUG] [sun.rmi.transport.tcp] RMI TCP Connection(24)-127.0.0.1: (port 54929) connection closed
2026-03-14T15:07:39.482+0500 [DEBUG] [sun.rmi.transport.tcp] RMI TCP Connection(24)-127.0.0.1: close connection, socket: Socket[addr=/127.0.0.1,port=55906,localport=54929]
2026-03-14T15:07:39.482+0500 [DEBUG] [sun.rmi.transport.tcp] RMI TCP Connection(24)-127.0.0.1: socket close: Socket[addr=/127.0.0.1,port=55906,localport=54929]
2026-03-14T15:07:48.359+0500 [DEBUG] [org.gradle.cache.internal.DefaultFileLockManager] Waiting to acquire shared lock on daemon addresses registry.
2026-03-14T15:07:48.359+0500 [DEBUG] [org.gradle.cache.internal.DefaultFileLockManager] Lock acquired on daemon addresses registry.
2026-03-14T15:07:48.359+0500 [DEBUG] [org.gradle.cache.internal.DefaultFileLockManager] Releasing lock on daemon addresses registry.
2026-03-14T15:07:48.360+0500 [DEBUG] [org.gradle.cache.internal.DefaultFileLockManager] Waiting to acquire shared lock on daemon addresses registry.
2026-03-14T15:07:48.360+0500 [DEBUG] [org.gradle.cache.internal.DefaultFileLockManager] Lock acquired on daemon addresses registry.
2026-03-14T15:07:48.360+0500 [DEBUG] [org.gradle.cache.internal.DefaultFileLockManager] Releasing lock on daemon addresses registry.
2026-03-14T15:07:48.360+0500 [DEBUG] [org.gradle.cache.internal.DefaultFileLockManager] Waiting to acquire shared lock on daemon addresses registry.
2026-03-14T15:07:48.361+0500 [DEBUG] [org.gradle.cache.internal.DefaultFileLockManager] Lock acquired on daemon addresses registry.
2026-03-14T15:07:48.361+0500 [DEBUG] [org.gradle.cache.internal.DefaultFileLockManager] Releasing lock on daemon addresses registry.
2026-03-14T15:07:58.359+0500 [DEBUG] [org.gradle.cache.internal.DefaultFileLockManager] Waiting to acquire shared lock on daemon addresses registry.
2026-03-14T15:07:58.360+0500 [DEBUG] [org.gradle.cache.internal.DefaultFileLockManager] Lock acquired on daemon addresses registry.
2026-03-14T15:07:58.361+0500 [DEBUG] [org.gradle.cache.internal.DefaultFileLockManager] Releasing lock on daemon addresses registry.
2026-03-14T15:07:58.362+0500 [DEBUG] [org.gradle.cache.internal.DefaultFileLockManager] Waiting to acquire shared lock on daemon addresses registry.
2026-03-14T15:07:58.362+0500 [DEBUG] [org.gradle.cache.internal.DefaultFileLockManager] Lock acquired on daemon addresses registry.
2026-03-14T15:07:58.362+0500 [DEBUG] [org.gradle.cache.internal.DefaultFileLockManager] Releasing lock on daemon addresses registry.
2026-03-14T15:07:58.363+0500 [DEBUG] [org.gradle.cache.internal.DefaultFileLockManager] Waiting to acquire shared lock on daemon addresses registry.
2026-03-14T15:07:58.363+0500 [DEBUG] [org.gradle.cache.internal.DefaultFileLockManager] Lock acquired on daemon addresses registry.
2026-03-14T15:07:58.363+0500 [DEBUG] [org.gradle.cache.internal.DefaultFileLockManager] Releasing lock on daemon addresses registry.
2026-03-14T15:08:08.357+0500 [DEBUG] [org.gradle.cache.internal.DefaultFileLockManager] Waiting to acquire shared lock on daemon addresses registry.
2026-03-14T15:08:08.357+0500 [DEBUG] [org.gradle.cache.internal.DefaultFileLockManager] Lock acquired on daemon addresses registry.
2026-03-14T15:08:08.358+0500 [DEBUG] [org.gradle.cache.internal.DefaultFileLockManager] Releasing lock on daemon addresses registry.
2026-03-14T15:08:08.358+0500 [DEBUG] [org.gradle.cache.internal.DefaultFileLockManager] Waiting to acquire shared lock on daemon addresses registry.
2026-03-14T15:08:08.358+0500 [DEBUG] [org.gradle.cache.internal.DefaultFileLockManager] Lock acquired on daemon addresses registry.
2026-03-14T15:08:08.359+0500 [DEBUG] [org.gradle.cache.internal.DefaultFileLockManager] Releasing lock on daemon addresses registry.
2026-03-14T15:08:08.359+0500 [DEBUG] [org.gradle.cache.internal.DefaultFileLockManager] Waiting to acquire shared lock on daemon addresses registry.
2026-03-14T15:08:08.359+0500 [DEBUG] [org.gradle.cache.internal.DefaultFileLockManager] Lock acquired on daemon addresses registry.
2026-03-14T15:08:08.359+0500 [DEBUG] [org.gradle.cache.internal.DefaultFileLockManager] Releasing lock on daemon addresses registry.
2026-03-14T15:08:18.355+0500 [DEBUG] [org.gradle.cache.internal.DefaultFileLockManager] Waiting to acquire shared lock on daemon addresses registry.
2026-03-14T15:08:18.356+0500 [DEBUG] [org.gradle.cache.internal.DefaultFileLockManager] Lock acquired on daemon addresses registry.
2026-03-14T15:08:18.356+0500 [DEBUG] [org.gradle.cache.internal.DefaultFileLockManager] Releasing lock on daemon addresses registry.
2026-03-14T15:08:18.357+0500 [DEBUG] [org.gradle.cache.internal.DefaultFileLockManager] Waiting to acquire shared lock on daemon addresses registry.
2026-03-14T15:08:18.357+0500 [DEBUG] [org.gradle.cache.internal.DefaultFileLockManager] Lock acquired on daemon addresses registry.
2026-03-14T15:08:18.357+0500 [DEBUG] [org.gradle.cache.internal.DefaultFileLockManager] Releasing lock on daemon addresses registry.
2026-03-14T15:08:18.358+0500 [DEBUG] [org.gradle.cache.internal.DefaultFileLockManager] Waiting to acquire shared lock on daemon addresses registry.
2026-03-14T15:08:18.358+0500 [DEBUG] [org.gradle.cache.internal.DefaultFileLockManager] Lock acquired on daemon addresses registry.
2026-03-14T15:08:18.358+0500 [DEBUG] [org.gradle.cache.internal.DefaultFileLockManager] Releasing lock on daemon addresses registry.
2026-03-14T15:08:28.360+0500 [DEBUG] [org.gradle.cache.internal.DefaultFileLockManager] Waiting to acquire shared lock on daemon addresses registry.
2026-03-14T15:08:28.360+0500 [DEBUG] [org.gradle.cache.internal.DefaultFileLockManager] Lock acquired on daemon addresses registry.
2026-03-14T15:08:28.361+0500 [DEBUG] [org.gradle.cache.internal.DefaultFileLockManager] Releasing lock on daemon addresses registry.
2026-03-14T15:08:28.361+0500 [DEBUG] [org.gradle.cache.internal.DefaultFileLockManager] Waiting to acquire shared lock on daemon addresses registry.
2026-03-14T15:08:28.361+0500 [DEBUG] [org.gradle.cache.internal.DefaultFileLockManager] Lock acquired on daemon addresses registry.
2026-03-14T15:08:28.362+0500 [DEBUG] [org.gradle.cache.internal.DefaultFileLockManager] Releasing lock on daemon addresses registry.
2026-03-14T15:08:28.362+0500 [DEBUG] [org.gradle.cache.internal.DefaultFileLockManager] Waiting to acquire shared lock on daemon addresses registry.
2026-03-14T15:08:28.362+0500 [DEBUG] [org.gradle.cache.internal.DefaultFileLockManager] Lock acquired on daemon addresses registry.
2026-03-14T15:08:28.362+0500 [DEBUG] [org.gradle.cache.internal.DefaultFileLockManager] Releasing lock on daemon addresses registry.
2026-03-14T15:08:38.360+0500 [DEBUG] [org.gradle.cache.internal.DefaultFileLockManager] Waiting to acquire shared lock on daemon addresses registry.
2026-03-14T15:08:38.361+0500 [DEBUG] [org.gradle.cache.internal.DefaultFileLockManager] Lock acquired on daemon addresses registry.
2026-03-14T15:08:38.361+0500 [DEBUG] [org.gradle.cache.internal.DefaultFileLockManager] Releasing lock on daemon addresses registry.
2026-03-14T15:08:38.362+0500 [DEBUG] [org.gradle.cache.internal.DefaultFileLockManager] Waiting to acquire shared lock on daemon addresses registry.
2026-03-14T15:08:38.362+0500 [DEBUG] [org.gradle.cache.internal.DefaultFileLockManager] Lock acquired on daemon addresses registry.
2026-03-14T15:08:38.362+0500 [DEBUG] [org.gradle.cache.internal.DefaultFileLockManager] Releasing lock on daemon addresses registry.
2026-03-14T15:08:38.363+0500 [DEBUG] [org.gradle.cache.internal.DefaultFileLockManager] Waiting to acquire shared lock on daemon addresses registry.
2026-03-14T15:08:38.363+0500 [DEBUG] [org.gradle.cache.internal.DefaultFileLockManager] Lock acquired on daemon addresses registry.
2026-03-14T15:08:38.363+0500 [DEBUG] [org.gradle.cache.internal.DefaultFileLockManager] Releasing lock on daemon addresses registry.
2026-03-14T15:08:48.357+0500 [DEBUG] [org.gradle.cache.internal.DefaultFileLockManager] Waiting to acquire shared lock on daemon addresses registry.
2026-03-14T15:08:48.358+0500 [DEBUG] [org.gradle.cache.internal.DefaultFileLockManager] Lock acquired on daemon addresses registry.
2026-03-14T15:08:48.358+0500 [DEBUG] [org.gradle.cache.internal.DefaultFileLockManager] Releasing lock on daemon addresses registry.
2026-03-14T15:08:48.359+0500 [DEBUG] [org.gradle.cache.internal.DefaultFileLockManager] Waiting to acquire shared lock on daemon addresses registry.
2026-03-14T15:08:48.359+0500 [DEBUG] [org.gradle.cache.internal.DefaultFileLockManager] Lock acquired on daemon addresses registry.
2026-03-14T15:08:48.359+0500 [DEBUG] [org.gradle.cache.internal.DefaultFileLockManager] Releasing lock on daemon addresses registry.
2026-03-14T15:08:48.359+0500 [DEBUG] [org.gradle.cache.internal.DefaultFileLockManager] Waiting to acquire shared lock on daemon addresses registry.
2026-03-14T15:08:48.359+0500 [DEBUG] [org.gradle.cache.internal.DefaultFileLockManager] Lock acquired on daemon addresses registry.
2026-03-14T15:08:48.359+0500 [DEBUG] [org.gradle.cache.internal.DefaultFileLockManager] Releasing lock on daemon addresses registry.
2026-03-14T15:08:58.360+0500 [DEBUG] [org.gradle.cache.internal.DefaultFileLockManager] Waiting to acquire shared lock on daemon addresses registry.
2026-03-14T15:08:58.361+0500 [DEBUG] [org.gradle.cache.internal.DefaultFileLockManager] Lock acquired on daemon addresses registry.
2026-03-14T15:08:58.361+0500 [DEBUG] [org.gradle.cache.internal.DefaultFileLockManager] Releasing lock on daemon addresses registry.
2026-03-14T15:08:58.362+0500 [DEBUG] [org.gradle.cache.internal.DefaultFileLockManager] Waiting to acquire shared lock on daemon addresses registry.
2026-03-14T15:08:58.362+0500 [DEBUG] [org.gradle.cache.internal.DefaultFileLockManager] Lock acquired on daemon addresses registry.
2026-03-14T15:08:58.362+0500 [DEBUG] [org.gradle.cache.internal.DefaultFileLockManager] Releasing lock on daemon addresses registry.
2026-03-14T15:08:58.362+0500 [DEBUG] [org.gradle.cache.internal.DefaultFileLockManager] Waiting to acquire shared lock on daemon addresses registry.
2026-03-14T15:08:58.363+0500 [DEBUG] [org.gradle.cache.internal.DefaultFileLockManager] Lock acquired on daemon addresses registry.
2026-03-14T15:08:58.363+0500 [DEBUG] [org.gradle.cache.internal.DefaultFileLockManager] Releasing lock on daemon addresses registry.
2026-03-14T15:09:08.359+0500 [DEBUG] [org.gradle.cache.internal.DefaultFileLockManager] Waiting to acquire shared lock on daemon addresses registry.
2026-03-14T15:09:08.360+0500 [DEBUG] [org.gradle.cache.internal.DefaultFileLockManager] Lock acquired on daemon addresses registry.
2026-03-14T15:09:08.361+0500 [DEBUG] [org.gradle.cache.internal.DefaultFileLockManager] Releasing lock on daemon addresses registry.
2026-03-14T15:09:08.361+0500 [DEBUG] [org.gradle.cache.internal.DefaultFileLockManager] Waiting to acquire shared lock on daemon addresses registry.
2026-03-14T15:09:08.361+0500 [DEBUG] [org.gradle.cache.internal.DefaultFileLockManager] Lock acquired on daemon addresses registry.
2026-03-14T15:09:08.362+0500 [DEBUG] [org.gradle.cache.internal.DefaultFileLockManager] Releasing lock on daemon addresses registry.
2026-03-14T15:09:08.362+0500 [DEBUG] [org.gradle.cache.internal.DefaultFileLockManager] Waiting to acquire shared lock on daemon addresses registry.
2026-03-14T15:09:08.362+0500 [DEBUG] [org.gradle.cache.internal.DefaultFileLockManager] Lock acquired on daemon addresses registry.
2026-03-14T15:09:08.362+0500 [DEBUG] [org.gradle.cache.internal.DefaultFileLockManager] Releasing lock on daemon addresses registry.
2026-03-14T15:09:18.358+0500 [DEBUG] [org.gradle.cache.internal.DefaultFileLockManager] Waiting to acquire shared lock on daemon addresses registry.
2026-03-14T15:09:18.359+0500 [DEBUG] [org.gradle.cache.internal.DefaultFileLockManager] Lock acquired on daemon addresses registry.
2026-03-14T15:09:18.359+0500 [DEBUG] [org.gradle.cache.internal.DefaultFileLockManager] Releasing lock on daemon addresses registry.
2026-03-14T15:09:18.360+0500 [DEBUG] [org.gradle.cache.internal.DefaultFileLockManager] Waiting to acquire shared lock on daemon addresses registry.
2026-03-14T15:09:18.360+0500 [DEBUG] [org.gradle.cache.internal.DefaultFileLockManager] Lock acquired on daemon addresses registry.
2026-03-14T15:09:18.360+0500 [DEBUG] [org.gradle.cache.internal.DefaultFileLockManager] Releasing lock on daemon addresses registry.
2026-03-14T15:09:18.361+0500 [DEBUG] [org.gradle.cache.internal.DefaultFileLockManager] Waiting to acquire shared lock on daemon addresses registry.
2026-03-14T15:09:18.361+0500 [DEBUG] [org.gradle.cache.internal.DefaultFileLockManager] Lock acquired on daemon addresses registry.
2026-03-14T15:09:18.361+0500 [DEBUG] [org.gradle.cache.internal.DefaultFileLockManager] Releasing lock on daemon addresses registry.
2026-03-14T15:09:28.359+0500 [DEBUG] [org.gradle.cache.internal.DefaultFileLockManager] Waiting to acquire shared lock on daemon addresses registry.
2026-03-14T15:09:28.360+0500 [DEBUG] [org.gradle.cache.internal.DefaultFileLockManager] Lock acquired on daemon addresses registry.
2026-03-14T15:09:28.360+0500 [DEBUG] [org.gradle.cache.internal.DefaultFileLockManager] Releasing lock on daemon addresses registry.
2026-03-14T15:09:28.361+0500 [DEBUG] [org.gradle.cache.internal.DefaultFileLockManager] Waiting to acquire shared lock on daemon addresses registry.
2026-03-14T15:09:28.361+0500 [DEBUG] [org.gradle.cache.internal.DefaultFileLockManager] Lock acquired on daemon addresses registry.
2026-03-14T15:09:28.361+0500 [DEBUG] [org.gradle.cache.internal.DefaultFileLockManager] Releasing lock on daemon addresses registry.
2026-03-14T15:09:28.362+0500 [DEBUG] [org.gradle.cache.internal.DefaultFileLockManager] Waiting to acquire shared lock on daemon addresses registry.
2026-03-14T15:09:28.362+0500 [DEBUG] [org.gradle.cache.internal.DefaultFileLockManager] Lock acquired on daemon addresses registry.
2026-03-14T15:09:28.362+0500 [DEBUG] [org.gradle.cache.internal.DefaultFileLockManager] Releasing lock on daemon addresses registry.
2026-03-14T15:09:38.358+0500 [DEBUG] [org.gradle.cache.internal.DefaultFileLockManager] Waiting to acquire shared lock on daemon addresses registry.
2026-03-14T15:09:38.359+0500 [DEBUG] [org.gradle.cache.internal.DefaultFileLockManager] Lock acquired on daemon addresses registry.
2026-03-14T15:09:38.360+0500 [DEBUG] [org.gradle.cache.internal.DefaultFileLockManager] Releasing lock on daemon addresses registry.
2026-03-14T15:09:38.360+0500 [DEBUG] [org.gradle.cache.internal.DefaultFileLockManager] Waiting to acquire shared lock on daemon addresses registry.
2026-03-14T15:09:38.360+0500 [DEBUG] [org.gradle.cache.internal.DefaultFileLockManager] Lock acquired on daemon addresses registry.
2026-03-14T15:09:38.360+0500 [DEBUG] [org.gradle.cache.internal.DefaultFileLockManager] Releasing lock on daemon addresses registry.
2026-03-14T15:09:38.361+0500 [DEBUG] [org.gradle.cache.internal.DefaultFileLockManager] Waiting to acquire shared lock on daemon addresses registry.
2026-03-14T15:09:38.361+0500 [DEBUG] [org.gradle.cache.internal.DefaultFileLockManager] Lock acquired on daemon addresses registry.
2026-03-14T15:09:38.361+0500 [DEBUG] [org.gradle.cache.internal.DefaultFileLockManager] Releasing lock on daemon addresses registry.
2026-03-14T15:09:48.359+0500 [DEBUG] [org.gradle.cache.internal.DefaultFileLockManager] Waiting to acquire shared lock on daemon addresses registry.
2026-03-14T15:09:48.359+0500 [DEBUG] [org.gradle.cache.internal.DefaultFileLockManager] Lock acquired on daemon addresses registry.
2026-03-14T15:09:48.359+0500 [DEBUG] [org.gradle.cache.internal.DefaultFileLockManager] Releasing lock on daemon addresses registry.
2026-03-14T15:09:48.360+0500 [DEBUG] [org.gradle.cache.internal.DefaultFileLockManager] Waiting to acquire shared lock on daemon addresses registry.
2026-03-14T15:09:48.360+0500 [DEBUG] [org.gradle.cache.internal.DefaultFileLockManager] Lock acquired on daemon addresses registry.
2026-03-14T15:09:48.360+0500 [DEBUG] [org.gradle.cache.internal.DefaultFileLockManager] Releasing lock on daemon addresses registry.
2026-03-14T15:09:48.361+0500 [DEBUG] [org.gradle.cache.internal.DefaultFileLockManager] Waiting to acquire shared lock on daemon addresses registry.
2026-03-14T15:09:48.361+0500 [DEBUG] [org.gradle.cache.internal.DefaultFileLockManager] Lock acquired on daemon addresses registry.
2026-03-14T15:09:48.361+0500 [DEBUG] [org.gradle.cache.internal.DefaultFileLockManager] Releasing lock on daemon addresses registry.
2026-03-14T15:09:58.355+0500 [DEBUG] [org.gradle.cache.internal.DefaultFileLockManager] Waiting to acquire shared lock on daemon addresses registry.
2026-03-14T15:09:58.355+0500 [DEBUG] [org.gradle.cache.internal.DefaultFileLockManager] Lock acquired on daemon addresses registry.
2026-03-14T15:09:58.355+0500 [DEBUG] [org.gradle.cache.internal.DefaultFileLockManager] Releasing lock on daemon addresses registry.
2026-03-14T15:09:58.356+0500 [DEBUG] [org.gradle.cache.internal.DefaultFileLockManager] Waiting to acquire shared lock on daemon addresses registry.
2026-03-14T15:09:58.356+0500 [DEBUG] [org.gradle.cache.internal.DefaultFileLockManager] Lock acquired on daemon addresses registry.
2026-03-14T15:09:58.356+0500 [DEBUG] [org.gradle.cache.internal.DefaultFileLockManager] Releasing lock on daemon addresses registry.
2026-03-14T15:09:58.356+0500 [DEBUG] [org.gradle.cache.internal.DefaultFileLockManager] Waiting to acquire shared lock on daemon addresses registry.
2026-03-14T15:09:58.356+0500 [DEBUG] [org.gradle.cache.internal.DefaultFileLockManager] Lock acquired on daemon addresses registry.
2026-03-14T15:09:58.356+0500 [DEBUG] [org.gradle.cache.internal.DefaultFileLockManager] Releasing lock on daemon addresses registry.
2026-03-14T15:10:08.355+0500 [DEBUG] [org.gradle.cache.internal.DefaultFileLockManager] Waiting to acquire shared lock on daemon addresses registry.
2026-03-14T15:10:08.355+0500 [DEBUG] [org.gradle.cache.internal.DefaultFileLockManager] Lock acquired on daemon addresses registry.
2026-03-14T15:10:08.356+0500 [DEBUG] [org.gradle.cache.internal.DefaultFileLockManager] Releasing lock on daemon addresses registry.
2026-03-14T15:10:08.356+0500 [DEBUG] [org.gradle.cache.internal.DefaultFileLockManager] Waiting to acquire shared lock on daemon addresses registry.
2026-03-14T15:10:08.356+0500 [DEBUG] [org.gradle.cache.internal.DefaultFileLockManager] Lock acquired on daemon addresses registry.
2026-03-14T15:10:08.357+0500 [DEBUG] [org.gradle.cache.internal.DefaultFileLockManager] Releasing lock on daemon addresses registry.
2026-03-14T15:10:08.357+0500 [DEBUG] [org.gradle.cache.internal.DefaultFileLockManager] Waiting to acquire shared lock on daemon addresses registry.
2026-03-14T15:10:08.357+0500 [DEBUG] [org.gradle.cache.internal.DefaultFileLockManager] Lock acquired on daemon addresses registry.
2026-03-14T15:10:08.357+0500 [DEBUG] [org.gradle.cache.internal.DefaultFileLockManager] Releasing lock on daemon addresses registry.
2026-03-14T15:10:18.358+0500 [DEBUG] [org.gradle.cache.internal.DefaultFileLockManager] Waiting to acquire shared lock on daemon addresses registry.
2026-03-14T15:10:18.358+0500 [DEBUG] [org.gradle.cache.internal.DefaultFileLockManager] Lock acquired on daemon addresses registry.
2026-03-14T15:10:18.358+0500 [DEBUG] [org.gradle.cache.internal.DefaultFileLockManager] Releasing lock on daemon addresses registry.
2026-03-14T15:10:18.359+0500 [DEBUG] [org.gradle.cache.internal.DefaultFileLockManager] Waiting to acquire shared lock on daemon addresses registry.
2026-03-14T15:10:18.359+0500 [DEBUG] [org.gradle.cache.internal.DefaultFileLockManager] Lock acquired on daemon addresses registry.
2026-03-14T15:10:18.359+0500 [DEBUG] [org.gradle.cache.internal.DefaultFileLockManager] Releasing lock on daemon addresses registry.
2026-03-14T15:10:18.359+0500 [DEBUG] [org.gradle.cache.internal.DefaultFileLockManager] Waiting to acquire shared lock on daemon addresses registry.
2026-03-14T15:10:18.359+0500 [DEBUG] [org.gradle.cache.internal.DefaultFileLockManager] Lock acquired on daemon addresses registry.
2026-03-14T15:10:18.360+0500 [DEBUG] [org.gradle.cache.internal.DefaultFileLockManager] Releasing lock on daemon addresses registry.
2026-03-14T15:10:28.356+0500 [DEBUG] [org.gradle.cache.internal.DefaultFileLockManager] Waiting to acquire shared lock on daemon addresses registry.
2026-03-14T15:10:28.357+0500 [DEBUG] [org.gradle.cache.internal.DefaultFileLockManager] Lock acquired on daemon addresses registry.
2026-03-14T15:10:28.358+0500 [DEBUG] [org.gradle.cache.internal.DefaultFileLockManager] Releasing lock on daemon addresses registry.
2026-03-14T15:10:28.358+0500 [DEBUG] [org.gradle.cache.internal.DefaultFileLockManager] Waiting to acquire shared lock on daemon addresses registry.
2026-03-14T15:10:28.358+0500 [DEBUG] [org.gradle.cache.internal.DefaultFileLockManager] Lock acquired on daemon addresses registry.
2026-03-14T15:10:28.359+0500 [DEBUG] [org.gradle.cache.internal.DefaultFileLockManager] Releasing lock on daemon addresses registry.
2026-03-14T15:10:28.359+0500 [DEBUG] [org.gradle.cache.internal.DefaultFileLockManager] Waiting to acquire shared lock on daemon addresses registry.
2026-03-14T15:10:28.359+0500 [DEBUG] [org.gradle.cache.internal.DefaultFileLockManager] Lock acquired on daemon addresses registry.
2026-03-14T15:10:28.359+0500 [DEBUG] [org.gradle.cache.internal.DefaultFileLockManager] Releasing lock on daemon addresses registry.
2026-03-14T15:10:38.356+0500 [DEBUG] [org.gradle.cache.internal.DefaultFileLockManager] Waiting to acquire shared lock on daemon addresses registry.
2026-03-14T15:10:38.357+0500 [DEBUG] [org.gradle.cache.internal.DefaultFileLockManager] Lock acquired on daemon addresses registry.
2026-03-14T15:10:38.357+0500 [DEBUG] [org.gradle.cache.internal.DefaultFileLockManager] Releasing lock on daemon addresses registry.
2026-03-14T15:10:38.358+0500 [DEBUG] [org.gradle.cache.internal.DefaultFileLockManager] Waiting to acquire shared lock on daemon addresses registry.
2026-03-14T15:10:38.358+0500 [DEBUG] [org.gradle.cache.internal.DefaultFileLockManager] Lock acquired on daemon addresses registry.
2026-03-14T15:10:38.358+0500 [DEBUG] [org.gradle.cache.internal.DefaultFileLockManager] Releasing lock on daemon addresses registry.
2026-03-14T15:10:38.359+0500 [DEBUG] [org.gradle.cache.internal.DefaultFileLockManager] Waiting to acquire shared lock on daemon addresses registry.
2026-03-14T15:10:38.359+0500 [DEBUG] [org.gradle.cache.internal.DefaultFileLockManager] Lock acquired on daemon addresses registry.
2026-03-14T15:10:38.359+0500 [DEBUG] [org.gradle.cache.internal.DefaultFileLockManager] Releasing lock on daemon addresses registry.
2026-03-14T15:10:48.354+0500 [DEBUG] [org.gradle.cache.internal.DefaultFileLockManager] Waiting to acquire shared lock on daemon addresses registry.
2026-03-14T15:10:48.355+0500 [DEBUG] [org.gradle.cache.internal.DefaultFileLockManager] Lock acquired on daemon addresses registry.
2026-03-14T15:10:48.355+0500 [DEBUG] [org.gradle.cache.internal.DefaultFileLockManager] Releasing lock on daemon addresses registry.
2026-03-14T15:10:48.356+0500 [DEBUG] [org.gradle.cache.internal.DefaultFileLockManager] Waiting to acquire shared lock on daemon addresses registry.
2026-03-14T15:10:48.356+0500 [DEBUG] [org.gradle.cache.internal.DefaultFileLockManager] Lock acquired on daemon addresses registry.
2026-03-14T15:10:48.356+0500 [DEBUG] [org.gradle.cache.internal.DefaultFileLockManager] Releasing lock on daemon addresses registry.
2026-03-14T15:10:48.356+0500 [DEBUG] [org.gradle.cache.internal.DefaultFileLockManager] Waiting to acquire shared lock on daemon addresses registry.
2026-03-14T15:10:48.356+0500 [DEBUG] [org.gradle.cache.internal.DefaultFileLockManager] Lock acquired on daemon addresses registry.
2026-03-14T15:10:48.356+0500 [DEBUG] [org.gradle.cache.internal.DefaultFileLockManager] Releasing lock on daemon addresses registry.
2026-03-14T15:10:58.356+0500 [DEBUG] [org.gradle.cache.internal.DefaultFileLockManager] Waiting to acquire shared lock on daemon addresses registry.
2026-03-14T15:10:58.356+0500 [DEBUG] [org.gradle.cache.internal.DefaultFileLockManager] Lock acquired on daemon addresses registry.
2026-03-14T15:10:58.357+0500 [DEBUG] [org.gradle.cache.internal.DefaultFileLockManager] Releasing lock on daemon addresses registry.
2026-03-14T15:10:58.357+0500 [DEBUG] [org.gradle.cache.internal.DefaultFileLockManager] Waiting to acquire shared lock on daemon addresses registry.
2026-03-14T15:10:58.357+0500 [DEBUG] [org.gradle.cache.internal.DefaultFileLockManager] Lock acquired on daemon addresses registry.
2026-03-14T15:10:58.358+0500 [DEBUG] [org.gradle.cache.internal.DefaultFileLockManager] Releasing lock on daemon addresses registry.
2026-03-14T15:10:58.358+0500 [DEBUG] [org.gradle.cache.internal.DefaultFileLockManager] Waiting to acquire shared lock on daemon addresses registry.
2026-03-14T15:10:58.358+0500 [DEBUG] [org.gradle.cache.internal.DefaultFileLockManager] Lock acquired on daemon addresses registry.
2026-03-14T15:10:58.358+0500 [DEBUG] [org.gradle.cache.internal.DefaultFileLockManager] Releasing lock on daemon addresses registry.
2026-03-14T15:11:08.352+0500 [DEBUG] [org.gradle.cache.internal.DefaultFileLockManager] Waiting to acquire shared lock on daemon addresses registry.
2026-03-14T15:11:08.353+0500 [DEBUG] [org.gradle.cache.internal.DefaultFileLockManager] Lock acquired on daemon addresses registry.
2026-03-14T15:11:08.353+0500 [DEBUG] [org.gradle.cache.internal.DefaultFileLockManager] Releasing lock on daemon addresses registry.
2026-03-14T15:11:08.354+0500 [DEBUG] [org.gradle.cache.internal.DefaultFileLockManager] Waiting to acquire shared lock on daemon addresses registry.
2026-03-14T15:11:08.354+0500 [DEBUG] [org.gradle.cache.internal.DefaultFileLockManager] Lock acquired on daemon addresses registry.
2026-03-14T15:11:08.354+0500 [DEBUG] [org.gradle.cache.internal.DefaultFileLockManager] Releasing lock on daemon addresses registry.
2026-03-14T15:11:08.354+0500 [DEBUG] [org.gradle.cache.internal.DefaultFileLockManager] Waiting to acquire shared lock on daemon addresses registry.
2026-03-14T15:11:08.354+0500 [DEBUG] [org.gradle.cache.internal.DefaultFileLockManager] Lock acquired on daemon addresses registry.
2026-03-14T15:11:08.355+0500 [DEBUG] [org.gradle.cache.internal.DefaultFileLockManager] Releasing lock on daemon addresses registry.
2026-03-14T15:11:18.357+0500 [DEBUG] [org.gradle.cache.internal.DefaultFileLockManager] Waiting to acquire shared lock on daemon addresses registry.
2026-03-14T15:11:18.359+0500 [DEBUG] [org.gradle.cache.internal.DefaultFileLockManager] Lock acquired on daemon addresses registry.
2026-03-14T15:11:18.359+0500 [DEBUG] [org.gradle.cache.internal.DefaultFileLockManager] Releasing lock on daemon addresses registry.
2026-03-14T15:11:18.360+0500 [DEBUG] [org.gradle.cache.internal.DefaultFileLockManager] Waiting to acquire shared lock on daemon addresses registry.
2026-03-14T15:11:18.360+0500 [DEBUG] [org.gradle.cache.internal.DefaultFileLockManager] Lock acquired on daemon addresses registry.
2026-03-14T15:11:18.360+0500 [DEBUG] [org.gradle.cache.internal.DefaultFileLockManager] Releasing lock on daemon addresses registry.
2026-03-14T15:11:18.360+0500 [DEBUG] [org.gradle.cache.internal.DefaultFileLockManager] Waiting to acquire shared lock on daemon addresses registry.
2026-03-14T15:11:18.360+0500 [DEBUG] [org.gradle.cache.internal.DefaultFileLockManager] Lock acquired on daemon addresses registry.
2026-03-14T15:11:18.360+0500 [DEBUG] [org.gradle.cache.internal.DefaultFileLockManager] Releasing lock on daemon addresses registry.
2026-03-14T15:11:28.357+0500 [DEBUG] [org.gradle.cache.internal.DefaultFileLockManager] Waiting to acquire shared lock on daemon addresses registry.
2026-03-14T15:11:28.357+0500 [DEBUG] [org.gradle.cache.internal.DefaultFileLockManager] Lock acquired on daemon addresses registry.
2026-03-14T15:11:28.358+0500 [DEBUG] [org.gradle.cache.internal.DefaultFileLockManager] Releasing lock on daemon addresses registry.
2026-03-14T15:11:28.358+0500 [DEBUG] [org.gradle.cache.internal.DefaultFileLockManager] Waiting to acquire shared lock on daemon addresses registry.
2026-03-14T15:11:28.358+0500 [DEBUG] [org.gradle.cache.internal.DefaultFileLockManager] Lock acquired on daemon addresses registry.
2026-03-14T15:11:28.359+0500 [DEBUG] [org.gradle.cache.internal.DefaultFileLockManager] Releasing lock on daemon addresses registry.
2026-03-14T15:11:28.359+0500 [DEBUG] [org.gradle.cache.internal.DefaultFileLockManager] Waiting to acquire shared lock on daemon addresses registry.
2026-03-14T15:11:28.359+0500 [DEBUG] [org.gradle.cache.internal.DefaultFileLockManager] Lock acquired on daemon addresses registry.
2026-03-14T15:11:28.359+0500 [DEBUG] [org.gradle.cache.internal.DefaultFileLockManager] Releasing lock on daemon addresses registry.
2026-03-14T15:11:38.355+0500 [DEBUG] [org.gradle.cache.internal.DefaultFileLockManager] Waiting to acquire shared lock on daemon addresses registry.
2026-03-14T15:11:38.355+0500 [DEBUG] [org.gradle.cache.internal.DefaultFileLockManager] Lock acquired on daemon addresses registry.
2026-03-14T15:11:38.355+0500 [DEBUG] [org.gradle.cache.internal.DefaultFileLockManager] Releasing lock on daemon addresses registry.
2026-03-14T15:11:38.356+0500 [DEBUG] [org.gradle.cache.internal.DefaultFileLockManager] Waiting to acquire shared lock on daemon addresses registry.
2026-03-14T15:11:38.356+0500 [DEBUG] [org.gradle.cache.internal.DefaultFileLockManager] Lock acquired on daemon addresses registry.
2026-03-14T15:11:38.356+0500 [DEBUG] [org.gradle.cache.internal.DefaultFileLockManager] Releasing lock on daemon addresses registry.
2026-03-14T15:11:38.356+0500 [DEBUG] [org.gradle.cache.internal.DefaultFileLockManager] Waiting to acquire shared lock on daemon addresses registry.
2026-03-14T15:11:38.356+0500 [DEBUG] [org.gradle.cache.internal.DefaultFileLockManager] Lock acquired on daemon addresses registry.
2026-03-14T15:11:38.356+0500 [DEBUG] [org.gradle.cache.internal.DefaultFileLockManager] Releasing lock on daemon addresses registry.
2026-03-14T15:11:48.352+0500 [DEBUG] [org.gradle.cache.internal.DefaultFileLockManager] Waiting to acquire shared lock on daemon addresses registry.
2026-03-14T15:11:48.353+0500 [DEBUG] [org.gradle.cache.internal.DefaultFileLockManager] Lock acquired on daemon addresses registry.
2026-03-14T15:11:48.353+0500 [DEBUG] [org.gradle.cache.internal.DefaultFileLockManager] Releasing lock on daemon addresses registry.
2026-03-14T15:11:48.354+0500 [DEBUG] [org.gradle.cache.internal.DefaultFileLockManager] Waiting to acquire shared lock on daemon addresses registry.
2026-03-14T15:11:48.354+0500 [DEBUG] [org.gradle.cache.internal.DefaultFileLockManager] Lock acquired on daemon addresses registry.
2026-03-14T15:11:48.354+0500 [DEBUG] [org.gradle.cache.internal.DefaultFileLockManager] Releasing lock on daemon addresses registry.
2026-03-14T15:11:48.354+0500 [DEBUG] [org.gradle.cache.internal.DefaultFileLockManager] Waiting to acquire shared lock on daemon addresses registry.
2026-03-14T15:11:48.354+0500 [DEBUG] [org.gradle.cache.internal.DefaultFileLockManager] Lock acquired on daemon addresses registry.
2026-03-14T15:11:48.355+0500 [DEBUG] [org.gradle.cache.internal.DefaultFileLockManager] Releasing lock on daemon addresses registry.
2026-03-14T15:11:58.353+0500 [DEBUG] [org.gradle.cache.internal.DefaultFileLockManager] Waiting to acquire shared lock on daemon addresses registry.
2026-03-14T15:11:58.354+0500 [DEBUG] [org.gradle.cache.internal.DefaultFileLockManager] Lock acquired on daemon addresses registry.
2026-03-14T15:11:58.355+0500 [DEBUG] [org.gradle.cache.internal.DefaultFileLockManager] Releasing lock on daemon addresses registry.
2026-03-14T15:11:58.355+0500 [DEBUG] [org.gradle.cache.internal.DefaultFileLockManager] Waiting to acquire shared lock on daemon addresses registry.
2026-03-14T15:11:58.355+0500 [DEBUG] [org.gradle.cache.internal.DefaultFileLockManager] Lock acquired on daemon addresses registry.
2026-03-14T15:11:58.356+0500 [DEBUG] [org.gradle.cache.internal.DefaultFileLockManager] Releasing lock on daemon addresses registry.
2026-03-14T15:11:58.356+0500 [DEBUG] [org.gradle.cache.internal.DefaultFileLockManager] Waiting to acquire shared lock on daemon addresses registry.
2026-03-14T15:11:58.356+0500 [DEBUG] [org.gradle.cache.internal.DefaultFileLockManager] Lock acquired on daemon addresses registry.
2026-03-14T15:11:58.356+0500 [DEBUG] [org.gradle.cache.internal.DefaultFileLockManager] Releasing lock on daemon addresses registry.
2026-03-14T15:12:08.351+0500 [DEBUG] [org.gradle.cache.internal.DefaultFileLockManager] Waiting to acquire shared lock on daemon addresses registry.
2026-03-14T15:12:08.352+0500 [DEBUG] [org.gradle.cache.internal.DefaultFileLockManager] Lock acquired on daemon addresses registry.
2026-03-14T15:12:08.353+0500 [DEBUG] [org.gradle.cache.internal.DefaultFileLockManager] Releasing lock on daemon addresses registry.
2026-03-14T15:12:08.354+0500 [DEBUG] [org.gradle.cache.internal.DefaultFileLockManager] Waiting to acquire shared lock on daemon addresses registry.
2026-03-14T15:12:08.354+0500 [DEBUG] [org.gradle.cache.internal.DefaultFileLockManager] Lock acquired on daemon addresses registry.
2026-03-14T15:12:08.354+0500 [DEBUG] [org.gradle.cache.internal.DefaultFileLockManager] Releasing lock on daemon addresses registry.
2026-03-14T15:12:08.354+0500 [DEBUG] [org.gradle.cache.internal.DefaultFileLockManager] Waiting to acquire shared lock on daemon addresses registry.
2026-03-14T15:12:08.354+0500 [DEBUG] [org.gradle.cache.internal.DefaultFileLockManager] Lock acquired on daemon addresses registry.
2026-03-14T15:12:08.355+0500 [DEBUG] [org.gradle.cache.internal.DefaultFileLockManager] Releasing lock on daemon addresses registry.
2026-03-14T15:12:09.482+0500 [DEBUG] [sun.rmi.transport.tcp] RMI TCP Connection(27)-127.0.0.1: accepted socket from [127.0.0.1:56199]
2026-03-14T15:12:09.483+0500 [DEBUG] [sun.rmi.transport.tcp] RMI TCP Connection(27)-127.0.0.1: (port 54929) op = 80
2026-03-14T15:12:09.483+0500 [DEBUG] [sun.rmi.loader] RMI TCP Connection(27)-127.0.0.1: name = "[Ljava.rmi.server.ObjID;", codebase = "", defaultLoader = jdk.internal.loader.ClassLoaders$PlatformClassLoader@30e1411f
2026-03-14T15:12:09.484+0500 [DEBUG] [sun.rmi.loader] RMI TCP Connection(27)-127.0.0.1: name = "java.rmi.dgc.Lease", codebase = "", defaultLoader = jdk.internal.loader.ClassLoaders$PlatformClassLoader@30e1411f
2026-03-14T15:12:09.484+0500 [DEBUG] [sun.rmi.loader] RMI TCP Connection(27)-127.0.0.1: name = "java.rmi.dgc.VMID", codebase = "", defaultLoader = jdk.internal.loader.ClassLoaders$PlatformClassLoader@30e1411f
2026-03-14T15:12:09.484+0500 [DEBUG] [sun.rmi.loader] RMI TCP Connection(27)-127.0.0.1: name = "[B", codebase = "", defaultLoader = jdk.internal.loader.ClassLoaders$PlatformClassLoader@30e1411f
2026-03-14T15:12:09.484+0500 [DEBUG] [sun.rmi.loader] RMI TCP Connection(27)-127.0.0.1: name = "java.rmi.server.UID", codebase = "", defaultLoader = jdk.internal.loader.ClassLoaders$PlatformClassLoader@30e1411f
2026-03-14T15:12:18.352+0500 [DEBUG] [org.gradle.cache.internal.DefaultFileLockManager] Waiting to acquire shared lock on daemon addresses registry.
2026-03-14T15:12:18.352+0500 [DEBUG] [org.gradle.cache.internal.DefaultFileLockManager] Lock acquired on daemon addresses registry.
2026-03-14T15:12:18.353+0500 [DEBUG] [org.gradle.cache.internal.DefaultFileLockManager] Releasing lock on daemon addresses registry.
2026-03-14T15:12:18.353+0500 [DEBUG] [org.gradle.cache.internal.DefaultFileLockManager] Waiting to acquire shared lock on daemon addresses registry.
2026-03-14T15:12:18.354+0500 [DEBUG] [org.gradle.cache.internal.DefaultFileLockManager] Lock acquired on daemon addresses registry.
2026-03-14T15:12:18.354+0500 [DEBUG] [org.gradle.cache.internal.DefaultFileLockManager] Releasing lock on daemon addresses registry.
2026-03-14T15:12:18.354+0500 [DEBUG] [org.gradle.cache.internal.DefaultFileLockManager] Waiting to acquire shared lock on daemon addresses registry.
2026-03-14T15:12:18.355+0500 [DEBUG] [org.gradle.cache.internal.DefaultFileLockManager] Lock acquired on daemon addresses registry.
2026-03-14T15:12:18.355+0500 [DEBUG] [org.gradle.cache.internal.DefaultFileLockManager] Releasing lock on daemon addresses registry.
2026-03-14T15:12:24.499+0500 [DEBUG] [sun.rmi.transport.tcp] RMI TCP Connection(27)-127.0.0.1: (port 54929) connection closed
2026-03-14T15:12:24.500+0500 [DEBUG] [sun.rmi.transport.tcp] RMI TCP Connection(27)-127.0.0.1: close connection, socket: Socket[addr=/127.0.0.1,port=56199,localport=54929]
2026-03-14T15:12:24.500+0500 [DEBUG] [sun.rmi.transport.tcp] RMI TCP Connection(27)-127.0.0.1: socket close: Socket[addr=/127.0.0.1,port=56199,localport=54929]
2026-03-14T15:12:28.369+0500 [DEBUG] [org.gradle.cache.internal.DefaultFileLockManager] Waiting to acquire shared lock on daemon addresses registry.
2026-03-14T15:12:28.369+0500 [DEBUG] [org.gradle.cache.internal.DefaultFileLockManager] Lock acquired on daemon addresses registry.
2026-03-14T15:12:28.369+0500 [DEBUG] [org.gradle.cache.internal.DefaultFileLockManager] Releasing lock on daemon addresses registry.
2026-03-14T15:12:28.370+0500 [DEBUG] [org.gradle.cache.internal.DefaultFileLockManager] Waiting to acquire shared lock on daemon addresses registry.
2026-03-14T15:12:28.370+0500 [DEBUG] [org.gradle.cache.internal.DefaultFileLockManager] Lock acquired on daemon addresses registry.
2026-03-14T15:12:28.371+0500 [DEBUG] [org.gradle.cache.internal.DefaultFileLockManager] Releasing lock on daemon addresses registry.
2026-03-14T15:12:28.371+0500 [DEBUG] [org.gradle.cache.internal.DefaultFileLockManager] Waiting to acquire shared lock on daemon addresses registry.
2026-03-14T15:12:28.371+0500 [DEBUG] [org.gradle.cache.internal.DefaultFileLockManager] Lock acquired on daemon addresses registry.
2026-03-14T15:12:28.371+0500 [DEBUG] [org.gradle.cache.internal.DefaultFileLockManager] Releasing lock on daemon addresses registry.
2026-03-14T15:12:38.387+0500 [DEBUG] [org.gradle.cache.internal.DefaultFileLockManager] Waiting to acquire shared lock on daemon addresses registry.
2026-03-14T15:12:38.388+0500 [DEBUG] [org.gradle.cache.internal.DefaultFileLockManager] Lock acquired on daemon addresses registry.
2026-03-14T15:12:38.389+0500 [DEBUG] [org.gradle.cache.internal.DefaultFileLockManager] Releasing lock on daemon addresses registry.
2026-03-14T15:12:38.389+0500 [DEBUG] [org.gradle.cache.internal.DefaultFileLockManager] Waiting to acquire shared lock on daemon addresses registry.
2026-03-14T15:12:38.389+0500 [DEBUG] [org.gradle.cache.internal.DefaultFileLockManager] Lock acquired on daemon addresses registry.
2026-03-14T15:12:38.389+0500 [DEBUG] [org.gradle.cache.internal.DefaultFileLockManager] Releasing lock on daemon addresses registry.
2026-03-14T15:12:38.390+0500 [DEBUG] [org.gradle.cache.internal.DefaultFileLockManager] Waiting to acquire shared lock on daemon addresses registry.
2026-03-14T15:12:38.390+0500 [DEBUG] [org.gradle.cache.internal.DefaultFileLockManager] Lock acquired on daemon addresses registry.
2026-03-14T15:12:38.390+0500 [DEBUG] [org.gradle.cache.internal.DefaultFileLockManager] Releasing lock on daemon addresses registry.
2026-03-14T15:12:48.385+0500 [DEBUG] [org.gradle.cache.internal.DefaultFileLockManager] Waiting to acquire shared lock on daemon addresses registry.
2026-03-14T15:12:48.386+0500 [DEBUG] [org.gradle.cache.internal.DefaultFileLockManager] Lock acquired on daemon addresses registry.
2026-03-14T15:12:48.386+0500 [DEBUG] [org.gradle.cache.internal.DefaultFileLockManager] Releasing lock on daemon addresses registry.
2026-03-14T15:12:48.387+0500 [DEBUG] [org.gradle.cache.internal.DefaultFileLockManager] Waiting to acquire shared lock on daemon addresses registry.
2026-03-14T15:12:48.387+0500 [DEBUG] [org.gradle.cache.internal.DefaultFileLockManager] Lock acquired on daemon addresses registry.
2026-03-14T15:12:48.387+0500 [DEBUG] [org.gradle.cache.internal.DefaultFileLockManager] Releasing lock on daemon addresses registry.
2026-03-14T15:12:48.387+0500 [DEBUG] [org.gradle.cache.internal.DefaultFileLockManager] Waiting to acquire shared lock on daemon addresses registry.
2026-03-14T15:12:48.388+0500 [DEBUG] [org.gradle.cache.internal.DefaultFileLockManager] Lock acquired on daemon addresses registry.
2026-03-14T15:12:48.388+0500 [DEBUG] [org.gradle.cache.internal.DefaultFileLockManager] Releasing lock on daemon addresses registry.
2026-03-14T15:12:58.390+0500 [DEBUG] [org.gradle.cache.internal.DefaultFileLockManager] Waiting to acquire shared lock on daemon addresses registry.
2026-03-14T15:12:58.390+0500 [DEBUG] [org.gradle.cache.internal.DefaultFileLockManager] Lock acquired on daemon addresses registry.
2026-03-14T15:12:58.391+0500 [DEBUG] [org.gradle.cache.internal.DefaultFileLockManager] Releasing lock on daemon addresses registry.
2026-03-14T15:12:58.391+0500 [DEBUG] [org.gradle.cache.internal.DefaultFileLockManager] Waiting to acquire shared lock on daemon addresses registry.
2026-03-14T15:12:58.391+0500 [DEBUG] [org.gradle.cache.internal.DefaultFileLockManager] Lock acquired on daemon addresses registry.
2026-03-14T15:12:58.392+0500 [DEBUG] [org.gradle.cache.internal.DefaultFileLockManager] Releasing lock on daemon addresses registry.
2026-03-14T15:12:58.392+0500 [DEBUG] [org.gradle.cache.internal.DefaultFileLockManager] Waiting to acquire shared lock on daemon addresses registry.
2026-03-14T15:12:58.392+0500 [DEBUG] [org.gradle.cache.internal.DefaultFileLockManager] Lock acquired on daemon addresses registry.
2026-03-14T15:12:58.392+0500 [DEBUG] [org.gradle.cache.internal.DefaultFileLockManager] Releasing lock on daemon addresses registry.
2026-03-14T15:13:08.395+0500 [DEBUG] [org.gradle.cache.internal.DefaultFileLockManager] Waiting to acquire shared lock on daemon addresses registry.
2026-03-14T15:13:08.396+0500 [DEBUG] [org.gradle.cache.internal.DefaultFileLockManager] Lock acquired on daemon addresses registry.
2026-03-14T15:13:08.396+0500 [DEBUG] [org.gradle.cache.internal.DefaultFileLockManager] Releasing lock on daemon addresses registry.
2026-03-14T15:13:08.397+0500 [DEBUG] [org.gradle.cache.internal.DefaultFileLockManager] Waiting to acquire shared lock on daemon addresses registry.
2026-03-14T15:13:08.397+0500 [DEBUG] [org.gradle.cache.internal.DefaultFileLockManager] Lock acquired on daemon addresses registry.
2026-03-14T15:13:08.397+0500 [DEBUG] [org.gradle.cache.internal.DefaultFileLockManager] Releasing lock on daemon addresses registry.
2026-03-14T15:13:08.397+0500 [DEBUG] [org.gradle.cache.internal.DefaultFileLockManager] Waiting to acquire shared lock on daemon addresses registry.
2026-03-14T15:13:08.397+0500 [DEBUG] [org.gradle.cache.internal.DefaultFileLockManager] Lock acquired on daemon addresses registry.
2026-03-14T15:13:08.397+0500 [DEBUG] [org.gradle.cache.internal.DefaultFileLockManager] Releasing lock on daemon addresses registry.
2026-03-14T15:13:18.393+0500 [DEBUG] [org.gradle.cache.internal.DefaultFileLockManager] Waiting to acquire shared lock on daemon addresses registry.
2026-03-14T15:13:18.394+0500 [DEBUG] [org.gradle.cache.internal.DefaultFileLockManager] Lock acquired on daemon addresses registry.
2026-03-14T15:13:18.394+0500 [DEBUG] [org.gradle.cache.internal.DefaultFileLockManager] Releasing lock on daemon addresses registry.
2026-03-14T15:13:18.395+0500 [DEBUG] [org.gradle.cache.internal.DefaultFileLockManager] Waiting to acquire shared lock on daemon addresses registry.
2026-03-14T15:13:18.395+0500 [DEBUG] [org.gradle.cache.internal.DefaultFileLockManager] Lock acquired on daemon addresses registry.
2026-03-14T15:13:18.395+0500 [DEBUG] [org.gradle.cache.internal.DefaultFileLockManager] Releasing lock on daemon addresses registry.
2026-03-14T15:13:18.395+0500 [DEBUG] [org.gradle.cache.internal.DefaultFileLockManager] Waiting to acquire shared lock on daemon addresses registry.
2026-03-14T15:13:18.395+0500 [DEBUG] [org.gradle.cache.internal.DefaultFileLockManager] Lock acquired on daemon addresses registry.
2026-03-14T15:13:18.396+0500 [DEBUG] [org.gradle.cache.internal.DefaultFileLockManager] Releasing lock on daemon addresses registry.
2026-03-14T15:13:28.394+0500 [DEBUG] [org.gradle.cache.internal.DefaultFileLockManager] Waiting to acquire shared lock on daemon addresses registry.
2026-03-14T15:13:28.394+0500 [DEBUG] [org.gradle.cache.internal.DefaultFileLockManager] Lock acquired on daemon addresses registry.
2026-03-14T15:13:28.395+0500 [DEBUG] [org.gradle.cache.internal.DefaultFileLockManager] Releasing lock on daemon addresses registry.
2026-03-14T15:13:28.395+0500 [DEBUG] [org.gradle.cache.internal.DefaultFileLockManager] Waiting to acquire shared lock on daemon addresses registry.
2026-03-14T15:13:28.396+0500 [DEBUG] [org.gradle.cache.internal.DefaultFileLockManager] Lock acquired on daemon addresses registry.
2026-03-14T15:13:28.396+0500 [DEBUG] [org.gradle.cache.internal.DefaultFileLockManager] Releasing lock on daemon addresses registry.
2026-03-14T15:13:28.396+0500 [DEBUG] [org.gradle.cache.internal.DefaultFileLockManager] Waiting to acquire shared lock on daemon addresses registry.
2026-03-14T15:13:28.396+0500 [DEBUG] [org.gradle.cache.internal.DefaultFileLockManager] Lock acquired on daemon addresses registry.
2026-03-14T15:13:28.396+0500 [DEBUG] [org.gradle.cache.internal.DefaultFileLockManager] Releasing lock on daemon addresses registry.
2026-03-14T15:13:38.393+0500 [DEBUG] [org.gradle.cache.internal.DefaultFileLockManager] Waiting to acquire shared lock on daemon addresses registry.
2026-03-14T15:13:38.393+0500 [DEBUG] [org.gradle.cache.internal.DefaultFileLockManager] Lock acquired on daemon addresses registry.
2026-03-14T15:13:38.394+0500 [DEBUG] [org.gradle.cache.internal.DefaultFileLockManager] Releasing lock on daemon addresses registry.
2026-03-14T15:13:38.394+0500 [DEBUG] [org.gradle.cache.internal.DefaultFileLockManager] Waiting to acquire shared lock on daemon addresses registry.
2026-03-14T15:13:38.395+0500 [DEBUG] [org.gradle.cache.internal.DefaultFileLockManager] Lock acquired on daemon addresses registry.
2026-03-14T15:13:38.395+0500 [DEBUG] [org.gradle.cache.internal.DefaultFileLockManager] Releasing lock on daemon addresses registry.
2026-03-14T15:13:38.395+0500 [DEBUG] [org.gradle.cache.internal.DefaultFileLockManager] Waiting to acquire shared lock on daemon addresses registry.
2026-03-14T15:13:38.395+0500 [DEBUG] [org.gradle.cache.internal.DefaultFileLockManager] Lock acquired on daemon addresses registry.
2026-03-14T15:13:38.395+0500 [DEBUG] [org.gradle.cache.internal.DefaultFileLockManager] Releasing lock on daemon addresses registry.
2026-03-14T15:13:48.394+0500 [DEBUG] [org.gradle.cache.internal.DefaultFileLockManager] Waiting to acquire shared lock on daemon addresses registry.
2026-03-14T15:13:48.395+0500 [DEBUG] [org.gradle.cache.internal.DefaultFileLockManager] Lock acquired on daemon addresses registry.
2026-03-14T15:13:48.395+0500 [DEBUG] [org.gradle.cache.internal.DefaultFileLockManager] Releasing lock on daemon addresses registry.
2026-03-14T15:13:48.396+0500 [DEBUG] [org.gradle.cache.internal.DefaultFileLockManager] Waiting to acquire shared lock on daemon addresses registry.
2026-03-14T15:13:48.396+0500 [DEBUG] [org.gradle.cache.internal.DefaultFileLockManager] Lock acquired on daemon addresses registry.
2026-03-14T15:13:48.396+0500 [DEBUG] [org.gradle.cache.internal.DefaultFileLockManager] Releasing lock on daemon addresses registry.
2026-03-14T15:13:48.397+0500 [DEBUG] [org.gradle.cache.internal.DefaultFileLockManager] Waiting to acquire shared lock on daemon addresses registry.
2026-03-14T15:13:48.397+0500 [DEBUG] [org.gradle.cache.internal.DefaultFileLockManager] Lock acquired on daemon addresses registry.
2026-03-14T15:13:48.397+0500 [DEBUG] [org.gradle.cache.internal.DefaultFileLockManager] Releasing lock on daemon addresses registry.
2026-03-14T15:13:58.398+0500 [DEBUG] [org.gradle.cache.internal.DefaultFileLockManager] Waiting to acquire shared lock on daemon addresses registry.
2026-03-14T15:13:58.399+0500 [DEBUG] [org.gradle.cache.internal.DefaultFileLockManager] Lock acquired on daemon addresses registry.
2026-03-14T15:13:58.400+0500 [DEBUG] [org.gradle.cache.internal.DefaultFileLockManager] Releasing lock on daemon addresses registry.
2026-03-14T15:13:58.400+0500 [DEBUG] [org.gradle.cache.internal.DefaultFileLockManager] Waiting to acquire shared lock on daemon addresses registry.
2026-03-14T15:13:58.401+0500 [DEBUG] [org.gradle.cache.internal.DefaultFileLockManager] Lock acquired on daemon addresses registry.
2026-03-14T15:13:58.401+0500 [DEBUG] [org.gradle.cache.internal.DefaultFileLockManager] Releasing lock on daemon addresses registry.
2026-03-14T15:13:58.401+0500 [DEBUG] [org.gradle.cache.internal.DefaultFileLockManager] Waiting to acquire shared lock on daemon addresses registry.
2026-03-14T15:13:58.401+0500 [DEBUG] [org.gradle.cache.internal.DefaultFileLockManager] Lock acquired on daemon addresses registry.
2026-03-14T15:13:58.402+0500 [DEBUG] [org.gradle.cache.internal.DefaultFileLockManager] Releasing lock on daemon addresses registry.
2026-03-14T15:14:08.394+0500 [DEBUG] [org.gradle.cache.internal.DefaultFileLockManager] Waiting to acquire shared lock on daemon addresses registry.
2026-03-14T15:14:08.395+0500 [DEBUG] [org.gradle.cache.internal.DefaultFileLockManager] Lock acquired on daemon addresses registry.
2026-03-14T15:14:08.395+0500 [DEBUG] [org.gradle.cache.internal.DefaultFileLockManager] Releasing lock on daemon addresses registry.
2026-03-14T15:14:08.396+0500 [DEBUG] [org.gradle.cache.internal.DefaultFileLockManager] Waiting to acquire shared lock on daemon addresses registry.
2026-03-14T15:14:08.396+0500 [DEBUG] [org.gradle.cache.internal.DefaultFileLockManager] Lock acquired on daemon addresses registry.
2026-03-14T15:14:08.396+0500 [DEBUG] [org.gradle.cache.internal.DefaultFileLockManager] Releasing lock on daemon addresses registry.
2026-03-14T15:14:08.396+0500 [DEBUG] [org.gradle.cache.internal.DefaultFileLockManager] Waiting to acquire shared lock on daemon addresses registry.
2026-03-14T15:14:08.397+0500 [DEBUG] [org.gradle.cache.internal.DefaultFileLockManager] Lock acquired on daemon addresses registry.
2026-03-14T15:14:08.397+0500 [DEBUG] [org.gradle.cache.internal.DefaultFileLockManager] Releasing lock on daemon addresses registry.
2026-03-14T15:14:18.395+0500 [DEBUG] [org.gradle.cache.internal.DefaultFileLockManager] Waiting to acquire shared lock on daemon addresses registry.
2026-03-14T15:14:18.396+0500 [DEBUG] [org.gradle.cache.internal.DefaultFileLockManager] Lock acquired on daemon addresses registry.
2026-03-14T15:14:18.397+0500 [DEBUG] [org.gradle.cache.internal.DefaultFileLockManager] Releasing lock on daemon addresses registry.
2026-03-14T15:14:18.397+0500 [DEBUG] [org.gradle.cache.internal.DefaultFileLockManager] Waiting to acquire shared lock on daemon addresses registry.
2026-03-14T15:14:18.397+0500 [DEBUG] [org.gradle.cache.internal.DefaultFileLockManager] Lock acquired on daemon addresses registry.
2026-03-14T15:14:18.398+0500 [DEBUG] [org.gradle.cache.internal.DefaultFileLockManager] Releasing lock on daemon addresses registry.
2026-03-14T15:14:18.398+0500 [DEBUG] [org.gradle.cache.internal.DefaultFileLockManager] Waiting to acquire shared lock on daemon addresses registry.
2026-03-14T15:14:18.398+0500 [DEBUG] [org.gradle.cache.internal.DefaultFileLockManager] Lock acquired on daemon addresses registry.
2026-03-14T15:14:18.398+0500 [DEBUG] [org.gradle.cache.internal.DefaultFileLockManager] Releasing lock on daemon addresses registry.
2026-03-14T15:14:28.392+0500 [DEBUG] [org.gradle.cache.internal.DefaultFileLockManager] Waiting to acquire shared lock on daemon addresses registry.
2026-03-14T15:14:28.393+0500 [DEBUG] [org.gradle.cache.internal.DefaultFileLockManager] Lock acquired on daemon addresses registry.
2026-03-14T15:14:28.393+0500 [DEBUG] [org.gradle.cache.internal.DefaultFileLockManager] Releasing lock on daemon addresses registry.
2026-03-14T15:14:28.394+0500 [DEBUG] [org.gradle.cache.internal.DefaultFileLockManager] Waiting to acquire shared lock on daemon addresses registry.
2026-03-14T15:14:28.394+0500 [DEBUG] [org.gradle.cache.internal.DefaultFileLockManager] Lock acquired on daemon addresses registry.
2026-03-14T15:14:28.394+0500 [DEBUG] [org.gradle.cache.internal.DefaultFileLockManager] Releasing lock on daemon addresses registry.
2026-03-14T15:14:28.394+0500 [DEBUG] [org.gradle.cache.internal.DefaultFileLockManager] Waiting to acquire shared lock on daemon addresses registry.
2026-03-14T15:14:28.394+0500 [DEBUG] [org.gradle.cache.internal.DefaultFileLockManager] Lock acquired on daemon addresses registry.
2026-03-14T15:14:28.395+0500 [DEBUG] [org.gradle.cache.internal.DefaultFileLockManager] Releasing lock on daemon addresses registry.
2026-03-14T15:14:38.395+0500 [DEBUG] [org.gradle.cache.internal.DefaultFileLockManager] Waiting to acquire shared lock on daemon addresses registry.
2026-03-14T15:14:38.396+0500 [DEBUG] [org.gradle.cache.internal.DefaultFileLockManager] Lock acquired on daemon addresses registry.
2026-03-14T15:14:38.397+0500 [DEBUG] [org.gradle.cache.internal.DefaultFileLockManager] Releasing lock on daemon addresses registry.
2026-03-14T15:14:38.397+0500 [DEBUG] [org.gradle.cache.internal.DefaultFileLockManager] Waiting to acquire shared lock on daemon addresses registry.
2026-03-14T15:14:38.397+0500 [DEBUG] [org.gradle.cache.internal.DefaultFileLockManager] Lock acquired on daemon addresses registry.
2026-03-14T15:14:38.398+0500 [DEBUG] [org.gradle.cache.internal.DefaultFileLockManager] Releasing lock on daemon addresses registry.
2026-03-14T15:14:38.398+0500 [DEBUG] [org.gradle.cache.internal.DefaultFileLockManager] Waiting to acquire shared lock on daemon addresses registry.
2026-03-14T15:14:38.398+0500 [DEBUG] [org.gradle.cache.internal.DefaultFileLockManager] Lock acquired on daemon addresses registry.
2026-03-14T15:14:38.398+0500 [DEBUG] [org.gradle.cache.internal.DefaultFileLockManager] Releasing lock on daemon addresses registry.
2026-03-14T15:14:48.397+0500 [DEBUG] [org.gradle.cache.internal.DefaultFileLockManager] Waiting to acquire shared lock on daemon addresses registry.
2026-03-14T15:14:48.397+0500 [DEBUG] [org.gradle.cache.internal.DefaultFileLockManager] Lock acquired on daemon addresses registry.
2026-03-14T15:14:48.397+0500 [DEBUG] [org.gradle.cache.internal.DefaultFileLockManager] Releasing lock on daemon addresses registry.
2026-03-14T15:14:48.398+0500 [DEBUG] [org.gradle.cache.internal.DefaultFileLockManager] Waiting to acquire shared lock on daemon addresses registry.
2026-03-14T15:14:48.398+0500 [DEBUG] [org.gradle.cache.internal.DefaultFileLockManager] Lock acquired on daemon addresses registry.
2026-03-14T15:14:48.398+0500 [DEBUG] [org.gradle.cache.internal.DefaultFileLockManager] Releasing lock on daemon addresses registry.
2026-03-14T15:14:48.399+0500 [DEBUG] [org.gradle.cache.internal.DefaultFileLockManager] Waiting to acquire shared lock on daemon addresses registry.
2026-03-14T15:14:48.399+0500 [DEBUG] [org.gradle.cache.internal.DefaultFileLockManager] Lock acquired on daemon addresses registry.
2026-03-14T15:14:48.399+0500 [DEBUG] [org.gradle.cache.internal.DefaultFileLockManager] Releasing lock on daemon addresses registry.
2026-03-14T15:14:58.399+0500 [DEBUG] [org.gradle.cache.internal.DefaultFileLockManager] Waiting to acquire shared lock on daemon addresses registry.
2026-03-14T15:14:58.400+0500 [DEBUG] [org.gradle.cache.internal.DefaultFileLockManager] Lock acquired on daemon addresses registry.
2026-03-14T15:14:58.401+0500 [DEBUG] [org.gradle.cache.internal.DefaultFileLockManager] Releasing lock on daemon addresses registry.
2026-03-14T15:14:58.401+0500 [DEBUG] [org.gradle.cache.internal.DefaultFileLockManager] Waiting to acquire shared lock on daemon addresses registry.
2026-03-14T15:14:58.401+0500 [DEBUG] [org.gradle.cache.internal.DefaultFileLockManager] Lock acquired on daemon addresses registry.
2026-03-14T15:14:58.402+0500 [DEBUG] [org.gradle.cache.internal.DefaultFileLockManager] Releasing lock on daemon addresses registry.
2026-03-14T15:14:58.402+0500 [DEBUG] [org.gradle.cache.internal.DefaultFileLockManager] Waiting to acquire shared lock on daemon addresses registry.
2026-03-14T15:14:58.402+0500 [DEBUG] [org.gradle.cache.internal.DefaultFileLockManager] Lock acquired on daemon addresses registry.
2026-03-14T15:14:58.402+0500 [DEBUG] [org.gradle.cache.internal.DefaultFileLockManager] Releasing lock on daemon addresses registry.
2026-03-14T15:15:08.390+0500 [DEBUG] [org.gradle.cache.internal.DefaultFileLockManager] Waiting to acquire shared lock on daemon addresses registry.
2026-03-14T15:15:08.390+0500 [DEBUG] [org.gradle.cache.internal.DefaultFileLockManager] Lock acquired on daemon addresses registry.
2026-03-14T15:15:08.391+0500 [DEBUG] [org.gradle.cache.internal.DefaultFileLockManager] Releasing lock on daemon addresses registry.
2026-03-14T15:15:08.391+0500 [DEBUG] [org.gradle.cache.internal.DefaultFileLockManager] Waiting to acquire shared lock on daemon addresses registry.
2026-03-14T15:15:08.391+0500 [DEBUG] [org.gradle.cache.internal.DefaultFileLockManager] Lock acquired on daemon addresses registry.
2026-03-14T15:15:08.391+0500 [DEBUG] [org.gradle.cache.internal.DefaultFileLockManager] Releasing lock on daemon addresses registry.
2026-03-14T15:15:08.392+0500 [DEBUG] [org.gradle.cache.internal.DefaultFileLockManager] Waiting to acquire shared lock on daemon addresses registry.
2026-03-14T15:15:08.392+0500 [DEBUG] [org.gradle.cache.internal.DefaultFileLockManager] Lock acquired on daemon addresses registry.
2026-03-14T15:15:08.392+0500 [DEBUG] [org.gradle.cache.internal.DefaultFileLockManager] Releasing lock on daemon addresses registry.
2026-03-14T15:15:18.398+0500 [DEBUG] [org.gradle.cache.internal.DefaultFileLockManager] Waiting to acquire shared lock on daemon addresses registry.
2026-03-14T15:15:18.399+0500 [DEBUG] [org.gradle.cache.internal.DefaultFileLockManager] Lock acquired on daemon addresses registry.
2026-03-14T15:15:18.399+0500 [DEBUG] [org.gradle.cache.internal.DefaultFileLockManager] Releasing lock on daemon addresses registry.
2026-03-14T15:15:18.400+0500 [DEBUG] [org.gradle.cache.internal.DefaultFileLockManager] Waiting to acquire shared lock on daemon addresses registry.
2026-03-14T15:15:18.400+0500 [DEBUG] [org.gradle.cache.internal.DefaultFileLockManager] Lock acquired on daemon addresses registry.
2026-03-14T15:15:18.400+0500 [DEBUG] [org.gradle.cache.internal.DefaultFileLockManager] Releasing lock on daemon addresses registry.
2026-03-14T15:15:18.400+0500 [DEBUG] [org.gradle.cache.internal.DefaultFileLockManager] Waiting to acquire shared lock on daemon addresses registry.
2026-03-14T15:15:18.400+0500 [DEBUG] [org.gradle.cache.internal.DefaultFileLockManager] Lock acquired on daemon addresses registry.
2026-03-14T15:15:18.400+0500 [DEBUG] [org.gradle.cache.internal.DefaultFileLockManager] Releasing lock on daemon addresses registry.
2026-03-14T15:15:28.398+0500 [DEBUG] [org.gradle.cache.internal.DefaultFileLockManager] Waiting to acquire shared lock on daemon addresses registry.
2026-03-14T15:15:28.398+0500 [DEBUG] [org.gradle.cache.internal.DefaultFileLockManager] Lock acquired on daemon addresses registry.
2026-03-14T15:15:28.398+0500 [DEBUG] [org.gradle.cache.internal.DefaultFileLockManager] Releasing lock on daemon addresses registry.
2026-03-14T15:15:28.399+0500 [DEBUG] [org.gradle.cache.internal.DefaultFileLockManager] Waiting to acquire shared lock on daemon addresses registry.
2026-03-14T15:15:28.399+0500 [DEBUG] [org.gradle.cache.internal.DefaultFileLockManager] Lock acquired on daemon addresses registry.
2026-03-14T15:15:28.399+0500 [DEBUG] [org.gradle.cache.internal.DefaultFileLockManager] Releasing lock on daemon addresses registry.
2026-03-14T15:15:28.400+0500 [DEBUG] [org.gradle.cache.internal.DefaultFileLockManager] Waiting to acquire shared lock on daemon addresses registry.
2026-03-14T15:15:28.400+0500 [DEBUG] [org.gradle.cache.internal.DefaultFileLockManager] Lock acquired on daemon addresses registry.
2026-03-14T15:15:28.400+0500 [DEBUG] [org.gradle.cache.internal.DefaultFileLockManager] Releasing lock on daemon addresses registry.
2026-03-14T15:15:38.397+0500 [DEBUG] [org.gradle.cache.internal.DefaultFileLockManager] Waiting to acquire shared lock on daemon addresses registry.
2026-03-14T15:15:38.398+0500 [DEBUG] [org.gradle.cache.internal.DefaultFileLockManager] Lock acquired on daemon addresses registry.
2026-03-14T15:15:38.399+0500 [DEBUG] [org.gradle.cache.internal.DefaultFileLockManager] Releasing lock on daemon addresses registry.
2026-03-14T15:15:38.399+0500 [DEBUG] [org.gradle.cache.internal.DefaultFileLockManager] Waiting to acquire shared lock on daemon addresses registry.
2026-03-14T15:15:38.399+0500 [DEBUG] [org.gradle.cache.internal.DefaultFileLockManager] Lock acquired on daemon addresses registry.
2026-03-14T15:15:38.399+0500 [DEBUG] [org.gradle.cache.internal.DefaultFileLockManager] Releasing lock on daemon addresses registry.
2026-03-14T15:15:38.400+0500 [DEBUG] [org.gradle.cache.internal.DefaultFileLockManager] Waiting to acquire shared lock on daemon addresses registry.
2026-03-14T15:15:38.400+0500 [DEBUG] [org.gradle.cache.internal.DefaultFileLockManager] Lock acquired on daemon addresses registry.
2026-03-14T15:15:38.400+0500 [DEBUG] [org.gradle.cache.internal.DefaultFileLockManager] Releasing lock on daemon addresses registry.
2026-03-14T15:15:48.389+0500 [DEBUG] [org.gradle.cache.internal.DefaultFileLockManager] Waiting to acquire shared lock on daemon addresses registry.
2026-03-14T15:15:48.389+0500 [DEBUG] [org.gradle.cache.internal.DefaultFileLockManager] Lock acquired on daemon addresses registry.
2026-03-14T15:15:48.390+0500 [DEBUG] [org.gradle.cache.internal.DefaultFileLockManager] Releasing lock on daemon addresses registry.
2026-03-14T15:15:48.391+0500 [DEBUG] [org.gradle.cache.internal.DefaultFileLockManager] Waiting to acquire shared lock on daemon addresses registry.
2026-03-14T15:15:48.391+0500 [DEBUG] [org.gradle.cache.internal.DefaultFileLockManager] Lock acquired on daemon addresses registry.
2026-03-14T15:15:48.391+0500 [DEBUG] [org.gradle.cache.internal.DefaultFileLockManager] Releasing lock on daemon addresses registry.
2026-03-14T15:15:48.391+0500 [DEBUG] [org.gradle.cache.internal.DefaultFileLockManager] Waiting to acquire shared lock on daemon addresses registry.
2026-03-14T15:15:48.391+0500 [DEBUG] [org.gradle.cache.internal.DefaultFileLockManager] Lock acquired on daemon addresses registry.
2026-03-14T15:15:48.392+0500 [DEBUG] [org.gradle.cache.internal.DefaultFileLockManager] Releasing lock on daemon addresses registry.
2026-03-14T15:15:58.393+0500 [DEBUG] [org.gradle.cache.internal.DefaultFileLockManager] Waiting to acquire shared lock on daemon addresses registry.
2026-03-14T15:15:58.394+0500 [DEBUG] [org.gradle.cache.internal.DefaultFileLockManager] Lock acquired on daemon addresses registry.
2026-03-14T15:15:58.394+0500 [DEBUG] [org.gradle.cache.internal.DefaultFileLockManager] Releasing lock on daemon addresses registry.
2026-03-14T15:15:58.395+0500 [DEBUG] [org.gradle.cache.internal.DefaultFileLockManager] Waiting to acquire shared lock on daemon addresses registry.
2026-03-14T15:15:58.395+0500 [DEBUG] [org.gradle.cache.internal.DefaultFileLockManager] Lock acquired on daemon addresses registry.
2026-03-14T15:15:58.395+0500 [DEBUG] [org.gradle.cache.internal.DefaultFileLockManager] Releasing lock on daemon addresses registry.
2026-03-14T15:15:58.395+0500 [DEBUG] [org.gradle.cache.internal.DefaultFileLockManager] Waiting to acquire shared lock on daemon addresses registry.
2026-03-14T15:15:58.396+0500 [DEBUG] [org.gradle.cache.internal.DefaultFileLockManager] Lock acquired on daemon addresses registry.
2026-03-14T15:15:58.396+0500 [DEBUG] [org.gradle.cache.internal.DefaultFileLockManager] Releasing lock on daemon addresses registry.
2026-03-14T15:16:08.397+0500 [DEBUG] [org.gradle.cache.internal.DefaultFileLockManager] Waiting to acquire shared lock on daemon addresses registry.
2026-03-14T15:16:08.399+0500 [DEBUG] [org.gradle.cache.internal.DefaultFileLockManager] Lock acquired on daemon addresses registry.
2026-03-14T15:16:08.399+0500 [DEBUG] [org.gradle.cache.internal.DefaultFileLockManager] Releasing lock on daemon addresses registry.
2026-03-14T15:16:08.400+0500 [DEBUG] [org.gradle.cache.internal.DefaultFileLockManager] Waiting to acquire shared lock on daemon addresses registry.
2026-03-14T15:16:08.400+0500 [DEBUG] [org.gradle.cache.internal.DefaultFileLockManager] Lock acquired on daemon addresses registry.
2026-03-14T15:16:08.400+0500 [DEBUG] [org.gradle.cache.internal.DefaultFileLockManager] Releasing lock on daemon addresses registry.
2026-03-14T15:16:08.401+0500 [DEBUG] [org.gradle.cache.internal.DefaultFileLockManager] Waiting to acquire shared lock on daemon addresses registry.
2026-03-14T15:16:08.401+0500 [DEBUG] [org.gradle.cache.internal.DefaultFileLockManager] Lock acquired on daemon addresses registry.
2026-03-14T15:16:08.401+0500 [DEBUG] [org.gradle.cache.internal.DefaultFileLockManager] Releasing lock on daemon addresses registry.
2026-03-14T15:16:18.394+0500 [DEBUG] [org.gradle.cache.internal.DefaultFileLockManager] Waiting to acquire shared lock on daemon addresses registry.
2026-03-14T15:16:18.394+0500 [DEBUG] [org.gradle.cache.internal.DefaultFileLockManager] Lock acquired on daemon addresses registry.
2026-03-14T15:16:18.394+0500 [DEBUG] [org.gradle.cache.internal.DefaultFileLockManager] Releasing lock on daemon addresses registry.
2026-03-14T15:16:18.395+0500 [DEBUG] [org.gradle.cache.internal.DefaultFileLockManager] Waiting to acquire shared lock on daemon addresses registry.
2026-03-14T15:16:18.395+0500 [DEBUG] [org.gradle.cache.internal.DefaultFileLockManager] Lock acquired on daemon addresses registry.
2026-03-14T15:16:18.395+0500 [DEBUG] [org.gradle.cache.internal.DefaultFileLockManager] Releasing lock on daemon addresses registry.
2026-03-14T15:16:18.396+0500 [DEBUG] [org.gradle.cache.internal.DefaultFileLockManager] Waiting to acquire shared lock on daemon addresses registry.
2026-03-14T15:16:18.396+0500 [DEBUG] [org.gradle.cache.internal.DefaultFileLockManager] Lock acquired on daemon addresses registry.
2026-03-14T15:16:18.396+0500 [DEBUG] [org.gradle.cache.internal.DefaultFileLockManager] Releasing lock on daemon addresses registry.
2026-03-14T15:16:28.395+0500 [DEBUG] [org.gradle.cache.internal.DefaultFileLockManager] Waiting to acquire shared lock on daemon addresses registry.
2026-03-14T15:16:28.396+0500 [DEBUG] [org.gradle.cache.internal.DefaultFileLockManager] Lock acquired on daemon addresses registry.
2026-03-14T15:16:28.396+0500 [DEBUG] [org.gradle.cache.internal.DefaultFileLockManager] Releasing lock on daemon addresses registry.
2026-03-14T15:16:28.397+0500 [DEBUG] [org.gradle.cache.internal.DefaultFileLockManager] Waiting to acquire shared lock on daemon addresses registry.
2026-03-14T15:16:28.397+0500 [DEBUG] [org.gradle.cache.internal.DefaultFileLockManager] Lock acquired on daemon addresses registry.
2026-03-14T15:16:28.397+0500 [DEBUG] [org.gradle.cache.internal.DefaultFileLockManager] Releasing lock on daemon addresses registry.
2026-03-14T15:16:28.397+0500 [DEBUG] [org.gradle.cache.internal.DefaultFileLockManager] Waiting to acquire shared lock on daemon addresses registry.
2026-03-14T15:16:28.398+0500 [DEBUG] [org.gradle.cache.internal.DefaultFileLockManager] Lock acquired on daemon addresses registry.
2026-03-14T15:16:28.398+0500 [DEBUG] [org.gradle.cache.internal.DefaultFileLockManager] Releasing lock on daemon addresses registry.
2026-03-14T15:16:38.387+0500 [DEBUG] [org.gradle.cache.internal.DefaultFileLockManager] Waiting to acquire shared lock on daemon addresses registry.
2026-03-14T15:16:38.388+0500 [DEBUG] [org.gradle.cache.internal.DefaultFileLockManager] Lock acquired on daemon addresses registry.
2026-03-14T15:16:38.388+0500 [DEBUG] [org.gradle.cache.internal.DefaultFileLockManager] Releasing lock on daemon addresses registry.
2026-03-14T15:16:38.388+0500 [DEBUG] [org.gradle.cache.internal.DefaultFileLockManager] Waiting to acquire shared lock on daemon addresses registry.
2026-03-14T15:16:38.389+0500 [DEBUG] [org.gradle.cache.internal.DefaultFileLockManager] Lock acquired on daemon addresses registry.
2026-03-14T15:16:38.389+0500 [DEBUG] [org.gradle.cache.internal.DefaultFileLockManager] Releasing lock on daemon addresses registry.
2026-03-14T15:16:38.389+0500 [DEBUG] [org.gradle.cache.internal.DefaultFileLockManager] Waiting to acquire shared lock on daemon addresses registry.
2026-03-14T15:16:38.389+0500 [DEBUG] [org.gradle.cache.internal.DefaultFileLockManager] Lock acquired on daemon addresses registry.
2026-03-14T15:16:38.389+0500 [DEBUG] [org.gradle.cache.internal.DefaultFileLockManager] Releasing lock on daemon addresses registry.
2026-03-14T15:16:48.393+0500 [DEBUG] [org.gradle.cache.internal.DefaultFileLockManager] Waiting to acquire shared lock on daemon addresses registry.
2026-03-14T15:16:48.394+0500 [DEBUG] [org.gradle.cache.internal.DefaultFileLockManager] Lock acquired on daemon addresses registry.
2026-03-14T15:16:48.395+0500 [DEBUG] [org.gradle.cache.internal.DefaultFileLockManager] Releasing lock on daemon addresses registry.
2026-03-14T15:16:48.395+0500 [DEBUG] [org.gradle.cache.internal.DefaultFileLockManager] Waiting to acquire shared lock on daemon addresses registry.
2026-03-14T15:16:48.395+0500 [DEBUG] [org.gradle.cache.internal.DefaultFileLockManager] Lock acquired on daemon addresses registry.
2026-03-14T15:16:48.396+0500 [DEBUG] [org.gradle.cache.internal.DefaultFileLockManager] Releasing lock on daemon addresses registry.
2026-03-14T15:16:48.396+0500 [DEBUG] [org.gradle.cache.internal.DefaultFileLockManager] Waiting to acquire shared lock on daemon addresses registry.
2026-03-14T15:16:48.396+0500 [DEBUG] [org.gradle.cache.internal.DefaultFileLockManager] Lock acquired on daemon addresses registry.
2026-03-14T15:16:48.396+0500 [DEBUG] [org.gradle.cache.internal.DefaultFileLockManager] Releasing lock on daemon addresses registry.
2026-03-14T15:16:58.394+0500 [DEBUG] [org.gradle.cache.internal.DefaultFileLockManager] Waiting to acquire shared lock on daemon addresses registry.
2026-03-14T15:16:58.395+0500 [DEBUG] [org.gradle.cache.internal.DefaultFileLockManager] Lock acquired on daemon addresses registry.
2026-03-14T15:16:58.396+0500 [DEBUG] [org.gradle.cache.internal.DefaultFileLockManager] Releasing lock on daemon addresses registry.
2026-03-14T15:16:58.396+0500 [DEBUG] [org.gradle.cache.internal.DefaultFileLockManager] Waiting to acquire shared lock on daemon addresses registry.
2026-03-14T15:16:58.396+0500 [DEBUG] [org.gradle.cache.internal.DefaultFileLockManager] Lock acquired on daemon addresses registry.
2026-03-14T15:16:58.396+0500 [DEBUG] [org.gradle.cache.internal.DefaultFileLockManager] Releasing lock on daemon addresses registry.
2026-03-14T15:16:58.397+0500 [DEBUG] [org.gradle.cache.internal.DefaultFileLockManager] Waiting to acquire shared lock on daemon addresses registry.
2026-03-14T15:16:58.397+0500 [DEBUG] [org.gradle.cache.internal.DefaultFileLockManager] Lock acquired on daemon addresses registry.
2026-03-14T15:16:58.397+0500 [DEBUG] [org.gradle.cache.internal.DefaultFileLockManager] Releasing lock on daemon addresses registry.
2026-03-14T15:17:08.391+0500 [DEBUG] [org.gradle.cache.internal.DefaultFileLockManager] Waiting to acquire shared lock on daemon addresses registry.
2026-03-14T15:17:08.392+0500 [DEBUG] [org.gradle.cache.internal.DefaultFileLockManager] Lock acquired on daemon addresses registry.
2026-03-14T15:17:08.392+0500 [DEBUG] [org.gradle.cache.internal.DefaultFileLockManager] Releasing lock on daemon addresses registry.
2026-03-14T15:17:08.393+0500 [DEBUG] [org.gradle.cache.internal.DefaultFileLockManager] Waiting to acquire shared lock on daemon addresses registry.
2026-03-14T15:17:08.393+0500 [DEBUG] [org.gradle.cache.internal.DefaultFileLockManager] Lock acquired on daemon addresses registry.
2026-03-14T15:17:08.393+0500 [DEBUG] [org.gradle.cache.internal.DefaultFileLockManager] Releasing lock on daemon addresses registry.
2026-03-14T15:17:08.394+0500 [DEBUG] [org.gradle.cache.internal.DefaultFileLockManager] Waiting to acquire shared lock on daemon addresses registry.
2026-03-14T15:17:08.394+0500 [DEBUG] [org.gradle.cache.internal.DefaultFileLockManager] Lock acquired on daemon addresses registry.
2026-03-14T15:17:08.394+0500 [DEBUG] [org.gradle.cache.internal.DefaultFileLockManager] Releasing lock on daemon addresses registry.
2026-03-14T15:17:09.521+0500 [DEBUG] [sun.rmi.transport.tcp] RMI TCP Connection(28)-127.0.0.1: accepted socket from [127.0.0.1:56469]
2026-03-14T15:17:09.522+0500 [DEBUG] [sun.rmi.transport.tcp] RMI TCP Connection(28)-127.0.0.1: (port 54929) op = 80
2026-03-14T15:17:09.523+0500 [DEBUG] [sun.rmi.loader] RMI TCP Connection(28)-127.0.0.1: name = "[Ljava.rmi.server.ObjID;", codebase = "", defaultLoader = jdk.internal.loader.ClassLoaders$PlatformClassLoader@30e1411f
2026-03-14T15:17:09.523+0500 [DEBUG] [sun.rmi.loader] RMI TCP Connection(28)-127.0.0.1: name = "java.rmi.dgc.Lease", codebase = "", defaultLoader = jdk.internal.loader.ClassLoaders$PlatformClassLoader@30e1411f
2026-03-14T15:17:09.523+0500 [DEBUG] [sun.rmi.loader] RMI TCP Connection(28)-127.0.0.1: name = "java.rmi.dgc.VMID", codebase = "", defaultLoader = jdk.internal.loader.ClassLoaders$PlatformClassLoader@30e1411f
2026-03-14T15:17:09.524+0500 [DEBUG] [sun.rmi.loader] RMI TCP Connection(28)-127.0.0.1: name = "[B", codebase = "", defaultLoader = jdk.internal.loader.ClassLoaders$PlatformClassLoader@30e1411f
2026-03-14T15:17:09.524+0500 [DEBUG] [sun.rmi.loader] RMI TCP Connection(28)-127.0.0.1: name = "java.rmi.server.UID", codebase = "", defaultLoader = jdk.internal.loader.ClassLoaders$PlatformClassLoader@30e1411f
2026-03-14T15:17:18.392+0500 [DEBUG] [org.gradle.cache.internal.DefaultFileLockManager] Waiting to acquire shared lock on daemon addresses registry.
2026-03-14T15:17:18.394+0500 [DEBUG] [org.gradle.cache.internal.DefaultFileLockManager] Lock acquired on daemon addresses registry.
2026-03-14T15:17:18.395+0500 [DEBUG] [org.gradle.cache.internal.DefaultFileLockManager] Releasing lock on daemon addresses registry.
2026-03-14T15:17:18.395+0500 [DEBUG] [org.gradle.cache.internal.DefaultFileLockManager] Waiting to acquire shared lock on daemon addresses registry.
2026-03-14T15:17:18.396+0500 [DEBUG] [org.gradle.cache.internal.DefaultFileLockManager] Lock acquired on daemon addresses registry.
2026-03-14T15:17:18.396+0500 [DEBUG] [org.gradle.cache.internal.DefaultFileLockManager] Releasing lock on daemon addresses registry.
2026-03-14T15:17:18.396+0500 [DEBUG] [org.gradle.cache.internal.DefaultFileLockManager] Waiting to acquire shared lock on daemon addresses registry.
2026-03-14T15:17:18.396+0500 [DEBUG] [org.gradle.cache.internal.DefaultFileLockManager] Lock acquired on daemon addresses registry.
2026-03-14T15:17:18.396+0500 [DEBUG] [org.gradle.cache.internal.DefaultFileLockManager] Releasing lock on daemon addresses registry.
2026-03-14T15:17:24.533+0500 [DEBUG] [sun.rmi.transport.tcp] RMI TCP Connection(28)-127.0.0.1: (port 54929) connection closed
2026-03-14T15:17:24.536+0500 [DEBUG] [sun.rmi.transport.tcp] RMI TCP Connection(28)-127.0.0.1: close connection, socket: Socket[addr=/127.0.0.1,port=56469,localport=54929]
2026-03-14T15:17:24.536+0500 [DEBUG] [sun.rmi.transport.tcp] RMI TCP Connection(28)-127.0.0.1: socket close: Socket[addr=/127.0.0.1,port=56469,localport=54929]
2026-03-14T15:17:28.389+0500 [DEBUG] [org.gradle.cache.internal.DefaultFileLockManager] Waiting to acquire shared lock on daemon addresses registry.
2026-03-14T15:17:28.389+0500 [DEBUG] [org.gradle.cache.internal.DefaultFileLockManager] Lock acquired on daemon addresses registry.
2026-03-14T15:17:28.390+0500 [DEBUG] [org.gradle.cache.internal.DefaultFileLockManager] Releasing lock on daemon addresses registry.
2026-03-14T15:17:28.390+0500 [DEBUG] [org.gradle.cache.internal.DefaultFileLockManager] Waiting to acquire shared lock on daemon addresses registry.
2026-03-14T15:17:28.391+0500 [DEBUG] [org.gradle.cache.internal.DefaultFileLockManager] Lock acquired on daemon addresses registry.
2026-03-14T15:17:28.391+0500 [DEBUG] [org.gradle.cache.internal.DefaultFileLockManager] Releasing lock on daemon addresses registry.
2026-03-14T15:17:28.391+0500 [DEBUG] [org.gradle.cache.internal.DefaultFileLockManager] Waiting to acquire shared lock on daemon addresses registry.
2026-03-14T15:17:28.391+0500 [DEBUG] [org.gradle.cache.internal.DefaultFileLockManager] Lock acquired on daemon addresses registry.
2026-03-14T15:17:28.392+0500 [DEBUG] [org.gradle.cache.internal.DefaultFileLockManager] Releasing lock on daemon addresses registry.
2026-03-14T15:17:38.392+0500 [DEBUG] [org.gradle.cache.internal.DefaultFileLockManager] Waiting to acquire shared lock on daemon addresses registry.
2026-03-14T15:17:38.395+0500 [DEBUG] [org.gradle.cache.internal.DefaultFileLockManager] Lock acquired on daemon addresses registry.
2026-03-14T15:17:38.396+0500 [DEBUG] [org.gradle.cache.internal.DefaultFileLockManager] Releasing lock on daemon addresses registry.
2026-03-14T15:17:38.397+0500 [DEBUG] [org.gradle.cache.internal.DefaultFileLockManager] Waiting to acquire shared lock on daemon addresses registry.
2026-03-14T15:17:38.398+0500 [DEBUG] [org.gradle.cache.internal.DefaultFileLockManager] Lock acquired on daemon addresses registry.
2026-03-14T15:17:38.398+0500 [DEBUG] [org.gradle.cache.internal.DefaultFileLockManager] Releasing lock on daemon addresses registry.
2026-03-14T15:17:38.398+0500 [DEBUG] [org.gradle.cache.internal.DefaultFileLockManager] Waiting to acquire shared lock on daemon addresses registry.
2026-03-14T15:17:38.398+0500 [DEBUG] [org.gradle.cache.internal.DefaultFileLockManager] Lock acquired on daemon addresses registry.
2026-03-14T15:17:38.399+0500 [DEBUG] [org.gradle.cache.internal.DefaultFileLockManager] Releasing lock on daemon addresses registry.
2026-03-14T15:17:48.389+0500 [DEBUG] [org.gradle.cache.internal.DefaultFileLockManager] Waiting to acquire shared lock on daemon addresses registry.
2026-03-14T15:17:48.389+0500 [DEBUG] [org.gradle.cache.internal.DefaultFileLockManager] Lock acquired on daemon addresses registry.
2026-03-14T15:17:48.389+0500 [DEBUG] [org.gradle.cache.internal.DefaultFileLockManager] Releasing lock on daemon addresses registry.
2026-03-14T15:17:48.389+0500 [DEBUG] [org.gradle.cache.internal.DefaultFileLockManager] Waiting to acquire shared lock on daemon addresses registry.
2026-03-14T15:17:48.390+0500 [DEBUG] [org.gradle.cache.internal.DefaultFileLockManager] Lock acquired on daemon addresses registry.
2026-03-14T15:17:48.390+0500 [DEBUG] [org.gradle.cache.internal.DefaultFileLockManager] Releasing lock on daemon addresses registry.
2026-03-14T15:17:48.390+0500 [DEBUG] [org.gradle.cache.internal.DefaultFileLockManager] Waiting to acquire shared lock on daemon addresses registry.
2026-03-14T15:17:48.390+0500 [DEBUG] [org.gradle.cache.internal.DefaultFileLockManager] Lock acquired on daemon addresses registry.
2026-03-14T15:17:48.390+0500 [DEBUG] [org.gradle.cache.internal.DefaultFileLockManager] Releasing lock on daemon addresses registry.
2026-03-14T15:17:58.387+0500 [DEBUG] [org.gradle.cache.internal.DefaultFileLockManager] Waiting to acquire shared lock on daemon addresses registry.
2026-03-14T15:17:58.389+0500 [DEBUG] [org.gradle.cache.internal.DefaultFileLockManager] Lock acquired on daemon addresses registry.
2026-03-14T15:17:58.389+0500 [DEBUG] [org.gradle.cache.internal.DefaultFileLockManager] Releasing lock on daemon addresses registry.
2026-03-14T15:17:58.390+0500 [DEBUG] [org.gradle.cache.internal.DefaultFileLockManager] Waiting to acquire shared lock on daemon addresses registry.
2026-03-14T15:17:58.390+0500 [DEBUG] [org.gradle.cache.internal.DefaultFileLockManager] Lock acquired on daemon addresses registry.
2026-03-14T15:17:58.390+0500 [DEBUG] [org.gradle.cache.internal.DefaultFileLockManager] Releasing lock on daemon addresses registry.
2026-03-14T15:17:58.390+0500 [DEBUG] [org.gradle.cache.internal.DefaultFileLockManager] Waiting to acquire shared lock on daemon addresses registry.
2026-03-14T15:17:58.390+0500 [DEBUG] [org.gradle.cache.internal.DefaultFileLockManager] Lock acquired on daemon addresses registry.
2026-03-14T15:17:58.391+0500 [DEBUG] [org.gradle.cache.internal.DefaultFileLockManager] Releasing lock on daemon addresses registry.
2026-03-14T15:18:08.389+0500 [DEBUG] [org.gradle.cache.internal.DefaultFileLockManager] Waiting to acquire shared lock on daemon addresses registry.
2026-03-14T15:18:08.389+0500 [DEBUG] [org.gradle.cache.internal.DefaultFileLockManager] Lock acquired on daemon addresses registry.
2026-03-14T15:18:08.390+0500 [DEBUG] [org.gradle.cache.internal.DefaultFileLockManager] Releasing lock on daemon addresses registry.
2026-03-14T15:18:08.390+0500 [DEBUG] [org.gradle.cache.internal.DefaultFileLockManager] Waiting to acquire shared lock on daemon addresses registry.
2026-03-14T15:18:08.390+0500 [DEBUG] [org.gradle.cache.internal.DefaultFileLockManager] Lock acquired on daemon addresses registry.
2026-03-14T15:18:08.390+0500 [DEBUG] [org.gradle.cache.internal.DefaultFileLockManager] Releasing lock on daemon addresses registry.
2026-03-14T15:18:08.391+0500 [DEBUG] [org.gradle.cache.internal.DefaultFileLockManager] Waiting to acquire shared lock on daemon addresses registry.
2026-03-14T15:18:08.391+0500 [DEBUG] [org.gradle.cache.internal.DefaultFileLockManager] Lock acquired on daemon addresses registry.
2026-03-14T15:18:08.391+0500 [DEBUG] [org.gradle.cache.internal.DefaultFileLockManager] Releasing lock on daemon addresses registry.
2026-03-14T15:18:18.391+0500 [DEBUG] [org.gradle.cache.internal.DefaultFileLockManager] Waiting to acquire shared lock on daemon addresses registry.
2026-03-14T15:18:18.391+0500 [DEBUG] [org.gradle.cache.internal.DefaultFileLockManager] Lock acquired on daemon addresses registry.
2026-03-14T15:18:18.391+0500 [DEBUG] [org.gradle.cache.internal.DefaultFileLockManager] Releasing lock on daemon addresses registry.
2026-03-14T15:18:18.392+0500 [DEBUG] [org.gradle.cache.internal.DefaultFileLockManager] Waiting to acquire shared lock on daemon addresses registry.
2026-03-14T15:18:18.392+0500 [DEBUG] [org.gradle.cache.internal.DefaultFileLockManager] Lock acquired on daemon addresses registry.
2026-03-14T15:18:18.392+0500 [DEBUG] [org.gradle.cache.internal.DefaultFileLockManager] Releasing lock on daemon addresses registry.
2026-03-14T15:18:18.392+0500 [DEBUG] [org.gradle.cache.internal.DefaultFileLockManager] Waiting to acquire shared lock on daemon addresses registry.
2026-03-14T15:18:18.392+0500 [DEBUG] [org.gradle.cache.internal.DefaultFileLockManager] Lock acquired on daemon addresses registry.
2026-03-14T15:18:18.392+0500 [DEBUG] [org.gradle.cache.internal.DefaultFileLockManager] Releasing lock on daemon addresses registry.
2026-03-14T15:18:28.391+0500 [DEBUG] [org.gradle.cache.internal.DefaultFileLockManager] Waiting to acquire shared lock on daemon addresses registry.
2026-03-14T15:18:28.391+0500 [DEBUG] [org.gradle.cache.internal.DefaultFileLockManager] Lock acquired on daemon addresses registry.
2026-03-14T15:18:28.391+0500 [DEBUG] [org.gradle.cache.internal.DefaultFileLockManager] Releasing lock on daemon addresses registry.
2026-03-14T15:18:28.392+0500 [DEBUG] [org.gradle.cache.internal.DefaultFileLockManager] Waiting to acquire shared lock on daemon addresses registry.
2026-03-14T15:18:28.392+0500 [DEBUG] [org.gradle.cache.internal.DefaultFileLockManager] Lock acquired on daemon addresses registry.
2026-03-14T15:18:28.392+0500 [DEBUG] [org.gradle.cache.internal.DefaultFileLockManager] Releasing lock on daemon addresses registry.
2026-03-14T15:18:28.393+0500 [DEBUG] [org.gradle.cache.internal.DefaultFileLockManager] Waiting to acquire shared lock on daemon addresses registry.
2026-03-14T15:18:28.393+0500 [DEBUG] [org.gradle.cache.internal.DefaultFileLockManager] Lock acquired on daemon addresses registry.
2026-03-14T15:18:28.393+0500 [DEBUG] [org.gradle.cache.internal.DefaultFileLockManager] Releasing lock on daemon addresses registry.
2026-03-14T15:18:38.387+0500 [DEBUG] [org.gradle.cache.internal.DefaultFileLockManager] Waiting to acquire shared lock on daemon addresses registry.
2026-03-14T15:18:38.387+0500 [DEBUG] [org.gradle.cache.internal.DefaultFileLockManager] Lock acquired on daemon addresses registry.
2026-03-14T15:18:38.388+0500 [DEBUG] [org.gradle.cache.internal.DefaultFileLockManager] Releasing lock on daemon addresses registry.
2026-03-14T15:18:38.388+0500 [DEBUG] [org.gradle.cache.internal.DefaultFileLockManager] Waiting to acquire shared lock on daemon addresses registry.
2026-03-14T15:18:38.389+0500 [DEBUG] [org.gradle.cache.internal.DefaultFileLockManager] Lock acquired on daemon addresses registry.
2026-03-14T15:18:38.389+0500 [DEBUG] [org.gradle.cache.internal.DefaultFileLockManager] Releasing lock on daemon addresses registry.
2026-03-14T15:18:38.389+0500 [DEBUG] [org.gradle.cache.internal.DefaultFileLockManager] Waiting to acquire shared lock on daemon addresses registry.
2026-03-14T15:18:38.389+0500 [DEBUG] [org.gradle.cache.internal.DefaultFileLockManager] Lock acquired on daemon addresses registry.
2026-03-14T15:18:38.389+0500 [DEBUG] [org.gradle.cache.internal.DefaultFileLockManager] Releasing lock on daemon addresses registry.
2026-03-14T15:18:48.388+0500 [DEBUG] [org.gradle.cache.internal.DefaultFileLockManager] Waiting to acquire shared lock on daemon addresses registry.
2026-03-14T15:18:48.388+0500 [DEBUG] [org.gradle.cache.internal.DefaultFileLockManager] Lock acquired on daemon addresses registry.
2026-03-14T15:18:48.389+0500 [DEBUG] [org.gradle.cache.internal.DefaultFileLockManager] Releasing lock on daemon addresses registry.
2026-03-14T15:18:48.389+0500 [DEBUG] [org.gradle.cache.internal.DefaultFileLockManager] Waiting to acquire shared lock on daemon addresses registry.
2026-03-14T15:18:48.389+0500 [DEBUG] [org.gradle.cache.internal.DefaultFileLockManager] Lock acquired on daemon addresses registry.
2026-03-14T15:18:48.390+0500 [DEBUG] [org.gradle.cache.internal.DefaultFileLockManager] Releasing lock on daemon addresses registry.
2026-03-14T15:18:48.390+0500 [DEBUG] [org.gradle.cache.internal.DefaultFileLockManager] Waiting to acquire shared lock on daemon addresses registry.
2026-03-14T15:18:48.390+0500 [DEBUG] [org.gradle.cache.internal.DefaultFileLockManager] Lock acquired on daemon addresses registry.
2026-03-14T15:18:48.390+0500 [DEBUG] [org.gradle.cache.internal.DefaultFileLockManager] Releasing lock on daemon addresses registry.
2026-03-14T15:18:58.387+0500 [DEBUG] [org.gradle.cache.internal.DefaultFileLockManager] Waiting to acquire shared lock on daemon addresses registry.
2026-03-14T15:18:58.387+0500 [DEBUG] [org.gradle.cache.internal.DefaultFileLockManager] Lock acquired on daemon addresses registry.
2026-03-14T15:18:58.388+0500 [DEBUG] [org.gradle.cache.internal.DefaultFileLockManager] Releasing lock on daemon addresses registry.
2026-03-14T15:18:58.388+0500 [DEBUG] [org.gradle.cache.internal.DefaultFileLockManager] Waiting to acquire shared lock on daemon addresses registry.
2026-03-14T15:18:58.388+0500 [DEBUG] [org.gradle.cache.internal.DefaultFileLockManager] Lock acquired on daemon addresses registry.
2026-03-14T15:18:58.389+0500 [DEBUG] [org.gradle.cache.internal.DefaultFileLockManager] Releasing lock on daemon addresses registry.
2026-03-14T15:18:58.389+0500 [DEBUG] [org.gradle.cache.internal.DefaultFileLockManager] Waiting to acquire shared lock on daemon addresses registry.
2026-03-14T15:18:58.389+0500 [DEBUG] [org.gradle.cache.internal.DefaultFileLockManager] Lock acquired on daemon addresses registry.
2026-03-14T15:18:58.389+0500 [DEBUG] [org.gradle.cache.internal.DefaultFileLockManager] Releasing lock on daemon addresses registry.
2026-03-14T15:19:08.390+0500 [DEBUG] [org.gradle.cache.internal.DefaultFileLockManager] Waiting to acquire shared lock on daemon addresses registry.
2026-03-14T15:19:08.391+0500 [DEBUG] [org.gradle.cache.internal.DefaultFileLockManager] Lock acquired on daemon addresses registry.
2026-03-14T15:19:08.391+0500 [DEBUG] [org.gradle.cache.internal.DefaultFileLockManager] Releasing lock on daemon addresses registry.
2026-03-14T15:19:08.392+0500 [DEBUG] [org.gradle.cache.internal.DefaultFileLockManager] Waiting to acquire shared lock on daemon addresses registry.
2026-03-14T15:19:08.392+0500 [DEBUG] [org.gradle.cache.internal.DefaultFileLockManager] Lock acquired on daemon addresses registry.
2026-03-14T15:19:08.392+0500 [DEBUG] [org.gradle.cache.internal.DefaultFileLockManager] Releasing lock on daemon addresses registry.
2026-03-14T15:19:08.392+0500 [DEBUG] [org.gradle.cache.internal.DefaultFileLockManager] Waiting to acquire shared lock on daemon addresses registry.
2026-03-14T15:19:08.392+0500 [DEBUG] [org.gradle.cache.internal.DefaultFileLockManager] Lock acquired on daemon addresses registry.
2026-03-14T15:19:08.392+0500 [DEBUG] [org.gradle.cache.internal.DefaultFileLockManager] Releasing lock on daemon addresses registry.
2026-03-14T15:19:18.390+0500 [DEBUG] [org.gradle.cache.internal.DefaultFileLockManager] Waiting to acquire shared lock on daemon addresses registry.
2026-03-14T15:19:18.391+0500 [DEBUG] [org.gradle.cache.internal.DefaultFileLockManager] Lock acquired on daemon addresses registry.
2026-03-14T15:19:18.391+0500 [DEBUG] [org.gradle.cache.internal.DefaultFileLockManager] Releasing lock on daemon addresses registry.
2026-03-14T15:19:18.392+0500 [DEBUG] [org.gradle.cache.internal.DefaultFileLockManager] Waiting to acquire shared lock on daemon addresses registry.
2026-03-14T15:19:18.392+0500 [DEBUG] [org.gradle.cache.internal.DefaultFileLockManager] Lock acquired on daemon addresses registry.
2026-03-14T15:19:18.393+0500 [DEBUG] [org.gradle.cache.internal.DefaultFileLockManager] Releasing lock on daemon addresses registry.
2026-03-14T15:19:18.393+0500 [DEBUG] [org.gradle.cache.internal.DefaultFileLockManager] Waiting to acquire shared lock on daemon addresses registry.
2026-03-14T15:19:18.393+0500 [DEBUG] [org.gradle.cache.internal.DefaultFileLockManager] Lock acquired on daemon addresses registry.
2026-03-14T15:19:18.393+0500 [DEBUG] [org.gradle.cache.internal.DefaultFileLockManager] Releasing lock on daemon addresses registry.
2026-03-14T15:19:28.389+0500 [DEBUG] [org.gradle.cache.internal.DefaultFileLockManager] Waiting to acquire shared lock on daemon addresses registry.
2026-03-14T15:19:28.390+0500 [DEBUG] [org.gradle.cache.internal.DefaultFileLockManager] Lock acquired on daemon addresses registry.
2026-03-14T15:19:28.391+0500 [DEBUG] [org.gradle.cache.internal.DefaultFileLockManager] Releasing lock on daemon addresses registry.
2026-03-14T15:19:28.391+0500 [DEBUG] [org.gradle.cache.internal.DefaultFileLockManager] Waiting to acquire shared lock on daemon addresses registry.
2026-03-14T15:19:28.391+0500 [DEBUG] [org.gradle.cache.internal.DefaultFileLockManager] Lock acquired on daemon addresses registry.
2026-03-14T15:19:28.392+0500 [DEBUG] [org.gradle.cache.internal.DefaultFileLockManager] Releasing lock on daemon addresses registry.
2026-03-14T15:19:28.392+0500 [DEBUG] [org.gradle.cache.internal.DefaultFileLockManager] Waiting to acquire shared lock on daemon addresses registry.
2026-03-14T15:19:28.392+0500 [DEBUG] [org.gradle.cache.internal.DefaultFileLockManager] Lock acquired on daemon addresses registry.
2026-03-14T15:19:28.392+0500 [DEBUG] [org.gradle.cache.internal.DefaultFileLockManager] Releasing lock on daemon addresses registry.
2026-03-14T15:19:38.385+0500 [DEBUG] [org.gradle.cache.internal.DefaultFileLockManager] Waiting to acquire shared lock on daemon addresses registry.
2026-03-14T15:19:38.386+0500 [DEBUG] [org.gradle.cache.internal.DefaultFileLockManager] Lock acquired on daemon addresses registry.
2026-03-14T15:19:38.386+0500 [DEBUG] [org.gradle.cache.internal.DefaultFileLockManager] Releasing lock on daemon addresses registry.
2026-03-14T15:19:38.387+0500 [DEBUG] [org.gradle.cache.internal.DefaultFileLockManager] Waiting to acquire shared lock on daemon addresses registry.
2026-03-14T15:19:38.387+0500 [DEBUG] [org.gradle.cache.internal.DefaultFileLockManager] Lock acquired on daemon addresses registry.
2026-03-14T15:19:38.387+0500 [DEBUG] [org.gradle.cache.internal.DefaultFileLockManager] Releasing lock on daemon addresses registry.
2026-03-14T15:19:38.388+0500 [DEBUG] [org.gradle.cache.internal.DefaultFileLockManager] Waiting to acquire shared lock on daemon addresses registry.
2026-03-14T15:19:38.388+0500 [DEBUG] [org.gradle.cache.internal.DefaultFileLockManager] Lock acquired on daemon addresses registry.
2026-03-14T15:19:38.388+0500 [DEBUG] [org.gradle.cache.internal.DefaultFileLockManager] Releasing lock on daemon addresses registry.
2026-03-14T15:19:48.386+0500 [DEBUG] [org.gradle.cache.internal.DefaultFileLockManager] Waiting to acquire shared lock on daemon addresses registry.
2026-03-14T15:19:48.387+0500 [DEBUG] [org.gradle.cache.internal.DefaultFileLockManager] Lock acquired on daemon addresses registry.
2026-03-14T15:19:48.387+0500 [DEBUG] [org.gradle.cache.internal.DefaultFileLockManager] Releasing lock on daemon addresses registry.
2026-03-14T15:19:48.388+0500 [DEBUG] [org.gradle.cache.internal.DefaultFileLockManager] Waiting to acquire shared lock on daemon addresses registry.
2026-03-14T15:19:48.388+0500 [DEBUG] [org.gradle.cache.internal.DefaultFileLockManager] Lock acquired on daemon addresses registry.
2026-03-14T15:19:48.388+0500 [DEBUG] [org.gradle.cache.internal.DefaultFileLockManager] Releasing lock on daemon addresses registry.
2026-03-14T15:19:48.388+0500 [DEBUG] [org.gradle.cache.internal.DefaultFileLockManager] Waiting to acquire shared lock on daemon addresses registry.
2026-03-14T15:19:48.388+0500 [DEBUG] [org.gradle.cache.internal.DefaultFileLockManager] Lock acquired on daemon addresses registry.
2026-03-14T15:19:48.388+0500 [DEBUG] [org.gradle.cache.internal.DefaultFileLockManager] Releasing lock on daemon addresses registry.
2026-03-14T15:19:58.389+0500 [DEBUG] [org.gradle.cache.internal.DefaultFileLockManager] Waiting to acquire shared lock on daemon addresses registry.
2026-03-14T15:19:58.389+0500 [DEBUG] [org.gradle.cache.internal.DefaultFileLockManager] Lock acquired on daemon addresses registry.
2026-03-14T15:19:58.390+0500 [DEBUG] [org.gradle.cache.internal.DefaultFileLockManager] Releasing lock on daemon addresses registry.
2026-03-14T15:19:58.390+0500 [DEBUG] [org.gradle.cache.internal.DefaultFileLockManager] Waiting to acquire shared lock on daemon addresses registry.
2026-03-14T15:19:58.390+0500 [DEBUG] [org.gradle.cache.internal.DefaultFileLockManager] Lock acquired on daemon addresses registry.
2026-03-14T15:19:58.390+0500 [DEBUG] [org.gradle.cache.internal.DefaultFileLockManager] Releasing lock on daemon addresses registry.
2026-03-14T15:19:58.390+0500 [DEBUG] [org.gradle.cache.internal.DefaultFileLockManager] Waiting to acquire shared lock on daemon addresses registry.
2026-03-14T15:19:58.390+0500 [DEBUG] [org.gradle.cache.internal.DefaultFileLockManager] Lock acquired on daemon addresses registry.
2026-03-14T15:19:58.390+0500 [DEBUG] [org.gradle.cache.internal.DefaultFileLockManager] Releasing lock on daemon addresses registry.
2026-03-14T15:20:08.388+0500 [DEBUG] [org.gradle.cache.internal.DefaultFileLockManager] Waiting to acquire shared lock on daemon addresses registry.
2026-03-14T15:20:08.389+0500 [DEBUG] [org.gradle.cache.internal.DefaultFileLockManager] Lock acquired on daemon addresses registry.
2026-03-14T15:20:08.390+0500 [DEBUG] [org.gradle.cache.internal.DefaultFileLockManager] Releasing lock on daemon addresses registry.
2026-03-14T15:20:08.391+0500 [DEBUG] [org.gradle.cache.internal.DefaultFileLockManager] Waiting to acquire shared lock on daemon addresses registry.
2026-03-14T15:20:08.391+0500 [DEBUG] [org.gradle.cache.internal.DefaultFileLockManager] Lock acquired on daemon addresses registry.
2026-03-14T15:20:08.391+0500 [DEBUG] [org.gradle.cache.internal.DefaultFileLockManager] Releasing lock on daemon addresses registry.
2026-03-14T15:20:08.392+0500 [DEBUG] [org.gradle.cache.internal.DefaultFileLockManager] Waiting to acquire shared lock on daemon addresses registry.
2026-03-14T15:20:08.392+0500 [DEBUG] [org.gradle.cache.internal.DefaultFileLockManager] Lock acquired on daemon addresses registry.
2026-03-14T15:20:08.392+0500 [DEBUG] [org.gradle.cache.internal.DefaultFileLockManager] Releasing lock on daemon addresses registry.
2026-03-14T15:20:18.377+0500 [DEBUG] [org.gradle.cache.internal.DefaultFileLockManager] Waiting to acquire shared lock on daemon addresses registry.
2026-03-14T15:20:18.377+0500 [DEBUG] [org.gradle.cache.internal.DefaultFileLockManager] Lock acquired on daemon addresses registry.
2026-03-14T15:20:18.377+0500 [DEBUG] [org.gradle.cache.internal.DefaultFileLockManager] Releasing lock on daemon addresses registry.
2026-03-14T15:20:18.377+0500 [DEBUG] [org.gradle.cache.internal.DefaultFileLockManager] Waiting to acquire shared lock on daemon addresses registry.
2026-03-14T15:20:18.377+0500 [DEBUG] [org.gradle.cache.internal.DefaultFileLockManager] Lock acquired on daemon addresses registry.
2026-03-14T15:20:18.377+0500 [DEBUG] [org.gradle.cache.internal.DefaultFileLockManager] Releasing lock on daemon addresses registry.
2026-03-14T15:20:18.377+0500 [DEBUG] [org.gradle.cache.internal.DefaultFileLockManager] Waiting to acquire shared lock on daemon addresses registry.
2026-03-14T15:20:18.377+0500 [DEBUG] [org.gradle.cache.internal.DefaultFileLockManager] Lock acquired on daemon addresses registry.
2026-03-14T15:20:18.377+0500 [DEBUG] [org.gradle.cache.internal.DefaultFileLockManager] Releasing lock on daemon addresses registry.
2026-03-14T15:20:28.373+0500 [DEBUG] [org.gradle.cache.internal.DefaultFileLockManager] Waiting to acquire shared lock on daemon addresses registry.
2026-03-14T15:20:28.374+0500 [DEBUG] [org.gradle.cache.internal.DefaultFileLockManager] Lock acquired on daemon addresses registry.
2026-03-14T15:20:28.374+0500 [DEBUG] [org.gradle.cache.internal.DefaultFileLockManager] Releasing lock on daemon addresses registry.
2026-03-14T15:20:28.375+0500 [DEBUG] [org.gradle.cache.internal.DefaultFileLockManager] Waiting to acquire shared lock on daemon addresses registry.
2026-03-14T15:20:28.375+0500 [DEBUG] [org.gradle.cache.internal.DefaultFileLockManager] Lock acquired on daemon addresses registry.
2026-03-14T15:20:28.375+0500 [DEBUG] [org.gradle.cache.internal.DefaultFileLockManager] Releasing lock on daemon addresses registry.
2026-03-14T15:20:28.375+0500 [DEBUG] [org.gradle.cache.internal.DefaultFileLockManager] Waiting to acquire shared lock on daemon addresses registry.
2026-03-14T15:20:28.376+0500 [DEBUG] [org.gradle.cache.internal.DefaultFileLockManager] Lock acquired on daemon addresses registry.
2026-03-14T15:20:28.376+0500 [DEBUG] [org.gradle.cache.internal.DefaultFileLockManager] Releasing lock on daemon addresses registry.
2026-03-14T15:20:38.372+0500 [DEBUG] [org.gradle.cache.internal.DefaultFileLockManager] Waiting to acquire shared lock on daemon addresses registry.
2026-03-14T15:20:38.374+0500 [DEBUG] [org.gradle.cache.internal.DefaultFileLockManager] Lock acquired on daemon addresses registry.
2026-03-14T15:20:38.374+0500 [DEBUG] [org.gradle.cache.internal.DefaultFileLockManager] Releasing lock on daemon addresses registry.
2026-03-14T15:20:38.375+0500 [DEBUG] [org.gradle.cache.internal.DefaultFileLockManager] Waiting to acquire shared lock on daemon addresses registry.
2026-03-14T15:20:38.375+0500 [DEBUG] [org.gradle.cache.internal.DefaultFileLockManager] Lock acquired on daemon addresses registry.
2026-03-14T15:20:38.375+0500 [DEBUG] [org.gradle.cache.internal.DefaultFileLockManager] Releasing lock on daemon addresses registry.
2026-03-14T15:20:38.375+0500 [DEBUG] [org.gradle.cache.internal.DefaultFileLockManager] Waiting to acquire shared lock on daemon addresses registry.
2026-03-14T15:20:38.375+0500 [DEBUG] [org.gradle.cache.internal.DefaultFileLockManager] Lock acquired on daemon addresses registry.
2026-03-14T15:20:38.375+0500 [DEBUG] [org.gradle.cache.internal.DefaultFileLockManager] Releasing lock on daemon addresses registry.
2026-03-14T15:20:48.368+0500 [DEBUG] [org.gradle.cache.internal.DefaultFileLockManager] Waiting to acquire shared lock on daemon addresses registry.
2026-03-14T15:20:48.370+0500 [DEBUG] [org.gradle.cache.internal.DefaultFileLockManager] Lock acquired on daemon addresses registry.
2026-03-14T15:20:48.370+0500 [DEBUG] [org.gradle.cache.internal.DefaultFileLockManager] Releasing lock on daemon addresses registry.
2026-03-14T15:20:48.371+0500 [DEBUG] [org.gradle.cache.internal.DefaultFileLockManager] Waiting to acquire shared lock on daemon addresses registry.
2026-03-14T15:20:48.372+0500 [DEBUG] [org.gradle.cache.internal.DefaultFileLockManager] Lock acquired on daemon addresses registry.
2026-03-14T15:20:48.372+0500 [DEBUG] [org.gradle.cache.internal.DefaultFileLockManager] Releasing lock on daemon addresses registry.
2026-03-14T15:20:48.372+0500 [DEBUG] [org.gradle.cache.internal.DefaultFileLockManager] Waiting to acquire shared lock on daemon addresses registry.
2026-03-14T15:20:48.372+0500 [DEBUG] [org.gradle.cache.internal.DefaultFileLockManager] Lock acquired on daemon addresses registry.
2026-03-14T15:20:48.372+0500 [DEBUG] [org.gradle.cache.internal.DefaultFileLockManager] Releasing lock on daemon addresses registry.
2026-03-14T15:20:58.371+0500 [DEBUG] [org.gradle.cache.internal.DefaultFileLockManager] Waiting to acquire shared lock on daemon addresses registry.
2026-03-14T15:20:58.371+0500 [DEBUG] [org.gradle.cache.internal.DefaultFileLockManager] Lock acquired on daemon addresses registry.
2026-03-14T15:20:58.372+0500 [DEBUG] [org.gradle.cache.internal.DefaultFileLockManager] Releasing lock on daemon addresses registry.
2026-03-14T15:20:58.372+0500 [DEBUG] [org.gradle.cache.internal.DefaultFileLockManager] Waiting to acquire shared lock on daemon addresses registry.
2026-03-14T15:20:58.372+0500 [DEBUG] [org.gradle.cache.internal.DefaultFileLockManager] Lock acquired on daemon addresses registry.
2026-03-14T15:20:58.372+0500 [DEBUG] [org.gradle.cache.internal.DefaultFileLockManager] Releasing lock on daemon addresses registry.
2026-03-14T15:20:58.373+0500 [DEBUG] [org.gradle.cache.internal.DefaultFileLockManager] Waiting to acquire shared lock on daemon addresses registry.
2026-03-14T15:20:58.373+0500 [DEBUG] [org.gradle.cache.internal.DefaultFileLockManager] Lock acquired on daemon addresses registry.
2026-03-14T15:20:58.373+0500 [DEBUG] [org.gradle.cache.internal.DefaultFileLockManager] Releasing lock on daemon addresses registry.
2026-03-14T15:21:08.370+0500 [DEBUG] [org.gradle.cache.internal.DefaultFileLockManager] Waiting to acquire shared lock on daemon addresses registry.
2026-03-14T15:21:08.370+0500 [DEBUG] [org.gradle.cache.internal.DefaultFileLockManager] Lock acquired on daemon addresses registry.
2026-03-14T15:21:08.370+0500 [DEBUG] [org.gradle.cache.internal.DefaultFileLockManager] Releasing lock on daemon addresses registry.
2026-03-14T15:21:08.371+0500 [DEBUG] [org.gradle.cache.internal.DefaultFileLockManager] Waiting to acquire shared lock on daemon addresses registry.
2026-03-14T15:21:08.371+0500 [DEBUG] [org.gradle.cache.internal.DefaultFileLockManager] Lock acquired on daemon addresses registry.
2026-03-14T15:21:08.371+0500 [DEBUG] [org.gradle.cache.internal.DefaultFileLockManager] Releasing lock on daemon addresses registry.
2026-03-14T15:21:08.372+0500 [DEBUG] [org.gradle.cache.internal.DefaultFileLockManager] Waiting to acquire shared lock on daemon addresses registry.
2026-03-14T15:21:08.372+0500 [DEBUG] [org.gradle.cache.internal.DefaultFileLockManager] Lock acquired on daemon addresses registry.
2026-03-14T15:21:08.372+0500 [DEBUG] [org.gradle.cache.internal.DefaultFileLockManager] Releasing lock on daemon addresses registry.
2026-03-14T15:21:18.369+0500 [DEBUG] [org.gradle.cache.internal.DefaultFileLockManager] Waiting to acquire shared lock on daemon addresses registry.
2026-03-14T15:21:18.369+0500 [DEBUG] [org.gradle.cache.internal.DefaultFileLockManager] Lock acquired on daemon addresses registry.
2026-03-14T15:21:18.370+0500 [DEBUG] [org.gradle.cache.internal.DefaultFileLockManager] Releasing lock on daemon addresses registry.
2026-03-14T15:21:18.370+0500 [DEBUG] [org.gradle.cache.internal.DefaultFileLockManager] Waiting to acquire shared lock on daemon addresses registry.
2026-03-14T15:21:18.370+0500 [DEBUG] [org.gradle.cache.internal.DefaultFileLockManager] Lock acquired on daemon addresses registry.
2026-03-14T15:21:18.370+0500 [DEBUG] [org.gradle.cache.internal.DefaultFileLockManager] Releasing lock on daemon addresses registry.
2026-03-14T15:21:18.370+0500 [DEBUG] [org.gradle.cache.internal.DefaultFileLockManager] Waiting to acquire shared lock on daemon addresses registry.
2026-03-14T15:21:18.370+0500 [DEBUG] [org.gradle.cache.internal.DefaultFileLockManager] Lock acquired on daemon addresses registry.
2026-03-14T15:21:18.370+0500 [DEBUG] [org.gradle.cache.internal.DefaultFileLockManager] Releasing lock on daemon addresses registry.
2026-03-14T15:21:28.369+0500 [DEBUG] [org.gradle.cache.internal.DefaultFileLockManager] Waiting to acquire shared lock on daemon addresses registry.
2026-03-14T15:21:28.370+0500 [DEBUG] [org.gradle.cache.internal.DefaultFileLockManager] Lock acquired on daemon addresses registry.
2026-03-14T15:21:28.370+0500 [DEBUG] [org.gradle.cache.internal.DefaultFileLockManager] Releasing lock on daemon addresses registry.
2026-03-14T15:21:28.371+0500 [DEBUG] [org.gradle.cache.internal.DefaultFileLockManager] Waiting to acquire shared lock on daemon addresses registry.
2026-03-14T15:21:28.371+0500 [DEBUG] [org.gradle.cache.internal.DefaultFileLockManager] Lock acquired on daemon addresses registry.
2026-03-14T15:21:28.371+0500 [DEBUG] [org.gradle.cache.internal.DefaultFileLockManager] Releasing lock on daemon addresses registry.
2026-03-14T15:21:28.372+0500 [DEBUG] [org.gradle.cache.internal.DefaultFileLockManager] Waiting to acquire shared lock on daemon addresses registry.
2026-03-14T15:21:28.372+0500 [DEBUG] [org.gradle.cache.internal.DefaultFileLockManager] Lock acquired on daemon addresses registry.
2026-03-14T15:21:28.372+0500 [DEBUG] [org.gradle.cache.internal.DefaultFileLockManager] Releasing lock on daemon addresses registry.
2026-03-14T15:21:38.365+0500 [DEBUG] [org.gradle.cache.internal.DefaultFileLockManager] Waiting to acquire shared lock on daemon addresses registry.
2026-03-14T15:21:38.366+0500 [DEBUG] [org.gradle.cache.internal.DefaultFileLockManager] Lock acquired on daemon addresses registry.
2026-03-14T15:21:38.366+0500 [DEBUG] [org.gradle.cache.internal.DefaultFileLockManager] Releasing lock on daemon addresses registry.
2026-03-14T15:21:38.367+0500 [DEBUG] [org.gradle.cache.internal.DefaultFileLockManager] Waiting to acquire shared lock on daemon addresses registry.
2026-03-14T15:21:38.367+0500 [DEBUG] [org.gradle.cache.internal.DefaultFileLockManager] Lock acquired on daemon addresses registry.
2026-03-14T15:21:38.367+0500 [DEBUG] [org.gradle.cache.internal.DefaultFileLockManager] Releasing lock on daemon addresses registry.
2026-03-14T15:21:38.368+0500 [DEBUG] [org.gradle.cache.internal.DefaultFileLockManager] Waiting to acquire shared lock on daemon addresses registry.
2026-03-14T15:21:38.368+0500 [DEBUG] [org.gradle.cache.internal.DefaultFileLockManager] Lock acquired on daemon addresses registry.
2026-03-14T15:21:38.368+0500 [DEBUG] [org.gradle.cache.internal.DefaultFileLockManager] Releasing lock on daemon addresses registry.
2026-03-14T15:21:48.366+0500 [DEBUG] [org.gradle.cache.internal.DefaultFileLockManager] Waiting to acquire shared lock on daemon addresses registry.
2026-03-14T15:21:48.367+0500 [DEBUG] [org.gradle.cache.internal.DefaultFileLockManager] Lock acquired on daemon addresses registry.
2026-03-14T15:21:48.368+0500 [DEBUG] [org.gradle.cache.internal.DefaultFileLockManager] Releasing lock on daemon addresses registry.
2026-03-14T15:21:48.368+0500 [DEBUG] [org.gradle.cache.internal.DefaultFileLockManager] Waiting to acquire shared lock on daemon addresses registry.
2026-03-14T15:21:48.368+0500 [DEBUG] [org.gradle.cache.internal.DefaultFileLockManager] Lock acquired on daemon addresses registry.
2026-03-14T15:21:48.369+0500 [DEBUG] [org.gradle.cache.internal.DefaultFileLockManager] Releasing lock on daemon addresses registry.
2026-03-14T15:21:48.369+0500 [DEBUG] [org.gradle.cache.internal.DefaultFileLockManager] Waiting to acquire shared lock on daemon addresses registry.
2026-03-14T15:21:48.369+0500 [DEBUG] [org.gradle.cache.internal.DefaultFileLockManager] Lock acquired on daemon addresses registry.
2026-03-14T15:21:48.369+0500 [DEBUG] [org.gradle.cache.internal.DefaultFileLockManager] Releasing lock on daemon addresses registry.
2026-03-14T15:21:58.365+0500 [DEBUG] [org.gradle.cache.internal.DefaultFileLockManager] Waiting to acquire shared lock on daemon addresses registry.
2026-03-14T15:21:58.366+0500 [DEBUG] [org.gradle.cache.internal.DefaultFileLockManager] Lock acquired on daemon addresses registry.
2026-03-14T15:21:58.367+0500 [DEBUG] [org.gradle.cache.internal.DefaultFileLockManager] Releasing lock on daemon addresses registry.
2026-03-14T15:21:58.367+0500 [DEBUG] [org.gradle.cache.internal.DefaultFileLockManager] Waiting to acquire shared lock on daemon addresses registry.
2026-03-14T15:21:58.367+0500 [DEBUG] [org.gradle.cache.internal.DefaultFileLockManager] Lock acquired on daemon addresses registry.
2026-03-14T15:21:58.368+0500 [DEBUG] [org.gradle.cache.internal.DefaultFileLockManager] Releasing lock on daemon addresses registry.
2026-03-14T15:21:58.368+0500 [DEBUG] [org.gradle.cache.internal.DefaultFileLockManager] Waiting to acquire shared lock on daemon addresses registry.
2026-03-14T15:21:58.368+0500 [DEBUG] [org.gradle.cache.internal.DefaultFileLockManager] Lock acquired on daemon addresses registry.
2026-03-14T15:21:58.368+0500 [DEBUG] [org.gradle.cache.internal.DefaultFileLockManager] Releasing lock on daemon addresses registry.
2026-03-14T15:22:08.365+0500 [DEBUG] [org.gradle.cache.internal.DefaultFileLockManager] Waiting to acquire shared lock on daemon addresses registry.
2026-03-14T15:22:08.367+0500 [DEBUG] [org.gradle.cache.internal.DefaultFileLockManager] Lock acquired on daemon addresses registry.
2026-03-14T15:22:08.367+0500 [DEBUG] [org.gradle.cache.internal.DefaultFileLockManager] Releasing lock on daemon addresses registry.
2026-03-14T15:22:08.368+0500 [DEBUG] [org.gradle.cache.internal.DefaultFileLockManager] Waiting to acquire shared lock on daemon addresses registry.
2026-03-14T15:22:08.368+0500 [DEBUG] [org.gradle.cache.internal.DefaultFileLockManager] Lock acquired on daemon addresses registry.
2026-03-14T15:22:08.368+0500 [DEBUG] [org.gradle.cache.internal.DefaultFileLockManager] Releasing lock on daemon addresses registry.
2026-03-14T15:22:08.369+0500 [DEBUG] [org.gradle.cache.internal.DefaultFileLockManager] Waiting to acquire shared lock on daemon addresses registry.
2026-03-14T15:22:08.369+0500 [DEBUG] [org.gradle.cache.internal.DefaultFileLockManager] Lock acquired on daemon addresses registry.
2026-03-14T15:22:08.369+0500 [DEBUG] [org.gradle.cache.internal.DefaultFileLockManager] Releasing lock on daemon addresses registry.
2026-03-14T15:22:09.529+0500 [DEBUG] [sun.rmi.transport.tcp] RMI TCP Connection(29)-127.0.0.1: accepted socket from [127.0.0.1:56787]
2026-03-14T15:22:09.531+0500 [DEBUG] [sun.rmi.transport.tcp] RMI TCP Connection(29)-127.0.0.1: (port 54929) op = 80
2026-03-14T15:22:09.531+0500 [DEBUG] [sun.rmi.loader] RMI TCP Connection(29)-127.0.0.1: name = "[Ljava.rmi.server.ObjID;", codebase = "", defaultLoader = jdk.internal.loader.ClassLoaders$PlatformClassLoader@30e1411f
2026-03-14T15:22:09.532+0500 [DEBUG] [sun.rmi.loader] RMI TCP Connection(29)-127.0.0.1: name = "java.rmi.dgc.Lease", codebase = "", defaultLoader = jdk.internal.loader.ClassLoaders$PlatformClassLoader@30e1411f
2026-03-14T15:22:09.532+0500 [DEBUG] [sun.rmi.loader] RMI TCP Connection(29)-127.0.0.1: name = "java.rmi.dgc.VMID", codebase = "", defaultLoader = jdk.internal.loader.ClassLoaders$PlatformClassLoader@30e1411f
2026-03-14T15:22:09.532+0500 [DEBUG] [sun.rmi.loader] RMI TCP Connection(29)-127.0.0.1: name = "[B", codebase = "", defaultLoader = jdk.internal.loader.ClassLoaders$PlatformClassLoader@30e1411f
2026-03-14T15:22:09.532+0500 [DEBUG] [sun.rmi.loader] RMI TCP Connection(29)-127.0.0.1: name = "java.rmi.server.UID", codebase = "", defaultLoader = jdk.internal.loader.ClassLoaders$PlatformClassLoader@30e1411f
2026-03-14T15:22:18.367+0500 [DEBUG] [org.gradle.cache.internal.DefaultFileLockManager] Waiting to acquire shared lock on daemon addresses registry.
2026-03-14T15:22:18.369+0500 [DEBUG] [org.gradle.cache.internal.DefaultFileLockManager] Lock acquired on daemon addresses registry.
2026-03-14T15:22:18.369+0500 [DEBUG] [org.gradle.cache.internal.DefaultFileLockManager] Releasing lock on daemon addresses registry.
2026-03-14T15:22:18.370+0500 [DEBUG] [org.gradle.cache.internal.DefaultFileLockManager] Waiting to acquire shared lock on daemon addresses registry.
2026-03-14T15:22:18.370+0500 [DEBUG] [org.gradle.cache.internal.DefaultFileLockManager] Lock acquired on daemon addresses registry.
2026-03-14T15:22:18.370+0500 [DEBUG] [org.gradle.cache.internal.DefaultFileLockManager] Releasing lock on daemon addresses registry.
2026-03-14T15:22:18.371+0500 [DEBUG] [org.gradle.cache.internal.DefaultFileLockManager] Waiting to acquire shared lock on daemon addresses registry.
2026-03-14T15:22:18.371+0500 [DEBUG] [org.gradle.cache.internal.DefaultFileLockManager] Lock acquired on daemon addresses registry.
2026-03-14T15:22:18.371+0500 [DEBUG] [org.gradle.cache.internal.DefaultFileLockManager] Releasing lock on daemon addresses registry.
2026-03-14T15:22:24.544+0500 [DEBUG] [sun.rmi.transport.tcp] RMI TCP Connection(29)-127.0.0.1: (port 54929) connection closed
2026-03-14T15:22:24.545+0500 [DEBUG] [sun.rmi.transport.tcp] RMI TCP Connection(29)-127.0.0.1: close connection, socket: Socket[addr=/127.0.0.1,port=56787,localport=54929]
2026-03-14T15:22:24.546+0500 [DEBUG] [sun.rmi.transport.tcp] RMI TCP Connection(29)-127.0.0.1: socket close: Socket[addr=/127.0.0.1,port=56787,localport=54929]
2026-03-14T15:22:28.369+0500 [DEBUG] [org.gradle.cache.internal.DefaultFileLockManager] Waiting to acquire shared lock on daemon addresses registry.
2026-03-14T15:22:28.371+0500 [DEBUG] [org.gradle.cache.internal.DefaultFileLockManager] Lock acquired on daemon addresses registry.
2026-03-14T15:22:28.371+0500 [DEBUG] [org.gradle.cache.internal.DefaultFileLockManager] Releasing lock on daemon addresses registry.
2026-03-14T15:22:28.372+0500 [DEBUG] [org.gradle.cache.internal.DefaultFileLockManager] Waiting to acquire shared lock on daemon addresses registry.
2026-03-14T15:22:28.372+0500 [DEBUG] [org.gradle.cache.internal.DefaultFileLockManager] Lock acquired on daemon addresses registry.
2026-03-14T15:22:28.372+0500 [DEBUG] [org.gradle.cache.internal.DefaultFileLockManager] Releasing lock on daemon addresses registry.
2026-03-14T15:22:28.372+0500 [DEBUG] [org.gradle.cache.internal.DefaultFileLockManager] Waiting to acquire shared lock on daemon addresses registry.
2026-03-14T15:22:28.373+0500 [DEBUG] [org.gradle.cache.internal.DefaultFileLockManager] Lock acquired on daemon addresses registry.
2026-03-14T15:22:28.373+0500 [DEBUG] [org.gradle.cache.internal.DefaultFileLockManager] Releasing lock on daemon addresses registry.
2026-03-14T15:22:38.368+0500 [DEBUG] [org.gradle.cache.internal.DefaultFileLockManager] Waiting to acquire shared lock on daemon addresses registry.
2026-03-14T15:22:38.369+0500 [DEBUG] [org.gradle.cache.internal.DefaultFileLockManager] Lock acquired on daemon addresses registry.
2026-03-14T15:22:38.369+0500 [DEBUG] [org.gradle.cache.internal.DefaultFileLockManager] Releasing lock on daemon addresses registry.
2026-03-14T15:22:38.370+0500 [DEBUG] [org.gradle.cache.internal.DefaultFileLockManager] Waiting to acquire shared lock on daemon addresses registry.
2026-03-14T15:22:38.370+0500 [DEBUG] [org.gradle.cache.internal.DefaultFileLockManager] Lock acquired on daemon addresses registry.
2026-03-14T15:22:38.370+0500 [DEBUG] [org.gradle.cache.internal.DefaultFileLockManager] Releasing lock on daemon addresses registry.
2026-03-14T15:22:38.371+0500 [DEBUG] [org.gradle.cache.internal.DefaultFileLockManager] Waiting to acquire shared lock on daemon addresses registry.
2026-03-14T15:22:38.371+0500 [DEBUG] [org.gradle.cache.internal.DefaultFileLockManager] Lock acquired on daemon addresses registry.
2026-03-14T15:22:38.371+0500 [DEBUG] [org.gradle.cache.internal.DefaultFileLockManager] Releasing lock on daemon addresses registry.
2026-03-14T15:22:48.366+0500 [DEBUG] [org.gradle.cache.internal.DefaultFileLockManager] Waiting to acquire shared lock on daemon addresses registry.
2026-03-14T15:22:48.367+0500 [DEBUG] [org.gradle.cache.internal.DefaultFileLockManager] Lock acquired on daemon addresses registry.
2026-03-14T15:22:48.368+0500 [DEBUG] [org.gradle.cache.internal.DefaultFileLockManager] Releasing lock on daemon addresses registry.
2026-03-14T15:22:48.368+0500 [DEBUG] [org.gradle.cache.internal.DefaultFileLockManager] Waiting to acquire shared lock on daemon addresses registry.
2026-03-14T15:22:48.368+0500 [DEBUG] [org.gradle.cache.internal.DefaultFileLockManager] Lock acquired on daemon addresses registry.
2026-03-14T15:22:48.368+0500 [DEBUG] [org.gradle.cache.internal.DefaultFileLockManager] Releasing lock on daemon addresses registry.
2026-03-14T15:22:48.369+0500 [DEBUG] [org.gradle.cache.internal.DefaultFileLockManager] Waiting to acquire shared lock on daemon addresses registry.
2026-03-14T15:22:48.369+0500 [DEBUG] [org.gradle.cache.internal.DefaultFileLockManager] Lock acquired on daemon addresses registry.
2026-03-14T15:22:48.369+0500 [DEBUG] [org.gradle.cache.internal.DefaultFileLockManager] Releasing lock on daemon addresses registry.
2026-03-14T15:22:58.365+0500 [DEBUG] [org.gradle.cache.internal.DefaultFileLockManager] Waiting to acquire shared lock on daemon addresses registry.
2026-03-14T15:22:58.367+0500 [DEBUG] [org.gradle.cache.internal.DefaultFileLockManager] Lock acquired on daemon addresses registry.
2026-03-14T15:22:58.367+0500 [DEBUG] [org.gradle.cache.internal.DefaultFileLockManager] Releasing lock on daemon addresses registry.
2026-03-14T15:22:58.368+0500 [DEBUG] [org.gradle.cache.internal.DefaultFileLockManager] Waiting to acquire shared lock on daemon addresses registry.
2026-03-14T15:22:58.368+0500 [DEBUG] [org.gradle.cache.internal.DefaultFileLockManager] Lock acquired on daemon addresses registry.
2026-03-14T15:22:58.368+0500 [DEBUG] [org.gradle.cache.internal.DefaultFileLockManager] Releasing lock on daemon addresses registry.
2026-03-14T15:22:58.368+0500 [DEBUG] [org.gradle.cache.internal.DefaultFileLockManager] Waiting to acquire shared lock on daemon addresses registry.
2026-03-14T15:22:58.368+0500 [DEBUG] [org.gradle.cache.internal.DefaultFileLockManager] Lock acquired on daemon addresses registry.
2026-03-14T15:22:58.368+0500 [DEBUG] [org.gradle.cache.internal.DefaultFileLockManager] Releasing lock on daemon addresses registry.
2026-03-14T15:23:08.365+0500 [DEBUG] [org.gradle.cache.internal.DefaultFileLockManager] Waiting to acquire shared lock on daemon addresses registry.
2026-03-14T15:23:08.366+0500 [DEBUG] [org.gradle.cache.internal.DefaultFileLockManager] Lock acquired on daemon addresses registry.
2026-03-14T15:23:08.366+0500 [DEBUG] [org.gradle.cache.internal.DefaultFileLockManager] Releasing lock on daemon addresses registry.
2026-03-14T15:23:08.367+0500 [DEBUG] [org.gradle.cache.internal.DefaultFileLockManager] Waiting to acquire shared lock on daemon addresses registry.
2026-03-14T15:23:08.367+0500 [DEBUG] [org.gradle.cache.internal.DefaultFileLockManager] Lock acquired on daemon addresses registry.
2026-03-14T15:23:08.367+0500 [DEBUG] [org.gradle.cache.internal.DefaultFileLockManager] Releasing lock on daemon addresses registry.
2026-03-14T15:23:08.368+0500 [DEBUG] [org.gradle.cache.internal.DefaultFileLockManager] Waiting to acquire shared lock on daemon addresses registry.
2026-03-14T15:23:08.368+0500 [DEBUG] [org.gradle.cache.internal.DefaultFileLockManager] Lock acquired on daemon addresses registry.
2026-03-14T15:23:08.368+0500 [DEBUG] [org.gradle.cache.internal.DefaultFileLockManager] Releasing lock on daemon addresses registry.
2026-03-14T15:23:18.363+0500 [DEBUG] [org.gradle.cache.internal.DefaultFileLockManager] Waiting to acquire shared lock on daemon addresses registry.
2026-03-14T15:23:18.365+0500 [DEBUG] [org.gradle.cache.internal.DefaultFileLockManager] Lock acquired on daemon addresses registry.
2026-03-14T15:23:18.365+0500 [DEBUG] [org.gradle.cache.internal.DefaultFileLockManager] Releasing lock on daemon addresses registry.
2026-03-14T15:23:18.366+0500 [DEBUG] [org.gradle.cache.internal.DefaultFileLockManager] Waiting to acquire shared lock on daemon addresses registry.
2026-03-14T15:23:18.366+0500 [DEBUG] [org.gradle.cache.internal.DefaultFileLockManager] Lock acquired on daemon addresses registry.
2026-03-14T15:23:18.366+0500 [DEBUG] [org.gradle.cache.internal.DefaultFileLockManager] Releasing lock on daemon addresses registry.
2026-03-14T15:23:18.366+0500 [DEBUG] [org.gradle.cache.internal.DefaultFileLockManager] Waiting to acquire shared lock on daemon addresses registry.
2026-03-14T15:23:18.366+0500 [DEBUG] [org.gradle.cache.internal.DefaultFileLockManager] Lock acquired on daemon addresses registry.
2026-03-14T15:23:18.367+0500 [DEBUG] [org.gradle.cache.internal.DefaultFileLockManager] Releasing lock on daemon addresses registry.
2026-03-14T15:23:28.365+0500 [DEBUG] [org.gradle.cache.internal.DefaultFileLockManager] Waiting to acquire shared lock on daemon addresses registry.
2026-03-14T15:23:28.365+0500 [DEBUG] [org.gradle.cache.internal.DefaultFileLockManager] Lock acquired on daemon addresses registry.
2026-03-14T15:23:28.365+0500 [DEBUG] [org.gradle.cache.internal.DefaultFileLockManager] Releasing lock on daemon addresses registry.
2026-03-14T15:23:28.366+0500 [DEBUG] [org.gradle.cache.internal.DefaultFileLockManager] Waiting to acquire shared lock on daemon addresses registry.
2026-03-14T15:23:28.366+0500 [DEBUG] [org.gradle.cache.internal.DefaultFileLockManager] Lock acquired on daemon addresses registry.
2026-03-14T15:23:28.366+0500 [DEBUG] [org.gradle.cache.internal.DefaultFileLockManager] Releasing lock on daemon addresses registry.
2026-03-14T15:23:28.366+0500 [DEBUG] [org.gradle.cache.internal.DefaultFileLockManager] Waiting to acquire shared lock on daemon addresses registry.
2026-03-14T15:23:28.366+0500 [DEBUG] [org.gradle.cache.internal.DefaultFileLockManager] Lock acquired on daemon addresses registry.
2026-03-14T15:23:28.366+0500 [DEBUG] [org.gradle.cache.internal.DefaultFileLockManager] Releasing lock on daemon addresses registry.
2026-03-14T15:23:38.367+0500 [DEBUG] [org.gradle.cache.internal.DefaultFileLockManager] Waiting to acquire shared lock on daemon addresses registry.
2026-03-14T15:23:38.367+0500 [DEBUG] [org.gradle.cache.internal.DefaultFileLockManager] Lock acquired on daemon addresses registry.
2026-03-14T15:23:38.368+0500 [DEBUG] [org.gradle.cache.internal.DefaultFileLockManager] Releasing lock on daemon addresses registry.
2026-03-14T15:23:38.368+0500 [DEBUG] [org.gradle.cache.internal.DefaultFileLockManager] Waiting to acquire shared lock on daemon addresses registry.
2026-03-14T15:23:38.369+0500 [DEBUG] [org.gradle.cache.internal.DefaultFileLockManager] Lock acquired on daemon addresses registry.
2026-03-14T15:23:38.369+0500 [DEBUG] [org.gradle.cache.internal.DefaultFileLockManager] Releasing lock on daemon addresses registry.
2026-03-14T15:23:38.369+0500 [DEBUG] [org.gradle.cache.internal.DefaultFileLockManager] Waiting to acquire shared lock on daemon addresses registry.
2026-03-14T15:23:38.369+0500 [DEBUG] [org.gradle.cache.internal.DefaultFileLockManager] Lock acquired on daemon addresses registry.
2026-03-14T15:23:38.369+0500 [DEBUG] [org.gradle.cache.internal.DefaultFileLockManager] Releasing lock on daemon addresses registry.
2026-03-14T15:23:48.365+0500 [DEBUG] [org.gradle.cache.internal.DefaultFileLockManager] Waiting to acquire shared lock on daemon addresses registry.
2026-03-14T15:23:48.367+0500 [DEBUG] [org.gradle.cache.internal.DefaultFileLockManager] Lock acquired on daemon addresses registry.
2026-03-14T15:23:48.367+0500 [DEBUG] [org.gradle.cache.internal.DefaultFileLockManager] Releasing lock on daemon addresses registry.
2026-03-14T15:23:48.368+0500 [DEBUG] [org.gradle.cache.internal.DefaultFileLockManager] Waiting to acquire shared lock on daemon addresses registry.
2026-03-14T15:23:48.368+0500 [DEBUG] [org.gradle.cache.internal.DefaultFileLockManager] Lock acquired on daemon addresses registry.
2026-03-14T15:23:48.368+0500 [DEBUG] [org.gradle.cache.internal.DefaultFileLockManager] Releasing lock on daemon addresses registry.
2026-03-14T15:23:48.369+0500 [DEBUG] [org.gradle.cache.internal.DefaultFileLockManager] Waiting to acquire shared lock on daemon addresses registry.
2026-03-14T15:23:48.369+0500 [DEBUG] [org.gradle.cache.internal.DefaultFileLockManager] Lock acquired on daemon addresses registry.
2026-03-14T15:23:48.369+0500 [DEBUG] [org.gradle.cache.internal.DefaultFileLockManager] Releasing lock on daemon addresses registry.
2026-03-14T15:23:58.363+0500 [DEBUG] [org.gradle.cache.internal.DefaultFileLockManager] Waiting to acquire shared lock on daemon addresses registry.
2026-03-14T15:23:58.364+0500 [DEBUG] [org.gradle.cache.internal.DefaultFileLockManager] Lock acquired on daemon addresses registry.
2026-03-14T15:23:58.364+0500 [DEBUG] [org.gradle.cache.internal.DefaultFileLockManager] Releasing lock on daemon addresses registry.
2026-03-14T15:23:58.365+0500 [DEBUG] [org.gradle.cache.internal.DefaultFileLockManager] Waiting to acquire shared lock on daemon addresses registry.
2026-03-14T15:23:58.365+0500 [DEBUG] [org.gradle.cache.internal.DefaultFileLockManager] Lock acquired on daemon addresses registry.
2026-03-14T15:23:58.365+0500 [DEBUG] [org.gradle.cache.internal.DefaultFileLockManager] Releasing lock on daemon addresses registry.
2026-03-14T15:23:58.366+0500 [DEBUG] [org.gradle.cache.internal.DefaultFileLockManager] Waiting to acquire shared lock on daemon addresses registry.
2026-03-14T15:23:58.366+0500 [DEBUG] [org.gradle.cache.internal.DefaultFileLockManager] Lock acquired on daemon addresses registry.
2026-03-14T15:23:58.366+0500 [DEBUG] [org.gradle.cache.internal.DefaultFileLockManager] Releasing lock on daemon addresses registry.
2026-03-14T15:24:08.364+0500 [DEBUG] [org.gradle.cache.internal.DefaultFileLockManager] Waiting to acquire shared lock on daemon addresses registry.
2026-03-14T15:24:08.364+0500 [DEBUG] [org.gradle.cache.internal.DefaultFileLockManager] Lock acquired on daemon addresses registry.
2026-03-14T15:24:08.364+0500 [DEBUG] [org.gradle.cache.internal.DefaultFileLockManager] Releasing lock on daemon addresses registry.
2026-03-14T15:24:08.365+0500 [DEBUG] [org.gradle.cache.internal.DefaultFileLockManager] Waiting to acquire shared lock on daemon addresses registry.
2026-03-14T15:24:08.365+0500 [DEBUG] [org.gradle.cache.internal.DefaultFileLockManager] Lock acquired on daemon addresses registry.
2026-03-14T15:24:08.365+0500 [DEBUG] [org.gradle.cache.internal.DefaultFileLockManager] Releasing lock on daemon addresses registry.
2026-03-14T15:24:08.366+0500 [DEBUG] [org.gradle.cache.internal.DefaultFileLockManager] Waiting to acquire shared lock on daemon addresses registry.
2026-03-14T15:24:08.366+0500 [DEBUG] [org.gradle.cache.internal.DefaultFileLockManager] Lock acquired on daemon addresses registry.
2026-03-14T15:24:08.366+0500 [DEBUG] [org.gradle.cache.internal.DefaultFileLockManager] Releasing lock on daemon addresses registry.
2026-03-14T15:24:18.365+0500 [DEBUG] [org.gradle.cache.internal.DefaultFileLockManager] Waiting to acquire shared lock on daemon addresses registry.
2026-03-14T15:24:18.365+0500 [DEBUG] [org.gradle.cache.internal.DefaultFileLockManager] Lock acquired on daemon addresses registry.
2026-03-14T15:24:18.366+0500 [DEBUG] [org.gradle.cache.internal.DefaultFileLockManager] Releasing lock on daemon addresses registry.
2026-03-14T15:24:18.366+0500 [DEBUG] [org.gradle.cache.internal.DefaultFileLockManager] Waiting to acquire shared lock on daemon addresses registry.
2026-03-14T15:24:18.367+0500 [DEBUG] [org.gradle.cache.internal.DefaultFileLockManager] Lock acquired on daemon addresses registry.
2026-03-14T15:24:18.367+0500 [DEBUG] [org.gradle.cache.internal.DefaultFileLockManager] Releasing lock on daemon addresses registry.
2026-03-14T15:24:18.367+0500 [DEBUG] [org.gradle.cache.internal.DefaultFileLockManager] Waiting to acquire shared lock on daemon addresses registry.
2026-03-14T15:24:18.367+0500 [DEBUG] [org.gradle.cache.internal.DefaultFileLockManager] Lock acquired on daemon addresses registry.
2026-03-14T15:24:18.367+0500 [DEBUG] [org.gradle.cache.internal.DefaultFileLockManager] Releasing lock on daemon addresses registry.
2026-03-14T15:24:28.363+0500 [DEBUG] [org.gradle.cache.internal.DefaultFileLockManager] Waiting to acquire shared lock on daemon addresses registry.
2026-03-14T15:24:28.364+0500 [DEBUG] [org.gradle.cache.internal.DefaultFileLockManager] Lock acquired on daemon addresses registry.
2026-03-14T15:24:28.364+0500 [DEBUG] [org.gradle.cache.internal.DefaultFileLockManager] Releasing lock on daemon addresses registry.
2026-03-14T15:24:28.365+0500 [DEBUG] [org.gradle.cache.internal.DefaultFileLockManager] Waiting to acquire shared lock on daemon addresses registry.
2026-03-14T15:24:28.365+0500 [DEBUG] [org.gradle.cache.internal.DefaultFileLockManager] Lock acquired on daemon addresses registry.
2026-03-14T15:24:28.365+0500 [DEBUG] [org.gradle.cache.internal.DefaultFileLockManager] Releasing lock on daemon addresses registry.
2026-03-14T15:24:28.365+0500 [DEBUG] [org.gradle.cache.internal.DefaultFileLockManager] Waiting to acquire shared lock on daemon addresses registry.
2026-03-14T15:24:28.365+0500 [DEBUG] [org.gradle.cache.internal.DefaultFileLockManager] Lock acquired on daemon addresses registry.
2026-03-14T15:24:28.365+0500 [DEBUG] [org.gradle.cache.internal.DefaultFileLockManager] Releasing lock on daemon addresses registry.
2026-03-14T15:24:38.364+0500 [DEBUG] [org.gradle.cache.internal.DefaultFileLockManager] Waiting to acquire shared lock on daemon addresses registry.
2026-03-14T15:24:38.365+0500 [DEBUG] [org.gradle.cache.internal.DefaultFileLockManager] Lock acquired on daemon addresses registry.
2026-03-14T15:24:38.365+0500 [DEBUG] [org.gradle.cache.internal.DefaultFileLockManager] Releasing lock on daemon addresses registry.
2026-03-14T15:24:38.366+0500 [DEBUG] [org.gradle.cache.internal.DefaultFileLockManager] Waiting to acquire shared lock on daemon addresses registry.
2026-03-14T15:24:38.366+0500 [DEBUG] [org.gradle.cache.internal.DefaultFileLockManager] Lock acquired on daemon addresses registry.
2026-03-14T15:24:38.366+0500 [DEBUG] [org.gradle.cache.internal.DefaultFileLockManager] Releasing lock on daemon addresses registry.
2026-03-14T15:24:38.366+0500 [DEBUG] [org.gradle.cache.internal.DefaultFileLockManager] Waiting to acquire shared lock on daemon addresses registry.
2026-03-14T15:24:38.366+0500 [DEBUG] [org.gradle.cache.internal.DefaultFileLockManager] Lock acquired on daemon addresses registry.
2026-03-14T15:24:38.367+0500 [DEBUG] [org.gradle.cache.internal.DefaultFileLockManager] Releasing lock on daemon addresses registry.
2026-03-14T15:24:48.364+0500 [DEBUG] [org.gradle.cache.internal.DefaultFileLockManager] Waiting to acquire shared lock on daemon addresses registry.
2026-03-14T15:24:48.364+0500 [DEBUG] [org.gradle.cache.internal.DefaultFileLockManager] Lock acquired on daemon addresses registry.
2026-03-14T15:24:48.364+0500 [DEBUG] [org.gradle.cache.internal.DefaultFileLockManager] Releasing lock on daemon addresses registry.
2026-03-14T15:24:48.365+0500 [DEBUG] [org.gradle.cache.internal.DefaultFileLockManager] Waiting to acquire shared lock on daemon addresses registry.
2026-03-14T15:24:48.365+0500 [DEBUG] [org.gradle.cache.internal.DefaultFileLockManager] Lock acquired on daemon addresses registry.
2026-03-14T15:24:48.365+0500 [DEBUG] [org.gradle.cache.internal.DefaultFileLockManager] Releasing lock on daemon addresses registry.
2026-03-14T15:24:48.366+0500 [DEBUG] [org.gradle.cache.internal.DefaultFileLockManager] Waiting to acquire shared lock on daemon addresses registry.
2026-03-14T15:24:48.366+0500 [DEBUG] [org.gradle.cache.internal.DefaultFileLockManager] Lock acquired on daemon addresses registry.
2026-03-14T15:24:48.366+0500 [DEBUG] [org.gradle.cache.internal.DefaultFileLockManager] Releasing lock on daemon addresses registry.
2026-03-14T15:24:58.364+0500 [DEBUG] [org.gradle.cache.internal.DefaultFileLockManager] Waiting to acquire shared lock on daemon addresses registry.
2026-03-14T15:24:58.364+0500 [DEBUG] [org.gradle.cache.internal.DefaultFileLockManager] Lock acquired on daemon addresses registry.
2026-03-14T15:24:58.365+0500 [DEBUG] [org.gradle.cache.internal.DefaultFileLockManager] Releasing lock on daemon addresses registry.
2026-03-14T15:24:58.365+0500 [DEBUG] [org.gradle.cache.internal.DefaultFileLockManager] Waiting to acquire shared lock on daemon addresses registry.
2026-03-14T15:24:58.365+0500 [DEBUG] [org.gradle.cache.internal.DefaultFileLockManager] Lock acquired on daemon addresses registry.
2026-03-14T15:24:58.365+0500 [DEBUG] [org.gradle.cache.internal.DefaultFileLockManager] Releasing lock on daemon addresses registry.
2026-03-14T15:24:58.365+0500 [DEBUG] [org.gradle.cache.internal.DefaultFileLockManager] Waiting to acquire shared lock on daemon addresses registry.
2026-03-14T15:24:58.365+0500 [DEBUG] [org.gradle.cache.internal.DefaultFileLockManager] Lock acquired on daemon addresses registry.
2026-03-14T15:24:58.366+0500 [DEBUG] [org.gradle.cache.internal.DefaultFileLockManager] Releasing lock on daemon addresses registry.
2026-03-14T15:25:08.366+0500 [DEBUG] [org.gradle.cache.internal.DefaultFileLockManager] Waiting to acquire shared lock on daemon addresses registry.
2026-03-14T15:25:08.367+0500 [DEBUG] [org.gradle.cache.internal.DefaultFileLockManager] Lock acquired on daemon addresses registry.
2026-03-14T15:25:08.367+0500 [DEBUG] [org.gradle.cache.internal.DefaultFileLockManager] Releasing lock on daemon addresses registry.
2026-03-14T15:25:08.368+0500 [DEBUG] [org.gradle.cache.internal.DefaultFileLockManager] Waiting to acquire shared lock on daemon addresses registry.
2026-03-14T15:25:08.368+0500 [DEBUG] [org.gradle.cache.internal.DefaultFileLockManager] Lock acquired on daemon addresses registry.
2026-03-14T15:25:08.368+0500 [DEBUG] [org.gradle.cache.internal.DefaultFileLockManager] Releasing lock on daemon addresses registry.
2026-03-14T15:25:08.369+0500 [DEBUG] [org.gradle.cache.internal.DefaultFileLockManager] Waiting to acquire shared lock on daemon addresses registry.
2026-03-14T15:25:08.369+0500 [DEBUG] [org.gradle.cache.internal.DefaultFileLockManager] Lock acquired on daemon addresses registry.
2026-03-14T15:25:08.369+0500 [DEBUG] [org.gradle.cache.internal.DefaultFileLockManager] Releasing lock on daemon addresses registry.
2026-03-14T15:25:18.366+0500 [DEBUG] [org.gradle.cache.internal.DefaultFileLockManager] Waiting to acquire shared lock on daemon addresses registry.
2026-03-14T15:25:18.367+0500 [DEBUG] [org.gradle.cache.internal.DefaultFileLockManager] Lock acquired on daemon addresses registry.
2026-03-14T15:25:18.367+0500 [DEBUG] [org.gradle.cache.internal.DefaultFileLockManager] Releasing lock on daemon addresses registry.
2026-03-14T15:25:18.368+0500 [DEBUG] [org.gradle.cache.internal.DefaultFileLockManager] Waiting to acquire shared lock on daemon addresses registry.
2026-03-14T15:25:18.368+0500 [DEBUG] [org.gradle.cache.internal.DefaultFileLockManager] Lock acquired on daemon addresses registry.
2026-03-14T15:25:18.368+0500 [DEBUG] [org.gradle.cache.internal.DefaultFileLockManager] Releasing lock on daemon addresses registry.
2026-03-14T15:25:18.368+0500 [DEBUG] [org.gradle.cache.internal.DefaultFileLockManager] Waiting to acquire shared lock on daemon addresses registry.
2026-03-14T15:25:18.368+0500 [DEBUG] [org.gradle.cache.internal.DefaultFileLockManager] Lock acquired on daemon addresses registry.
2026-03-14T15:25:18.369+0500 [DEBUG] [org.gradle.cache.internal.DefaultFileLockManager] Releasing lock on daemon addresses registry.
2026-03-14T15:25:28.361+0500 [DEBUG] [org.gradle.cache.internal.DefaultFileLockManager] Waiting to acquire shared lock on daemon addresses registry.
2026-03-14T15:25:28.361+0500 [DEBUG] [org.gradle.cache.internal.DefaultFileLockManager] Lock acquired on daemon addresses registry.
2026-03-14T15:25:28.361+0500 [DEBUG] [org.gradle.cache.internal.DefaultFileLockManager] Releasing lock on daemon addresses registry.
2026-03-14T15:25:28.362+0500 [DEBUG] [org.gradle.cache.internal.DefaultFileLockManager] Waiting to acquire shared lock on daemon addresses registry.
2026-03-14T15:25:28.362+0500 [DEBUG] [org.gradle.cache.internal.DefaultFileLockManager] Lock acquired on daemon addresses registry.
2026-03-14T15:25:28.362+0500 [DEBUG] [org.gradle.cache.internal.DefaultFileLockManager] Releasing lock on daemon addresses registry.
2026-03-14T15:25:28.362+0500 [DEBUG] [org.gradle.cache.internal.DefaultFileLockManager] Waiting to acquire shared lock on daemon addresses registry.
2026-03-14T15:25:28.362+0500 [DEBUG] [org.gradle.cache.internal.DefaultFileLockManager] Lock acquired on daemon addresses registry.
2026-03-14T15:25:28.362+0500 [DEBUG] [org.gradle.cache.internal.DefaultFileLockManager] Releasing lock on daemon addresses registry.
2026-03-14T15:25:38.364+0500 [DEBUG] [org.gradle.cache.internal.DefaultFileLockManager] Waiting to acquire shared lock on daemon addresses registry.
2026-03-14T15:25:38.365+0500 [DEBUG] [org.gradle.cache.internal.DefaultFileLockManager] Lock acquired on daemon addresses registry.
2026-03-14T15:25:38.366+0500 [DEBUG] [org.gradle.cache.internal.DefaultFileLockManager] Releasing lock on daemon addresses registry.
2026-03-14T15:25:38.366+0500 [DEBUG] [org.gradle.cache.internal.DefaultFileLockManager] Waiting to acquire shared lock on daemon addresses registry.
2026-03-14T15:25:38.366+0500 [DEBUG] [org.gradle.cache.internal.DefaultFileLockManager] Lock acquired on daemon addresses registry.
2026-03-14T15:25:38.366+0500 [DEBUG] [org.gradle.cache.internal.DefaultFileLockManager] Releasing lock on daemon addresses registry.
2026-03-14T15:25:38.367+0500 [DEBUG] [org.gradle.cache.internal.DefaultFileLockManager] Waiting to acquire shared lock on daemon addresses registry.
2026-03-14T15:25:38.367+0500 [DEBUG] [org.gradle.cache.internal.DefaultFileLockManager] Lock acquired on daemon addresses registry.
2026-03-14T15:25:38.367+0500 [DEBUG] [org.gradle.cache.internal.DefaultFileLockManager] Releasing lock on daemon addresses registry.
2026-03-14T15:25:48.365+0500 [DEBUG] [org.gradle.cache.internal.DefaultFileLockManager] Waiting to acquire shared lock on daemon addresses registry.
2026-03-14T15:25:48.367+0500 [DEBUG] [org.gradle.cache.internal.DefaultFileLockManager] Lock acquired on daemon addresses registry.
2026-03-14T15:25:48.368+0500 [DEBUG] [org.gradle.cache.internal.DefaultFileLockManager] Releasing lock on daemon addresses registry.
2026-03-14T15:25:48.368+0500 [DEBUG] [org.gradle.cache.internal.DefaultFileLockManager] Waiting to acquire shared lock on daemon addresses registry.
2026-03-14T15:25:48.368+0500 [DEBUG] [org.gradle.cache.internal.DefaultFileLockManager] Lock acquired on daemon addresses registry.
2026-03-14T15:25:48.369+0500 [DEBUG] [org.gradle.cache.internal.DefaultFileLockManager] Releasing lock on daemon addresses registry.
2026-03-14T15:25:48.369+0500 [DEBUG] [org.gradle.cache.internal.DefaultFileLockManager] Waiting to acquire shared lock on daemon addresses registry.
2026-03-14T15:25:48.369+0500 [DEBUG] [org.gradle.cache.internal.DefaultFileLockManager] Lock acquired on daemon addresses registry.
2026-03-14T15:25:48.369+0500 [DEBUG] [org.gradle.cache.internal.DefaultFileLockManager] Releasing lock on daemon addresses registry.
2026-03-14T15:25:58.362+0500 [DEBUG] [org.gradle.cache.internal.DefaultFileLockManager] Waiting to acquire shared lock on daemon addresses registry.
2026-03-14T15:25:58.363+0500 [DEBUG] [org.gradle.cache.internal.DefaultFileLockManager] Lock acquired on daemon addresses registry.
2026-03-14T15:25:58.363+0500 [DEBUG] [org.gradle.cache.internal.DefaultFileLockManager] Releasing lock on daemon addresses registry.
2026-03-14T15:25:58.364+0500 [DEBUG] [org.gradle.cache.internal.DefaultFileLockManager] Waiting to acquire shared lock on daemon addresses registry.
2026-03-14T15:25:58.364+0500 [DEBUG] [org.gradle.cache.internal.DefaultFileLockManager] Lock acquired on daemon addresses registry.
2026-03-14T15:25:58.364+0500 [DEBUG] [org.gradle.cache.internal.DefaultFileLockManager] Releasing lock on daemon addresses registry.
2026-03-14T15:25:58.365+0500 [DEBUG] [org.gradle.cache.internal.DefaultFileLockManager] Waiting to acquire shared lock on daemon addresses registry.
2026-03-14T15:25:58.365+0500 [DEBUG] [org.gradle.cache.internal.DefaultFileLockManager] Lock acquired on daemon addresses registry.
2026-03-14T15:25:58.365+0500 [DEBUG] [org.gradle.cache.internal.DefaultFileLockManager] Releasing lock on daemon addresses registry.
2026-03-14T15:26:08.369+0500 [DEBUG] [org.gradle.cache.internal.DefaultFileLockManager] Waiting to acquire shared lock on daemon addresses registry.
2026-03-14T15:26:08.369+0500 [DEBUG] [org.gradle.cache.internal.DefaultFileLockManager] Lock acquired on daemon addresses registry.
2026-03-14T15:26:08.370+0500 [DEBUG] [org.gradle.cache.internal.DefaultFileLockManager] Releasing lock on daemon addresses registry.
2026-03-14T15:26:08.370+0500 [DEBUG] [org.gradle.cache.internal.DefaultFileLockManager] Waiting to acquire shared lock on daemon addresses registry.
2026-03-14T15:26:08.370+0500 [DEBUG] [org.gradle.cache.internal.DefaultFileLockManager] Lock acquired on daemon addresses registry.
2026-03-14T15:26:08.371+0500 [DEBUG] [org.gradle.cache.internal.DefaultFileLockManager] Releasing lock on daemon addresses registry.
2026-03-14T15:26:08.371+0500 [DEBUG] [org.gradle.cache.internal.DefaultFileLockManager] Waiting to acquire shared lock on daemon addresses registry.
2026-03-14T15:26:08.371+0500 [DEBUG] [org.gradle.cache.internal.DefaultFileLockManager] Lock acquired on daemon addresses registry.
2026-03-14T15:26:08.371+0500 [DEBUG] [org.gradle.cache.internal.DefaultFileLockManager] Releasing lock on daemon addresses registry.
2026-03-14T15:26:18.363+0500 [DEBUG] [org.gradle.cache.internal.DefaultFileLockManager] Waiting to acquire shared lock on daemon addresses registry.
2026-03-14T15:26:18.365+0500 [DEBUG] [org.gradle.cache.internal.DefaultFileLockManager] Lock acquired on daemon addresses registry.
2026-03-14T15:26:18.365+0500 [DEBUG] [org.gradle.cache.internal.DefaultFileLockManager] Releasing lock on daemon addresses registry.
2026-03-14T15:26:18.366+0500 [DEBUG] [org.gradle.cache.internal.DefaultFileLockManager] Waiting to acquire shared lock on daemon addresses registry.
2026-03-14T15:26:18.366+0500 [DEBUG] [org.gradle.cache.internal.DefaultFileLockManager] Lock acquired on daemon addresses registry.
2026-03-14T15:26:18.366+0500 [DEBUG] [org.gradle.cache.internal.DefaultFileLockManager] Releasing lock on daemon addresses registry.
2026-03-14T15:26:18.366+0500 [DEBUG] [org.gradle.cache.internal.DefaultFileLockManager] Waiting to acquire shared lock on daemon addresses registry.
2026-03-14T15:26:18.366+0500 [DEBUG] [org.gradle.cache.internal.DefaultFileLockManager] Lock acquired on daemon addresses registry.
2026-03-14T15:26:18.367+0500 [DEBUG] [org.gradle.cache.internal.DefaultFileLockManager] Releasing lock on daemon addresses registry.
2026-03-14T15:26:28.367+0500 [DEBUG] [org.gradle.cache.internal.DefaultFileLockManager] Waiting to acquire shared lock on daemon addresses registry.
2026-03-14T15:26:28.367+0500 [DEBUG] [org.gradle.cache.internal.DefaultFileLockManager] Lock acquired on daemon addresses registry.
2026-03-14T15:26:28.367+0500 [DEBUG] [org.gradle.cache.internal.DefaultFileLockManager] Releasing lock on daemon addresses registry.
2026-03-14T15:26:28.368+0500 [DEBUG] [org.gradle.cache.internal.DefaultFileLockManager] Waiting to acquire shared lock on daemon addresses registry.
2026-03-14T15:26:28.368+0500 [DEBUG] [org.gradle.cache.internal.DefaultFileLockManager] Lock acquired on daemon addresses registry.
2026-03-14T15:26:28.368+0500 [DEBUG] [org.gradle.cache.internal.DefaultFileLockManager] Releasing lock on daemon addresses registry.
2026-03-14T15:26:28.369+0500 [DEBUG] [org.gradle.cache.internal.DefaultFileLockManager] Waiting to acquire shared lock on daemon addresses registry.
2026-03-14T15:26:28.369+0500 [DEBUG] [org.gradle.cache.internal.DefaultFileLockManager] Lock acquired on daemon addresses registry.
2026-03-14T15:26:28.369+0500 [DEBUG] [org.gradle.cache.internal.DefaultFileLockManager] Releasing lock on daemon addresses registry.
2026-03-14T15:26:38.366+0500 [DEBUG] [org.gradle.cache.internal.DefaultFileLockManager] Waiting to acquire shared lock on daemon addresses registry.
2026-03-14T15:26:38.367+0500 [DEBUG] [org.gradle.cache.internal.DefaultFileLockManager] Lock acquired on daemon addresses registry.
2026-03-14T15:26:38.367+0500 [DEBUG] [org.gradle.cache.internal.DefaultFileLockManager] Releasing lock on daemon addresses registry.
2026-03-14T15:26:38.368+0500 [DEBUG] [org.gradle.cache.internal.DefaultFileLockManager] Waiting to acquire shared lock on daemon addresses registry.
2026-03-14T15:26:38.368+0500 [DEBUG] [org.gradle.cache.internal.DefaultFileLockManager] Lock acquired on daemon addresses registry.
2026-03-14T15:26:38.368+0500 [DEBUG] [org.gradle.cache.internal.DefaultFileLockManager] Releasing lock on daemon addresses registry.
2026-03-14T15:26:38.368+0500 [DEBUG] [org.gradle.cache.internal.DefaultFileLockManager] Waiting to acquire shared lock on daemon addresses registry.
2026-03-14T15:26:38.368+0500 [DEBUG] [org.gradle.cache.internal.DefaultFileLockManager] Lock acquired on daemon addresses registry.
2026-03-14T15:26:38.368+0500 [DEBUG] [org.gradle.cache.internal.DefaultFileLockManager] Releasing lock on daemon addresses registry.
2026-03-14T15:26:48.359+0500 [DEBUG] [org.gradle.cache.internal.DefaultFileLockManager] Waiting to acquire shared lock on daemon addresses registry.
2026-03-14T15:26:48.360+0500 [DEBUG] [org.gradle.cache.internal.DefaultFileLockManager] Lock acquired on daemon addresses registry.
2026-03-14T15:26:48.360+0500 [DEBUG] [org.gradle.cache.internal.DefaultFileLockManager] Releasing lock on daemon addresses registry.
2026-03-14T15:26:48.361+0500 [DEBUG] [org.gradle.cache.internal.DefaultFileLockManager] Waiting to acquire shared lock on daemon addresses registry.
2026-03-14T15:26:48.361+0500 [DEBUG] [org.gradle.cache.internal.DefaultFileLockManager] Lock acquired on daemon addresses registry.
2026-03-14T15:26:48.361+0500 [DEBUG] [org.gradle.cache.internal.DefaultFileLockManager] Releasing lock on daemon addresses registry.
2026-03-14T15:26:48.361+0500 [DEBUG] [org.gradle.cache.internal.DefaultFileLockManager] Waiting to acquire shared lock on daemon addresses registry.
2026-03-14T15:26:48.361+0500 [DEBUG] [org.gradle.cache.internal.DefaultFileLockManager] Lock acquired on daemon addresses registry.
2026-03-14T15:26:48.361+0500 [DEBUG] [org.gradle.cache.internal.DefaultFileLockManager] Releasing lock on daemon addresses registry.
2026-03-14T15:26:58.363+0500 [DEBUG] [org.gradle.cache.internal.DefaultFileLockManager] Waiting to acquire shared lock on daemon addresses registry.
2026-03-14T15:26:58.365+0500 [DEBUG] [org.gradle.cache.internal.DefaultFileLockManager] Lock acquired on daemon addresses registry.
2026-03-14T15:26:58.366+0500 [DEBUG] [org.gradle.cache.internal.DefaultFileLockManager] Releasing lock on daemon addresses registry.
2026-03-14T15:26:58.366+0500 [DEBUG] [org.gradle.cache.internal.DefaultFileLockManager] Waiting to acquire shared lock on daemon addresses registry.
2026-03-14T15:26:58.367+0500 [DEBUG] [org.gradle.cache.internal.DefaultFileLockManager] Lock acquired on daemon addresses registry.
2026-03-14T15:26:58.367+0500 [DEBUG] [org.gradle.cache.internal.DefaultFileLockManager] Releasing lock on daemon addresses registry.
2026-03-14T15:26:58.367+0500 [DEBUG] [org.gradle.cache.internal.DefaultFileLockManager] Waiting to acquire shared lock on daemon addresses registry.
2026-03-14T15:26:58.367+0500 [DEBUG] [org.gradle.cache.internal.DefaultFileLockManager] Lock acquired on daemon addresses registry.
2026-03-14T15:26:58.367+0500 [DEBUG] [org.gradle.cache.internal.DefaultFileLockManager] Releasing lock on daemon addresses registry.
2026-03-14T15:27:08.366+0500 [DEBUG] [org.gradle.cache.internal.DefaultFileLockManager] Waiting to acquire shared lock on daemon addresses registry.
2026-03-14T15:27:08.366+0500 [DEBUG] [org.gradle.cache.internal.DefaultFileLockManager] Lock acquired on daemon addresses registry.
2026-03-14T15:27:08.367+0500 [DEBUG] [org.gradle.cache.internal.DefaultFileLockManager] Releasing lock on daemon addresses registry.
2026-03-14T15:27:08.367+0500 [DEBUG] [org.gradle.cache.internal.DefaultFileLockManager] Waiting to acquire shared lock on daemon addresses registry.
2026-03-14T15:27:08.367+0500 [DEBUG] [org.gradle.cache.internal.DefaultFileLockManager] Lock acquired on daemon addresses registry.
2026-03-14T15:27:08.368+0500 [DEBUG] [org.gradle.cache.internal.DefaultFileLockManager] Releasing lock on daemon addresses registry.
2026-03-14T15:27:08.368+0500 [DEBUG] [org.gradle.cache.internal.DefaultFileLockManager] Waiting to acquire shared lock on daemon addresses registry.
2026-03-14T15:27:08.368+0500 [DEBUG] [org.gradle.cache.internal.DefaultFileLockManager] Lock acquired on daemon addresses registry.
2026-03-14T15:27:08.368+0500 [DEBUG] [org.gradle.cache.internal.DefaultFileLockManager] Releasing lock on daemon addresses registry.
2026-03-14T15:27:09.528+0500 [DEBUG] [sun.rmi.transport.tcp] RMI TCP Connection(30)-127.0.0.1: accepted socket from [127.0.0.1:57048]
2026-03-14T15:27:09.529+0500 [DEBUG] [sun.rmi.transport.tcp] RMI TCP Connection(30)-127.0.0.1: (port 54929) op = 80
2026-03-14T15:27:09.530+0500 [DEBUG] [sun.rmi.loader] RMI TCP Connection(30)-127.0.0.1: name = "[Ljava.rmi.server.ObjID;", codebase = "", defaultLoader = jdk.internal.loader.ClassLoaders$PlatformClassLoader@30e1411f
2026-03-14T15:27:09.530+0500 [DEBUG] [sun.rmi.loader] RMI TCP Connection(30)-127.0.0.1: name = "java.rmi.dgc.Lease", codebase = "", defaultLoader = jdk.internal.loader.ClassLoaders$PlatformClassLoader@30e1411f
2026-03-14T15:27:09.530+0500 [DEBUG] [sun.rmi.loader] RMI TCP Connection(30)-127.0.0.1: name = "java.rmi.dgc.VMID", codebase = "", defaultLoader = jdk.internal.loader.ClassLoaders$PlatformClassLoader@30e1411f
2026-03-14T15:27:09.530+0500 [DEBUG] [sun.rmi.loader] RMI TCP Connection(30)-127.0.0.1: name = "[B", codebase = "", defaultLoader = jdk.internal.loader.ClassLoaders$PlatformClassLoader@30e1411f
2026-03-14T15:27:09.530+0500 [DEBUG] [sun.rmi.loader] RMI TCP Connection(30)-127.0.0.1: name = "java.rmi.server.UID", codebase = "", defaultLoader = jdk.internal.loader.ClassLoaders$PlatformClassLoader@30e1411f
2026-03-14T15:27:18.367+0500 [DEBUG] [org.gradle.cache.internal.DefaultFileLockManager] Waiting to acquire shared lock on daemon addresses registry.
2026-03-14T15:27:18.367+0500 [DEBUG] [org.gradle.cache.internal.DefaultFileLockManager] Lock acquired on daemon addresses registry.
2026-03-14T15:27:18.368+0500 [DEBUG] [org.gradle.cache.internal.DefaultFileLockManager] Releasing lock on daemon addresses registry.
2026-03-14T15:27:18.368+0500 [DEBUG] [org.gradle.cache.internal.DefaultFileLockManager] Waiting to acquire shared lock on daemon addresses registry.
2026-03-14T15:27:18.368+0500 [DEBUG] [org.gradle.cache.internal.DefaultFileLockManager] Lock acquired on daemon addresses registry.
2026-03-14T15:27:18.369+0500 [DEBUG] [org.gradle.cache.internal.DefaultFileLockManager] Releasing lock on daemon addresses registry.
2026-03-14T15:27:18.369+0500 [DEBUG] [org.gradle.cache.internal.DefaultFileLockManager] Waiting to acquire shared lock on daemon addresses registry.
2026-03-14T15:27:18.369+0500 [DEBUG] [org.gradle.cache.internal.DefaultFileLockManager] Lock acquired on daemon addresses registry.
2026-03-14T15:27:18.369+0500 [DEBUG] [org.gradle.cache.internal.DefaultFileLockManager] Releasing lock on daemon addresses registry.
2026-03-14T15:27:24.543+0500 [DEBUG] [sun.rmi.transport.tcp] RMI TCP Connection(30)-127.0.0.1: (port 54929) connection closed
2026-03-14T15:27:24.543+0500 [DEBUG] [sun.rmi.transport.tcp] RMI TCP Connection(30)-127.0.0.1: close connection, socket: Socket[addr=/127.0.0.1,port=57048,localport=54929]
2026-03-14T15:27:24.544+0500 [DEBUG] [sun.rmi.transport.tcp] RMI TCP Connection(30)-127.0.0.1: socket close: Socket[addr=/127.0.0.1,port=57048,localport=54929]
2026-03-14T15:27:28.364+0500 [DEBUG] [org.gradle.cache.internal.DefaultFileLockManager] Waiting to acquire shared lock on daemon addresses registry.
2026-03-14T15:27:28.364+0500 [DEBUG] [org.gradle.cache.internal.DefaultFileLockManager] Lock acquired on daemon addresses registry.
2026-03-14T15:27:28.365+0500 [DEBUG] [org.gradle.cache.internal.DefaultFileLockManager] Releasing lock on daemon addresses registry.
2026-03-14T15:27:28.365+0500 [DEBUG] [org.gradle.cache.internal.DefaultFileLockManager] Waiting to acquire shared lock on daemon addresses registry.
2026-03-14T15:27:28.366+0500 [DEBUG] [org.gradle.cache.internal.DefaultFileLockManager] Lock acquired on daemon addresses registry.
2026-03-14T15:27:28.366+0500 [DEBUG] [org.gradle.cache.internal.DefaultFileLockManager] Releasing lock on daemon addresses registry.
2026-03-14T15:27:28.366+0500 [DEBUG] [org.gradle.cache.internal.DefaultFileLockManager] Waiting to acquire shared lock on daemon addresses registry.
2026-03-14T15:27:28.366+0500 [DEBUG] [org.gradle.cache.internal.DefaultFileLockManager] Lock acquired on daemon addresses registry.
2026-03-14T15:27:28.367+0500 [DEBUG] [org.gradle.cache.internal.DefaultFileLockManager] Releasing lock on daemon addresses registry.
2026-03-14T15:27:38.362+0500 [DEBUG] [org.gradle.cache.internal.DefaultFileLockManager] Waiting to acquire shared lock on daemon addresses registry.
2026-03-14T15:27:38.363+0500 [DEBUG] [org.gradle.cache.internal.DefaultFileLockManager] Lock acquired on daemon addresses registry.
2026-03-14T15:27:38.364+0500 [DEBUG] [org.gradle.cache.internal.DefaultFileLockManager] Releasing lock on daemon addresses registry.
2026-03-14T15:27:38.364+0500 [DEBUG] [org.gradle.cache.internal.DefaultFileLockManager] Waiting to acquire shared lock on daemon addresses registry.
2026-03-14T15:27:38.364+0500 [DEBUG] [org.gradle.cache.internal.DefaultFileLockManager] Lock acquired on daemon addresses registry.
2026-03-14T15:27:38.365+0500 [DEBUG] [org.gradle.cache.internal.DefaultFileLockManager] Releasing lock on daemon addresses registry.
2026-03-14T15:27:38.365+0500 [DEBUG] [org.gradle.cache.internal.DefaultFileLockManager] Waiting to acquire shared lock on daemon addresses registry.
2026-03-14T15:27:38.365+0500 [DEBUG] [org.gradle.cache.internal.DefaultFileLockManager] Lock acquired on daemon addresses registry.
2026-03-14T15:27:38.365+0500 [DEBUG] [org.gradle.cache.internal.DefaultFileLockManager] Releasing lock on daemon addresses registry.
2026-03-14T15:27:48.367+0500 [DEBUG] [org.gradle.cache.internal.DefaultFileLockManager] Waiting to acquire shared lock on daemon addresses registry.
2026-03-14T15:27:48.367+0500 [DEBUG] [org.gradle.cache.internal.DefaultFileLockManager] Lock acquired on daemon addresses registry.
2026-03-14T15:27:48.367+0500 [DEBUG] [org.gradle.cache.internal.DefaultFileLockManager] Releasing lock on daemon addresses registry.
2026-03-14T15:27:48.368+0500 [DEBUG] [org.gradle.cache.internal.DefaultFileLockManager] Waiting to acquire shared lock on daemon addresses registry.
2026-03-14T15:27:48.368+0500 [DEBUG] [org.gradle.cache.internal.DefaultFileLockManager] Lock acquired on daemon addresses registry.
2026-03-14T15:27:48.368+0500 [DEBUG] [org.gradle.cache.internal.DefaultFileLockManager] Releasing lock on daemon addresses registry.
2026-03-14T15:27:48.368+0500 [DEBUG] [org.gradle.cache.internal.DefaultFileLockManager] Waiting to acquire shared lock on daemon addresses registry.
2026-03-14T15:27:48.368+0500 [DEBUG] [org.gradle.cache.internal.DefaultFileLockManager] Lock acquired on daemon addresses registry.
2026-03-14T15:27:48.369+0500 [DEBUG] [org.gradle.cache.internal.DefaultFileLockManager] Releasing lock on daemon addresses registry.
2026-03-14T15:27:58.361+0500 [DEBUG] [org.gradle.cache.internal.DefaultFileLockManager] Waiting to acquire shared lock on daemon addresses registry.
2026-03-14T15:27:58.361+0500 [DEBUG] [org.gradle.cache.internal.DefaultFileLockManager] Lock acquired on daemon addresses registry.
2026-03-14T15:27:58.362+0500 [DEBUG] [org.gradle.cache.internal.DefaultFileLockManager] Releasing lock on daemon addresses registry.
2026-03-14T15:27:58.362+0500 [DEBUG] [org.gradle.cache.internal.DefaultFileLockManager] Waiting to acquire shared lock on daemon addresses registry.
2026-03-14T15:27:58.362+0500 [DEBUG] [org.gradle.cache.internal.DefaultFileLockManager] Lock acquired on daemon addresses registry.
2026-03-14T15:27:58.363+0500 [DEBUG] [org.gradle.cache.internal.DefaultFileLockManager] Releasing lock on daemon addresses registry.
2026-03-14T15:27:58.363+0500 [DEBUG] [org.gradle.cache.internal.DefaultFileLockManager] Waiting to acquire shared lock on daemon addresses registry.
2026-03-14T15:27:58.363+0500 [DEBUG] [org.gradle.cache.internal.DefaultFileLockManager] Lock acquired on daemon addresses registry.
2026-03-14T15:27:58.364+0500 [DEBUG] [org.gradle.cache.internal.DefaultFileLockManager] Releasing lock on daemon addresses registry.
2026-03-14T15:28:08.361+0500 [DEBUG] [org.gradle.cache.internal.DefaultFileLockManager] Waiting to acquire shared lock on daemon addresses registry.
2026-03-14T15:28:08.362+0500 [DEBUG] [org.gradle.cache.internal.DefaultFileLockManager] Lock acquired on daemon addresses registry.
2026-03-14T15:28:08.362+0500 [DEBUG] [org.gradle.cache.internal.DefaultFileLockManager] Releasing lock on daemon addresses registry.
2026-03-14T15:28:08.363+0500 [DEBUG] [org.gradle.cache.internal.DefaultFileLockManager] Waiting to acquire shared lock on daemon addresses registry.
2026-03-14T15:28:08.363+0500 [DEBUG] [org.gradle.cache.internal.DefaultFileLockManager] Lock acquired on daemon addresses registry.
2026-03-14T15:28:08.363+0500 [DEBUG] [org.gradle.cache.internal.DefaultFileLockManager] Releasing lock on daemon addresses registry.
2026-03-14T15:28:08.363+0500 [DEBUG] [org.gradle.cache.internal.DefaultFileLockManager] Waiting to acquire shared lock on daemon addresses registry.
2026-03-14T15:28:08.363+0500 [DEBUG] [org.gradle.cache.internal.DefaultFileLockManager] Lock acquired on daemon addresses registry.
2026-03-14T15:28:08.364+0500 [DEBUG] [org.gradle.cache.internal.DefaultFileLockManager] Releasing lock on daemon addresses registry.
2026-03-14T15:28:18.364+0500 [DEBUG] [org.gradle.cache.internal.DefaultFileLockManager] Waiting to acquire shared lock on daemon addresses registry.
2026-03-14T15:28:18.364+0500 [DEBUG] [org.gradle.cache.internal.DefaultFileLockManager] Lock acquired on daemon addresses registry.
2026-03-14T15:28:18.364+0500 [DEBUG] [org.gradle.cache.internal.DefaultFileLockManager] Releasing lock on daemon addresses registry.
2026-03-14T15:28:18.365+0500 [DEBUG] [org.gradle.cache.internal.DefaultFileLockManager] Waiting to acquire shared lock on daemon addresses registry.
2026-03-14T15:28:18.365+0500 [DEBUG] [org.gradle.cache.internal.DefaultFileLockManager] Lock acquired on daemon addresses registry.
2026-03-14T15:28:18.365+0500 [DEBUG] [org.gradle.cache.internal.DefaultFileLockManager] Releasing lock on daemon addresses registry.
2026-03-14T15:28:18.365+0500 [DEBUG] [org.gradle.cache.internal.DefaultFileLockManager] Waiting to acquire shared lock on daemon addresses registry.
2026-03-14T15:28:18.366+0500 [DEBUG] [org.gradle.cache.internal.DefaultFileLockManager] Lock acquired on daemon addresses registry.
2026-03-14T15:28:18.366+0500 [DEBUG] [org.gradle.cache.internal.DefaultFileLockManager] Releasing lock on daemon addresses registry.
2026-03-14T15:28:28.359+0500 [DEBUG] [org.gradle.cache.internal.DefaultFileLockManager] Waiting to acquire shared lock on daemon addresses registry.
2026-03-14T15:28:28.360+0500 [DEBUG] [org.gradle.cache.internal.DefaultFileLockManager] Lock acquired on daemon addresses registry.
2026-03-14T15:28:28.360+0500 [DEBUG] [org.gradle.cache.internal.DefaultFileLockManager] Releasing lock on daemon addresses registry.
2026-03-14T15:28:28.360+0500 [DEBUG] [org.gradle.cache.internal.DefaultFileLockManager] Waiting to acquire shared lock on daemon addresses registry.
2026-03-14T15:28:28.361+0500 [DEBUG] [org.gradle.cache.internal.DefaultFileLockManager] Lock acquired on daemon addresses registry.
2026-03-14T15:28:28.361+0500 [DEBUG] [org.gradle.cache.internal.DefaultFileLockManager] Releasing lock on daemon addresses registry.
2026-03-14T15:28:28.361+0500 [DEBUG] [org.gradle.cache.internal.DefaultFileLockManager] Waiting to acquire shared lock on daemon addresses registry.
2026-03-14T15:28:28.361+0500 [DEBUG] [org.gradle.cache.internal.DefaultFileLockManager] Lock acquired on daemon addresses registry.
2026-03-14T15:28:28.362+0500 [DEBUG] [org.gradle.cache.internal.DefaultFileLockManager] Releasing lock on daemon addresses registry.
2026-03-14T15:28:38.367+0500 [DEBUG] [org.gradle.cache.internal.DefaultFileLockManager] Waiting to acquire shared lock on daemon addresses registry.
2026-03-14T15:28:38.368+0500 [DEBUG] [org.gradle.cache.internal.DefaultFileLockManager] Lock acquired on daemon addresses registry.
2026-03-14T15:28:38.368+0500 [DEBUG] [org.gradle.cache.internal.DefaultFileLockManager] Releasing lock on daemon addresses registry.
2026-03-14T15:28:38.369+0500 [DEBUG] [org.gradle.cache.internal.DefaultFileLockManager] Waiting to acquire shared lock on daemon addresses registry.
2026-03-14T15:28:38.369+0500 [DEBUG] [org.gradle.cache.internal.DefaultFileLockManager] Lock acquired on daemon addresses registry.
2026-03-14T15:28:38.369+0500 [DEBUG] [org.gradle.cache.internal.DefaultFileLockManager] Releasing lock on daemon addresses registry.
2026-03-14T15:28:38.369+0500 [DEBUG] [org.gradle.cache.internal.DefaultFileLockManager] Waiting to acquire shared lock on daemon addresses registry.
2026-03-14T15:28:38.369+0500 [DEBUG] [org.gradle.cache.internal.DefaultFileLockManager] Lock acquired on daemon addresses registry.
2026-03-14T15:28:38.370+0500 [DEBUG] [org.gradle.cache.internal.DefaultFileLockManager] Releasing lock on daemon addresses registry.
2026-03-14T15:28:48.366+0500 [DEBUG] [org.gradle.cache.internal.DefaultFileLockManager] Waiting to acquire shared lock on daemon addresses registry.
2026-03-14T15:28:48.367+0500 [DEBUG] [org.gradle.cache.internal.DefaultFileLockManager] Lock acquired on daemon addresses registry.
2026-03-14T15:28:48.367+0500 [DEBUG] [org.gradle.cache.internal.DefaultFileLockManager] Releasing lock on daemon addresses registry.
2026-03-14T15:28:48.367+0500 [DEBUG] [org.gradle.cache.internal.DefaultFileLockManager] Waiting to acquire shared lock on daemon addresses registry.
2026-03-14T15:28:48.367+0500 [DEBUG] [org.gradle.cache.internal.DefaultFileLockManager] Lock acquired on daemon addresses registry.
2026-03-14T15:28:48.367+0500 [DEBUG] [org.gradle.cache.internal.DefaultFileLockManager] Releasing lock on daemon addresses registry.
2026-03-14T15:28:48.367+0500 [DEBUG] [org.gradle.cache.internal.DefaultFileLockManager] Waiting to acquire shared lock on daemon addresses registry.
2026-03-14T15:28:48.367+0500 [DEBUG] [org.gradle.cache.internal.DefaultFileLockManager] Lock acquired on daemon addresses registry.
2026-03-14T15:28:48.368+0500 [DEBUG] [org.gradle.cache.internal.DefaultFileLockManager] Releasing lock on daemon addresses registry.
2026-03-14T15:28:58.362+0500 [DEBUG] [org.gradle.cache.internal.DefaultFileLockManager] Waiting to acquire shared lock on daemon addresses registry.
2026-03-14T15:28:58.362+0500 [DEBUG] [org.gradle.cache.internal.DefaultFileLockManager] Lock acquired on daemon addresses registry.
2026-03-14T15:28:58.363+0500 [DEBUG] [org.gradle.cache.internal.DefaultFileLockManager] Releasing lock on daemon addresses registry.
2026-03-14T15:28:58.363+0500 [DEBUG] [org.gradle.cache.internal.DefaultFileLockManager] Waiting to acquire shared lock on daemon addresses registry.
2026-03-14T15:28:58.363+0500 [DEBUG] [org.gradle.cache.internal.DefaultFileLockManager] Lock acquired on daemon addresses registry.
2026-03-14T15:28:58.364+0500 [DEBUG] [org.gradle.cache.internal.DefaultFileLockManager] Releasing lock on daemon addresses registry.
2026-03-14T15:28:58.364+0500 [DEBUG] [org.gradle.cache.internal.DefaultFileLockManager] Waiting to acquire shared lock on daemon addresses registry.
2026-03-14T15:28:58.364+0500 [DEBUG] [org.gradle.cache.internal.DefaultFileLockManager] Lock acquired on daemon addresses registry.
2026-03-14T15:28:58.365+0500 [DEBUG] [org.gradle.cache.internal.DefaultFileLockManager] Releasing lock on daemon addresses registry.
2026-03-14T15:29:08.358+0500 [DEBUG] [org.gradle.cache.internal.DefaultFileLockManager] Waiting to acquire shared lock on daemon addresses registry.
2026-03-14T15:29:08.358+0500 [DEBUG] [org.gradle.cache.internal.DefaultFileLockManager] Lock acquired on daemon addresses registry.
2026-03-14T15:29:08.358+0500 [DEBUG] [org.gradle.cache.internal.DefaultFileLockManager] Releasing lock on daemon addresses registry.
2026-03-14T15:29:08.358+0500 [DEBUG] [org.gradle.cache.internal.DefaultFileLockManager] Waiting to acquire shared lock on daemon addresses registry.
2026-03-14T15:29:08.358+0500 [DEBUG] [org.gradle.cache.internal.DefaultFileLockManager] Lock acquired on daemon addresses registry.
2026-03-14T15:29:08.359+0500 [DEBUG] [org.gradle.cache.internal.DefaultFileLockManager] Releasing lock on daemon addresses registry.
2026-03-14T15:29:08.359+0500 [DEBUG] [org.gradle.cache.internal.DefaultFileLockManager] Waiting to acquire shared lock on daemon addresses registry.
2026-03-14T15:29:08.359+0500 [DEBUG] [org.gradle.cache.internal.DefaultFileLockManager] Lock acquired on daemon addresses registry.
2026-03-14T15:29:08.359+0500 [DEBUG] [org.gradle.cache.internal.DefaultFileLockManager] Releasing lock on daemon addresses registry.
2026-03-14T15:29:18.360+0500 [DEBUG] [org.gradle.cache.internal.DefaultFileLockManager] Waiting to acquire shared lock on daemon addresses registry.
2026-03-14T15:29:18.361+0500 [DEBUG] [org.gradle.cache.internal.DefaultFileLockManager] Lock acquired on daemon addresses registry.
2026-03-14T15:29:18.362+0500 [DEBUG] [org.gradle.cache.internal.DefaultFileLockManager] Releasing lock on daemon addresses registry.
2026-03-14T15:29:18.362+0500 [DEBUG] [org.gradle.cache.internal.DefaultFileLockManager] Waiting to acquire shared lock on daemon addresses registry.
2026-03-14T15:29:18.362+0500 [DEBUG] [org.gradle.cache.internal.DefaultFileLockManager] Lock acquired on daemon addresses registry.
2026-03-14T15:29:18.362+0500 [DEBUG] [org.gradle.cache.internal.DefaultFileLockManager] Releasing lock on daemon addresses registry.
2026-03-14T15:29:18.363+0500 [DEBUG] [org.gradle.cache.internal.DefaultFileLockManager] Waiting to acquire shared lock on daemon addresses registry.
2026-03-14T15:29:18.363+0500 [DEBUG] [org.gradle.cache.internal.DefaultFileLockManager] Lock acquired on daemon addresses registry.
2026-03-14T15:29:18.363+0500 [DEBUG] [org.gradle.cache.internal.DefaultFileLockManager] Releasing lock on daemon addresses registry.
2026-03-14T15:29:28.359+0500 [DEBUG] [org.gradle.cache.internal.DefaultFileLockManager] Waiting to acquire shared lock on daemon addresses registry.
2026-03-14T15:29:28.359+0500 [DEBUG] [org.gradle.cache.internal.DefaultFileLockManager] Lock acquired on daemon addresses registry.
2026-03-14T15:29:28.360+0500 [DEBUG] [org.gradle.cache.internal.DefaultFileLockManager] Releasing lock on daemon addresses registry.
2026-03-14T15:29:28.360+0500 [DEBUG] [org.gradle.cache.internal.DefaultFileLockManager] Waiting to acquire shared lock on daemon addresses registry.
2026-03-14T15:29:28.360+0500 [DEBUG] [org.gradle.cache.internal.DefaultFileLockManager] Lock acquired on daemon addresses registry.
2026-03-14T15:29:28.361+0500 [DEBUG] [org.gradle.cache.internal.DefaultFileLockManager] Releasing lock on daemon addresses registry.
2026-03-14T15:29:28.361+0500 [DEBUG] [org.gradle.cache.internal.DefaultFileLockManager] Waiting to acquire shared lock on daemon addresses registry.
2026-03-14T15:29:28.361+0500 [DEBUG] [org.gradle.cache.internal.DefaultFileLockManager] Lock acquired on daemon addresses registry.
2026-03-14T15:29:28.361+0500 [DEBUG] [org.gradle.cache.internal.DefaultFileLockManager] Releasing lock on daemon addresses registry.
2026-03-14T15:29:38.359+0500 [DEBUG] [org.gradle.cache.internal.DefaultFileLockManager] Waiting to acquire shared lock on daemon addresses registry.
2026-03-14T15:29:38.360+0500 [DEBUG] [org.gradle.cache.internal.DefaultFileLockManager] Lock acquired on daemon addresses registry.
2026-03-14T15:29:38.361+0500 [DEBUG] [org.gradle.cache.internal.DefaultFileLockManager] Releasing lock on daemon addresses registry.
2026-03-14T15:29:38.361+0500 [DEBUG] [org.gradle.cache.internal.DefaultFileLockManager] Waiting to acquire shared lock on daemon addresses registry.
2026-03-14T15:29:38.361+0500 [DEBUG] [org.gradle.cache.internal.DefaultFileLockManager] Lock acquired on daemon addresses registry.
2026-03-14T15:29:38.362+0500 [DEBUG] [org.gradle.cache.internal.DefaultFileLockManager] Releasing lock on daemon addresses registry.
2026-03-14T15:29:38.362+0500 [DEBUG] [org.gradle.cache.internal.DefaultFileLockManager] Waiting to acquire shared lock on daemon addresses registry.
2026-03-14T15:29:38.362+0500 [DEBUG] [org.gradle.cache.internal.DefaultFileLockManager] Lock acquired on daemon addresses registry.
2026-03-14T15:29:38.362+0500 [DEBUG] [org.gradle.cache.internal.DefaultFileLockManager] Releasing lock on daemon addresses registry.
2026-03-14T15:29:48.358+0500 [DEBUG] [org.gradle.cache.internal.DefaultFileLockManager] Waiting to acquire shared lock on daemon addresses registry.
2026-03-14T15:29:48.359+0500 [DEBUG] [org.gradle.cache.internal.DefaultFileLockManager] Lock acquired on daemon addresses registry.
2026-03-14T15:29:48.360+0500 [DEBUG] [org.gradle.cache.internal.DefaultFileLockManager] Releasing lock on daemon addresses registry.
2026-03-14T15:29:48.361+0500 [DEBUG] [org.gradle.cache.internal.DefaultFileLockManager] Waiting to acquire shared lock on daemon addresses registry.
2026-03-14T15:29:48.361+0500 [DEBUG] [org.gradle.cache.internal.DefaultFileLockManager] Lock acquired on daemon addresses registry.
2026-03-14T15:29:48.361+0500 [DEBUG] [org.gradle.cache.internal.DefaultFileLockManager] Releasing lock on daemon addresses registry.
2026-03-14T15:29:48.361+0500 [DEBUG] [org.gradle.cache.internal.DefaultFileLockManager] Waiting to acquire shared lock on daemon addresses registry.
2026-03-14T15:29:48.361+0500 [DEBUG] [org.gradle.cache.internal.DefaultFileLockManager] Lock acquired on daemon addresses registry.
2026-03-14T15:29:48.362+0500 [DEBUG] [org.gradle.cache.internal.DefaultFileLockManager] Releasing lock on daemon addresses registry.
2026-03-14T15:29:58.357+0500 [DEBUG] [org.gradle.cache.internal.DefaultFileLockManager] Waiting to acquire shared lock on daemon addresses registry.
2026-03-14T15:29:58.358+0500 [DEBUG] [org.gradle.cache.internal.DefaultFileLockManager] Lock acquired on daemon addresses registry.
2026-03-14T15:29:58.358+0500 [DEBUG] [org.gradle.cache.internal.DefaultFileLockManager] Releasing lock on daemon addresses registry.
2026-03-14T15:29:58.360+0500 [DEBUG] [org.gradle.cache.internal.DefaultFileLockManager] Waiting to acquire shared lock on daemon addresses registry.
2026-03-14T15:29:58.360+0500 [DEBUG] [org.gradle.cache.internal.DefaultFileLockManager] Lock acquired on daemon addresses registry.
2026-03-14T15:29:58.360+0500 [DEBUG] [org.gradle.cache.internal.DefaultFileLockManager] Releasing lock on daemon addresses registry.
2026-03-14T15:29:58.361+0500 [DEBUG] [org.gradle.cache.internal.DefaultFileLockManager] Waiting to acquire shared lock on daemon addresses registry.
2026-03-14T15:29:58.361+0500 [DEBUG] [org.gradle.cache.internal.DefaultFileLockManager] Lock acquired on daemon addresses registry.
2026-03-14T15:29:58.361+0500 [DEBUG] [org.gradle.cache.internal.DefaultFileLockManager] Releasing lock on daemon addresses registry.
2026-03-14T15:30:08.360+0500 [DEBUG] [org.gradle.cache.internal.DefaultFileLockManager] Waiting to acquire shared lock on daemon addresses registry.
2026-03-14T15:30:08.360+0500 [DEBUG] [org.gradle.cache.internal.DefaultFileLockManager] Lock acquired on daemon addresses registry.
2026-03-14T15:30:08.361+0500 [DEBUG] [org.gradle.cache.internal.DefaultFileLockManager] Releasing lock on daemon addresses registry.
2026-03-14T15:30:08.361+0500 [DEBUG] [org.gradle.cache.internal.DefaultFileLockManager] Waiting to acquire shared lock on daemon addresses registry.
2026-03-14T15:30:08.361+0500 [DEBUG] [org.gradle.cache.internal.DefaultFileLockManager] Lock acquired on daemon addresses registry.
2026-03-14T15:30:08.362+0500 [DEBUG] [org.gradle.cache.internal.DefaultFileLockManager] Releasing lock on daemon addresses registry.
2026-03-14T15:30:08.362+0500 [DEBUG] [org.gradle.cache.internal.DefaultFileLockManager] Waiting to acquire shared lock on daemon addresses registry.
2026-03-14T15:30:08.362+0500 [DEBUG] [org.gradle.cache.internal.DefaultFileLockManager] Lock acquired on daemon addresses registry.
2026-03-14T15:30:08.362+0500 [DEBUG] [org.gradle.cache.internal.DefaultFileLockManager] Releasing lock on daemon addresses registry.
2026-03-14T15:30:18.360+0500 [DEBUG] [org.gradle.cache.internal.DefaultFileLockManager] Waiting to acquire shared lock on daemon addresses registry.
2026-03-14T15:30:18.361+0500 [DEBUG] [org.gradle.cache.internal.DefaultFileLockManager] Lock acquired on daemon addresses registry.
2026-03-14T15:30:18.362+0500 [DEBUG] [org.gradle.cache.internal.DefaultFileLockManager] Releasing lock on daemon addresses registry.
2026-03-14T15:30:18.362+0500 [DEBUG] [org.gradle.cache.internal.DefaultFileLockManager] Waiting to acquire shared lock on daemon addresses registry.
2026-03-14T15:30:18.362+0500 [DEBUG] [org.gradle.cache.internal.DefaultFileLockManager] Lock acquired on daemon addresses registry.
2026-03-14T15:30:18.363+0500 [DEBUG] [org.gradle.cache.internal.DefaultFileLockManager] Releasing lock on daemon addresses registry.
2026-03-14T15:30:18.363+0500 [DEBUG] [org.gradle.cache.internal.DefaultFileLockManager] Waiting to acquire shared lock on daemon addresses registry.
2026-03-14T15:30:18.363+0500 [DEBUG] [org.gradle.cache.internal.DefaultFileLockManager] Lock acquired on daemon addresses registry.
2026-03-14T15:30:18.363+0500 [DEBUG] [org.gradle.cache.internal.DefaultFileLockManager] Releasing lock on daemon addresses registry.
2026-03-14T15:30:28.359+0500 [DEBUG] [org.gradle.cache.internal.DefaultFileLockManager] Waiting to acquire shared lock on daemon addresses registry.
2026-03-14T15:30:28.359+0500 [DEBUG] [org.gradle.cache.internal.DefaultFileLockManager] Lock acquired on daemon addresses registry.
2026-03-14T15:30:28.359+0500 [DEBUG] [org.gradle.cache.internal.DefaultFileLockManager] Releasing lock on daemon addresses registry.
2026-03-14T15:30:28.360+0500 [DEBUG] [org.gradle.cache.internal.DefaultFileLockManager] Waiting to acquire shared lock on daemon addresses registry.
2026-03-14T15:30:28.360+0500 [DEBUG] [org.gradle.cache.internal.DefaultFileLockManager] Lock acquired on daemon addresses registry.
2026-03-14T15:30:28.361+0500 [DEBUG] [org.gradle.cache.internal.DefaultFileLockManager] Releasing lock on daemon addresses registry.
2026-03-14T15:30:28.361+0500 [DEBUG] [org.gradle.cache.internal.DefaultFileLockManager] Waiting to acquire shared lock on daemon addresses registry.
2026-03-14T15:30:28.361+0500 [DEBUG] [org.gradle.cache.internal.DefaultFileLockManager] Lock acquired on daemon addresses registry.
2026-03-14T15:30:28.362+0500 [DEBUG] [org.gradle.cache.internal.DefaultFileLockManager] Releasing lock on daemon addresses registry.
2026-03-14T15:30:38.359+0500 [DEBUG] [org.gradle.cache.internal.DefaultFileLockManager] Waiting to acquire shared lock on daemon addresses registry.
2026-03-14T15:30:38.360+0500 [DEBUG] [org.gradle.cache.internal.DefaultFileLockManager] Lock acquired on daemon addresses registry.
2026-03-14T15:30:38.361+0500 [DEBUG] [org.gradle.cache.internal.DefaultFileLockManager] Releasing lock on daemon addresses registry.
2026-03-14T15:30:38.361+0500 [DEBUG] [org.gradle.cache.internal.DefaultFileLockManager] Waiting to acquire shared lock on daemon addresses registry.
2026-03-14T15:30:38.361+0500 [DEBUG] [org.gradle.cache.internal.DefaultFileLockManager] Lock acquired on daemon addresses registry.
2026-03-14T15:30:38.361+0500 [DEBUG] [org.gradle.cache.internal.DefaultFileLockManager] Releasing lock on daemon addresses registry.
2026-03-14T15:30:38.361+0500 [DEBUG] [org.gradle.cache.internal.DefaultFileLockManager] Waiting to acquire shared lock on daemon addresses registry.
2026-03-14T15:30:38.361+0500 [DEBUG] [org.gradle.cache.internal.DefaultFileLockManager] Lock acquired on daemon addresses registry.
2026-03-14T15:30:38.361+0500 [DEBUG] [org.gradle.cache.internal.DefaultFileLockManager] Releasing lock on daemon addresses registry.
2026-03-14T15:30:48.360+0500 [DEBUG] [org.gradle.cache.internal.DefaultFileLockManager] Waiting to acquire shared lock on daemon addresses registry.
2026-03-14T15:30:48.361+0500 [DEBUG] [org.gradle.cache.internal.DefaultFileLockManager] Lock acquired on daemon addresses registry.
2026-03-14T15:30:48.361+0500 [DEBUG] [org.gradle.cache.internal.DefaultFileLockManager] Releasing lock on daemon addresses registry.
2026-03-14T15:30:48.361+0500 [DEBUG] [org.gradle.cache.internal.DefaultFileLockManager] Waiting to acquire shared lock on daemon addresses registry.
2026-03-14T15:30:48.361+0500 [DEBUG] [org.gradle.cache.internal.DefaultFileLockManager] Lock acquired on daemon addresses registry.
2026-03-14T15:30:48.362+0500 [DEBUG] [org.gradle.cache.internal.DefaultFileLockManager] Releasing lock on daemon addresses registry.
2026-03-14T15:30:48.362+0500 [DEBUG] [org.gradle.cache.internal.DefaultFileLockManager] Waiting to acquire shared lock on daemon addresses registry.
2026-03-14T15:30:48.362+0500 [DEBUG] [org.gradle.cache.internal.DefaultFileLockManager] Lock acquired on daemon addresses registry.
2026-03-14T15:30:48.362+0500 [DEBUG] [org.gradle.cache.internal.DefaultFileLockManager] Releasing lock on daemon addresses registry.
2026-03-14T15:30:58.360+0500 [DEBUG] [org.gradle.cache.internal.DefaultFileLockManager] Waiting to acquire shared lock on daemon addresses registry.
2026-03-14T15:30:58.361+0500 [DEBUG] [org.gradle.cache.internal.DefaultFileLockManager] Lock acquired on daemon addresses registry.
2026-03-14T15:30:58.362+0500 [DEBUG] [org.gradle.cache.internal.DefaultFileLockManager] Releasing lock on daemon addresses registry.
2026-03-14T15:30:58.362+0500 [DEBUG] [org.gradle.cache.internal.DefaultFileLockManager] Waiting to acquire shared lock on daemon addresses registry.
2026-03-14T15:30:58.362+0500 [DEBUG] [org.gradle.cache.internal.DefaultFileLockManager] Lock acquired on daemon addresses registry.
2026-03-14T15:30:58.363+0500 [DEBUG] [org.gradle.cache.internal.DefaultFileLockManager] Releasing lock on daemon addresses registry.
2026-03-14T15:30:58.364+0500 [DEBUG] [org.gradle.cache.internal.DefaultFileLockManager] Waiting to acquire shared lock on daemon addresses registry.
2026-03-14T15:30:58.364+0500 [DEBUG] [org.gradle.cache.internal.DefaultFileLockManager] Lock acquired on daemon addresses registry.
2026-03-14T15:30:58.364+0500 [DEBUG] [org.gradle.cache.internal.DefaultFileLockManager] Releasing lock on daemon addresses registry.
2026-03-14T15:31:08.360+0500 [DEBUG] [org.gradle.cache.internal.DefaultFileLockManager] Waiting to acquire shared lock on daemon addresses registry.
2026-03-14T15:31:08.360+0500 [DEBUG] [org.gradle.cache.internal.DefaultFileLockManager] Lock acquired on daemon addresses registry.
2026-03-14T15:31:08.361+0500 [DEBUG] [org.gradle.cache.internal.DefaultFileLockManager] Releasing lock on daemon addresses registry.
2026-03-14T15:31:08.361+0500 [DEBUG] [org.gradle.cache.internal.DefaultFileLockManager] Waiting to acquire shared lock on daemon addresses registry.
2026-03-14T15:31:08.361+0500 [DEBUG] [org.gradle.cache.internal.DefaultFileLockManager] Lock acquired on daemon addresses registry.
2026-03-14T15:31:08.361+0500 [DEBUG] [org.gradle.cache.internal.DefaultFileLockManager] Releasing lock on daemon addresses registry.
2026-03-14T15:31:08.362+0500 [DEBUG] [org.gradle.cache.internal.DefaultFileLockManager] Waiting to acquire shared lock on daemon addresses registry.
2026-03-14T15:31:08.362+0500 [DEBUG] [org.gradle.cache.internal.DefaultFileLockManager] Lock acquired on daemon addresses registry.
2026-03-14T15:31:08.362+0500 [DEBUG] [org.gradle.cache.internal.DefaultFileLockManager] Releasing lock on daemon addresses registry.
2026-03-14T15:31:18.360+0500 [DEBUG] [org.gradle.cache.internal.DefaultFileLockManager] Waiting to acquire shared lock on daemon addresses registry.
2026-03-14T15:31:18.360+0500 [DEBUG] [org.gradle.cache.internal.DefaultFileLockManager] Lock acquired on daemon addresses registry.
2026-03-14T15:31:18.360+0500 [DEBUG] [org.gradle.cache.internal.DefaultFileLockManager] Releasing lock on daemon addresses registry.
2026-03-14T15:31:18.360+0500 [DEBUG] [org.gradle.cache.internal.DefaultFileLockManager] Waiting to acquire shared lock on daemon addresses registry.
2026-03-14T15:31:18.360+0500 [DEBUG] [org.gradle.cache.internal.DefaultFileLockManager] Lock acquired on daemon addresses registry.
2026-03-14T15:31:18.360+0500 [DEBUG] [org.gradle.cache.internal.DefaultFileLockManager] Releasing lock on daemon addresses registry.
2026-03-14T15:31:18.360+0500 [DEBUG] [org.gradle.cache.internal.DefaultFileLockManager] Waiting to acquire shared lock on daemon addresses registry.
2026-03-14T15:31:18.360+0500 [DEBUG] [org.gradle.cache.internal.DefaultFileLockManager] Lock acquired on daemon addresses registry.
2026-03-14T15:31:18.360+0500 [DEBUG] [org.gradle.cache.internal.DefaultFileLockManager] Releasing lock on daemon addresses registry.
2026-03-14T15:31:18.556+0500 [DEBUG] [org.gradle.internal.remote.internal.inet.TcpIncomingConnector] Accepted connection from /127.0.0.1:57273 to /127.0.0.1:54919.
2026-03-14T15:31:18.566+0500 [DEBUG] [org.gradle.launcher.daemon.server.SynchronizedDispatchConnection] thread 1006: received class org.gradle.launcher.daemon.protocol.Build
2026-03-14T15:31:18.566+0500 [DEBUG] [org.gradle.launcher.daemon.server.DefaultDaemonConnection] thread 1006: Received non-IO message from client: Build{id=dc26ffaa-1c60-44b5-bc3b-94cbe63f5bef, currentDir=/Users/user/StudioProjects/Jetpack-compose-}
2026-03-14T15:31:18.566+0500 [INFO] [org.gradle.launcher.daemon.server.DefaultIncomingConnectionHandler] Received command: Build{id=dc26ffaa-1c60-44b5-bc3b-94cbe63f5bef, currentDir=/Users/user/StudioProjects/Jetpack-compose-}.
2026-03-14T15:31:18.567+0500 [DEBUG] [org.gradle.launcher.daemon.server.DefaultIncomingConnectionHandler] Starting executing command: Build{id=dc26ffaa-1c60-44b5-bc3b-94cbe63f5bef, currentDir=/Users/user/StudioProjects/Jetpack-compose-} with connection: socket connection from /127.0.0.1:54919 to /127.0.0.1:57273.
2026-03-14T15:31:18.567+0500 [DEBUG] [org.gradle.launcher.daemon.server.DaemonStateCoordinator] Command execution: started DaemonCommandExecution[command = Build{id=dc26ffaa-1c60-44b5-bc3b-94cbe63f5bef, currentDir=/Users/user/StudioProjects/Jetpack-compose-}, connection = DefaultDaemonConnection: socket connection from /127.0.0.1:54919 to /127.0.0.1:57273] after 24.122866666666667 minutes of idle
2026-03-14T15:31:18.567+0500 [INFO] [org.gradle.launcher.daemon.server.DaemonRegistryUpdater] Marking the daemon as busy, address: [e3314c61-88c3-4325-9052-9f15a21f69e7 port:54919, addresses:[localhost/127.0.0.1]]
2026-03-14T15:31:18.567+0500 [DEBUG] [org.gradle.launcher.daemon.registry.PersistentDaemonRegistry] Marking busy by address: [e3314c61-88c3-4325-9052-9f15a21f69e7 port:54919, addresses:[localhost/127.0.0.1]]
2026-03-14T15:31:18.567+0500 [DEBUG] [org.gradle.cache.internal.DefaultFileLockManager] Waiting to acquire exclusive lock on daemon addresses registry.
2026-03-14T15:31:18.568+0500 [DEBUG] [org.gradle.cache.internal.DefaultFileLockManager] Lock acquired on daemon addresses registry.
2026-03-14T15:31:18.568+0500 [DEBUG] [org.gradle.cache.internal.DefaultFileLockManager] Releasing lock on daemon addresses registry.
2026-03-14T15:31:18.568+0500 [DEBUG] [org.gradle.launcher.daemon.server.DaemonStateCoordinator] resetting idle timer
2026-03-14T15:31:18.568+0500 [DEBUG] [org.gradle.launcher.daemon.server.DaemonStateCoordinator] daemon is running. Sleeping until state changes.
2026-03-14T15:31:18.568+0500 [INFO] [org.gradle.launcher.daemon.server.exec.StartBuildOrRespondWithBusy] Daemon is about to start building Build{id=dc26ffaa-1c60-44b5-bc3b-94cbe63f5bef, currentDir=/Users/user/StudioProjects/Jetpack-compose-}. Dispatching build started information...
2026-03-14T15:31:18.568+0500 [DEBUG] [org.gradle.launcher.daemon.server.SynchronizedDispatchConnection] thread 1008: dispatching org.gradle.launcher.daemon.protocol.BuildStarted@42c215c6
2026-03-14T15:31:18.570+0500 [DEBUG] [org.gradle.launcher.daemon.server.exec.EstablishBuildEnvironment] Configuring env variables: [PATH, __CFBundleIdentifier, SHELL, JAVA_HOME, OLDPWD, USER, COMMAND_MODE, TMPDIR, SSH_AUTH_SOCK, XPC_FLAGS, __CF_USER_TEXT_ENCODING, LOGNAME, LC_CTYPE, XPC_SERVICE_NAME, HOME]
2026-03-14T15:31:18.571+0500 [DEBUG] [org.gradle.launcher.daemon.server.exec.LogToClient] About to start relaying all logs to the client via the connection.
2026-03-14T15:31:18.571+0500 [INFO] [org.gradle.launcher.daemon.server.exec.LogToClient] The client will now receive all logging from the daemon (pid: 75549). The daemon log file: /Users/user/StudioProjects/Jetpack-compose-/gradle/wrapper/daemon/8.13/daemon-75549.out.log
2026-03-14T15:31:18.572+0500 [INFO] [org.gradle.launcher.daemon.server.exec.LogAndCheckHealth] Starting 8th build in daemon [uptime: 40 mins 20.307 secs, performance: 99%, GC rate: 0.00/s, heap usage: 1% of 2 GiB]
2026-03-14T15:31:18.575+0500 [DEBUG] [org.gradle.launcher.daemon.server.exec.ExecuteBuild] The daemon has started executing the build.
2026-03-14T15:31:18.576+0500 [DEBUG] [org.gradle.launcher.daemon.server.exec.ExecuteBuild] Executing build with daemon context: DefaultDaemonContext[uid=be09e351-5b6f-4876-83a1-c7b09c2203fc,javaHome=/Library/Java/JavaVirtualMachines/temurin-21.jdk/Contents/Home,javaVersion=21,javaVendor=Eclipse Adoptium,daemonRegistryDir=/Users/user/StudioProjects/Jetpack-compose-/gradle/wrapper/daemon,pid=75549,idleTimeout=10800000,priority=NORMAL,applyInstrumentationAgent=true,nativeServicesMode=ENABLED,daemonOpts=-Xmx2048m,-Dfile.encoding=UTF-8,-Duser.country=UZ,-Duser.language=ru,-Duser.variant]

[Incubating] Problems report is available at: file:///Users/user/StudioProjects/Jetpack-compose-/build/reports/problems/problems-report.html

Deprecated Gradle features were used in this build, making it incompatible with Gradle 9.0.

You can use '--warning-mode all' to show the individual deprecation warnings and determine if they come from your own scripts or plugins.

For more on this, please refer to https://docs.gradle.org/8.13/userguide/command_line_interface.html#sec:command_line_warnings in the Gradle documentation.

BUILD SUCCESSFUL in 8s
2026-03-14T15:31:25.969+0500 [DEBUG] [org.gradle.launcher.daemon.server.exec.ExecuteBuild] The daemon has finished executing the build.
2026-03-14T15:31:25.981+0500 [DEBUG] [org.gradle.launcher.daemon.server.DaemonStateCoordinator] daemon is running. Sleeping until state changes.
2026-03-14T15:31:25.981+0500 [DEBUG] [org.gradle.launcher.daemon.server.DaemonStateCoordinator] Command execution: finished waiting for DaemonCommandExecution[command = Build{id=dc26ffaa-1c60-44b5-bc3b-94cbe63f5bef, currentDir=/Users/user/StudioProjects/Jetpack-compose-}, connection = DefaultDaemonConnection: socket connection from /127.0.0.1:54919 to /127.0.0.1:57273]. Result org.gradle.launcher.daemon.server.DaemonStateCoordinator@3a6128d3 with state Busy
2026-03-14T15:31:25.981+0500 [DEBUG] [org.gradle.launcher.daemon.server.DaemonStateCoordinator] Command execution: completed DaemonCommandExecution[command = Build{id=dc26ffaa-1c60-44b5-bc3b-94cbe63f5bef, currentDir=/Users/user/StudioProjects/Jetpack-compose-}, connection = DefaultDaemonConnection: socket connection from /127.0.0.1:54919 to /127.0.0.1:57273]
2026-03-14T15:31:25.981+0500 [DEBUG] [org.gradle.launcher.daemon.server.DaemonStateCoordinator] resetting idle timer
2026-03-14T15:31:25.981+0500 [INFO] [org.gradle.launcher.daemon.server.DaemonRegistryUpdater] Marking the daemon as idle, address: [e3314c61-88c3-4325-9052-9f15a21f69e7 port:54919, addresses:[localhost/127.0.0.1]]
2026-03-14T15:31:25.981+0500 [DEBUG] [org.gradle.launcher.daemon.registry.PersistentDaemonRegistry] Marking busy by address: [e3314c61-88c3-4325-9052-9f15a21f69e7 port:54919, addresses:[localhost/127.0.0.1]]
2026-03-14T15:31:25.981+0500 [DEBUG] [org.gradle.cache.internal.DefaultFileLockManager] Waiting to acquire exclusive lock on daemon addresses registry.
2026-03-14T15:31:25.981+0500 [DEBUG] [org.gradle.cache.internal.DefaultFileLockManager] Lock acquired on daemon addresses registry.
2026-03-14T15:31:25.981+0500 [DEBUG] [org.gradle.cache.internal.DefaultFileLockManager] Releasing lock on daemon addresses registry.
2026-03-14T15:31:25.981+0500 [DEBUG] [org.gradle.launcher.daemon.server.DaemonStateCoordinator] daemon is running. Sleeping until state changes.
2026-03-14T15:31:25.981+0500 [DEBUG] [org.gradle.launcher.daemon.server.exec.ReturnResult] Daemon is dispatching the build result: Success[value=org.gradle.launcher.exec.BuildActionResult@1509c890]
2026-03-14T15:31:25.981+0500 [DEBUG] [org.gradle.launcher.daemon.server.SynchronizedDispatchConnection] thread 1005: dispatching Success[value=org.gradle.launcher.exec.BuildActionResult@1509c890]
2026-03-14T15:31:25.982+0500 [DEBUG] [org.gradle.launcher.daemon.server.exec.CleanUpVirtualFileSystemAfterBuild] Cleaning virtual file system after build finished
2026-03-14T15:31:25.982+0500 [DEBUG] [org.gradle.launcher.daemon.server.DefaultIncomingConnectionHandler] Finishing executing command: Build{id=dc26ffaa-1c60-44b5-bc3b-94cbe63f5bef, currentDir=/Users/user/StudioProjects/Jetpack-compose-}
2026-03-14T15:31:25.996+0500 [DEBUG] [org.gradle.launcher.daemon.server.SynchronizedDispatchConnection] thread 1006: received class org.gradle.launcher.daemon.protocol.CloseInput
2026-03-14T15:31:25.996+0500 [DEBUG] [org.gradle.launcher.daemon.server.DefaultDaemonConnection] thread 1006: Received IO message from client: org.gradle.launcher.daemon.protocol.CloseInput@495f094e
2026-03-14T15:31:25.996+0500 [DEBUG] [org.gradle.launcher.daemon.server.SynchronizedDispatchConnection] thread 1006: received class org.gradle.launcher.daemon.protocol.Finished
2026-03-14T15:31:25.996+0500 [DEBUG] [org.gradle.launcher.daemon.server.DefaultDaemonConnection] thread 1006: Received non-IO message from client: org.gradle.launcher.daemon.protocol.Finished@2b4acd0c
2026-03-14T15:31:25.996+0500 [DEBUG] [org.gradle.internal.remote.internal.inet.SocketConnection] Discarding EOFException: java.io.EOFException
2026-03-14T15:31:25.996+0500 [DEBUG] [org.gradle.launcher.daemon.server.SynchronizedDispatchConnection] thread 1006: received null
2026-03-14T15:31:25.996+0500 [DEBUG] [org.gradle.launcher.daemon.server.DefaultDaemonConnection] thread 1006: Received end-of-input from client.
2026-03-14T15:31:25.996+0500 [DEBUG] [org.gradle.launcher.daemon.server.DefaultIncomingConnectionHandler] Received finished message: org.gradle.launcher.daemon.protocol.Finished@2b4acd0c
2026-03-14T15:31:25.997+0500 [DEBUG] [org.gradle.launcher.daemon.server.SynchronizedDispatchConnection] thread 1005: stopping connection
2026-03-14T15:31:25.997+0500 [DEBUG] [org.gradle.launcher.daemon.server.SynchronizedDispatchConnection] thread 1005: stopping connection
2026-03-14T15:31:28.361+0500 [DEBUG] [org.gradle.cache.internal.DefaultFileLockManager] Waiting to acquire shared lock on daemon addresses registry.
2026-03-14T15:31:28.362+0500 [DEBUG] [org.gradle.cache.internal.DefaultFileLockManager] Lock acquired on daemon addresses registry.
2026-03-14T15:31:28.363+0500 [DEBUG] [org.gradle.cache.internal.DefaultFileLockManager] Releasing lock on daemon addresses registry.
2026-03-14T15:31:28.363+0500 [DEBUG] [org.gradle.cache.internal.DefaultFileLockManager] Waiting to acquire shared lock on daemon addresses registry.
2026-03-14T15:31:28.363+0500 [DEBUG] [org.gradle.cache.internal.DefaultFileLockManager] Lock acquired on daemon addresses registry.
2026-03-14T15:31:28.363+0500 [DEBUG] [org.gradle.cache.internal.DefaultFileLockManager] Releasing lock on daemon addresses registry.
2026-03-14T15:31:38.355+0500 [DEBUG] [org.gradle.cache.internal.DefaultFileLockManager] Waiting to acquire shared lock on daemon addresses registry.
2026-03-14T15:31:38.357+0500 [DEBUG] [org.gradle.cache.internal.DefaultFileLockManager] Lock acquired on daemon addresses registry.
2026-03-14T15:31:38.357+0500 [DEBUG] [org.gradle.cache.internal.DefaultFileLockManager] Releasing lock on daemon addresses registry.
2026-03-14T15:31:38.358+0500 [DEBUG] [org.gradle.cache.internal.DefaultFileLockManager] Waiting to acquire shared lock on daemon addresses registry.
2026-03-14T15:31:38.358+0500 [DEBUG] [org.gradle.cache.internal.DefaultFileLockManager] Lock acquired on daemon addresses registry.
2026-03-14T15:31:38.359+0500 [DEBUG] [org.gradle.cache.internal.DefaultFileLockManager] Releasing lock on daemon addresses registry.
2026-03-14T15:31:38.359+0500 [DEBUG] [org.gradle.cache.internal.DefaultFileLockManager] Waiting to acquire shared lock on daemon addresses registry.
2026-03-14T15:31:38.359+0500 [DEBUG] [org.gradle.cache.internal.DefaultFileLockManager] Lock acquired on daemon addresses registry.
2026-03-14T15:31:38.359+0500 [DEBUG] [org.gradle.cache.internal.DefaultFileLockManager] Releasing lock on daemon addresses registry.
2026-03-14T15:31:48.358+0500 [DEBUG] [org.gradle.cache.internal.DefaultFileLockManager] Waiting to acquire shared lock on daemon addresses registry.
2026-03-14T15:31:48.358+0500 [DEBUG] [org.gradle.cache.internal.DefaultFileLockManager] Lock acquired on daemon addresses registry.
2026-03-14T15:31:48.358+0500 [DEBUG] [org.gradle.cache.internal.DefaultFileLockManager] Releasing lock on daemon addresses registry.
2026-03-14T15:31:48.359+0500 [DEBUG] [org.gradle.cache.internal.DefaultFileLockManager] Waiting to acquire shared lock on daemon addresses registry.
2026-03-14T15:31:48.359+0500 [DEBUG] [org.gradle.cache.internal.DefaultFileLockManager] Lock acquired on daemon addresses registry.
2026-03-14T15:31:48.359+0500 [DEBUG] [org.gradle.cache.internal.DefaultFileLockManager] Releasing lock on daemon addresses registry.
2026-03-14T15:31:48.359+0500 [DEBUG] [org.gradle.cache.internal.DefaultFileLockManager] Waiting to acquire shared lock on daemon addresses registry.
2026-03-14T15:31:48.359+0500 [DEBUG] [org.gradle.cache.internal.DefaultFileLockManager] Lock acquired on daemon addresses registry.
2026-03-14T15:31:48.359+0500 [DEBUG] [org.gradle.cache.internal.DefaultFileLockManager] Releasing lock on daemon addresses registry.
2026-03-14T15:31:58.360+0500 [DEBUG] [org.gradle.cache.internal.DefaultFileLockManager] Waiting to acquire shared lock on daemon addresses registry.
2026-03-14T15:31:58.360+0500 [DEBUG] [org.gradle.cache.internal.DefaultFileLockManager] Lock acquired on daemon addresses registry.
2026-03-14T15:31:58.361+0500 [DEBUG] [org.gradle.cache.internal.DefaultFileLockManager] Releasing lock on daemon addresses registry.
2026-03-14T15:31:58.361+0500 [DEBUG] [org.gradle.cache.internal.DefaultFileLockManager] Waiting to acquire shared lock on daemon addresses registry.
2026-03-14T15:31:58.361+0500 [DEBUG] [org.gradle.cache.internal.DefaultFileLockManager] Lock acquired on daemon addresses registry.
2026-03-14T15:31:58.361+0500 [DEBUG] [org.gradle.cache.internal.DefaultFileLockManager] Releasing lock on daemon addresses registry.
2026-03-14T15:31:58.361+0500 [DEBUG] [org.gradle.cache.internal.DefaultFileLockManager] Waiting to acquire shared lock on daemon addresses registry.
2026-03-14T15:31:58.362+0500 [DEBUG] [org.gradle.cache.internal.DefaultFileLockManager] Lock acquired on daemon addresses registry.
2026-03-14T15:31:58.362+0500 [DEBUG] [org.gradle.cache.internal.DefaultFileLockManager] Releasing lock on daemon addresses registry.
2026-03-14T15:32:08.358+0500 [DEBUG] [org.gradle.cache.internal.DefaultFileLockManager] Waiting to acquire shared lock on daemon addresses registry.
2026-03-14T15:32:08.358+0500 [DEBUG] [org.gradle.cache.internal.DefaultFileLockManager] Lock acquired on daemon addresses registry.
2026-03-14T15:32:08.358+0500 [DEBUG] [org.gradle.cache.internal.DefaultFileLockManager] Releasing lock on daemon addresses registry.
2026-03-14T15:32:08.359+0500 [DEBUG] [org.gradle.cache.internal.DefaultFileLockManager] Waiting to acquire shared lock on daemon addresses registry.
2026-03-14T15:32:08.359+0500 [DEBUG] [org.gradle.cache.internal.DefaultFileLockManager] Lock acquired on daemon addresses registry.
2026-03-14T15:32:08.359+0500 [DEBUG] [org.gradle.cache.internal.DefaultFileLockManager] Releasing lock on daemon addresses registry.
2026-03-14T15:32:08.360+0500 [DEBUG] [org.gradle.cache.internal.DefaultFileLockManager] Waiting to acquire shared lock on daemon addresses registry.
2026-03-14T15:32:08.360+0500 [DEBUG] [org.gradle.cache.internal.DefaultFileLockManager] Lock acquired on daemon addresses registry.
2026-03-14T15:32:08.360+0500 [DEBUG] [org.gradle.cache.internal.DefaultFileLockManager] Releasing lock on daemon addresses registry.
2026-03-14T15:32:09.539+0500 [DEBUG] [sun.rmi.transport.tcp] RMI TCP Connection(31)-127.0.0.1: accepted socket from [127.0.0.1:57332]
2026-03-14T15:32:09.542+0500 [DEBUG] [sun.rmi.transport.tcp] RMI TCP Connection(31)-127.0.0.1: (port 54929) op = 80
2026-03-14T15:32:09.543+0500 [DEBUG] [sun.rmi.loader] RMI TCP Connection(31)-127.0.0.1: name = "[Ljava.rmi.server.ObjID;", codebase = "", defaultLoader = jdk.internal.loader.ClassLoaders$PlatformClassLoader@30e1411f
2026-03-14T15:32:09.543+0500 [DEBUG] [sun.rmi.loader] RMI TCP Connection(31)-127.0.0.1: name = "java.rmi.dgc.Lease", codebase = "", defaultLoader = jdk.internal.loader.ClassLoaders$PlatformClassLoader@30e1411f
2026-03-14T15:32:09.544+0500 [DEBUG] [sun.rmi.loader] RMI TCP Connection(31)-127.0.0.1: name = "java.rmi.dgc.VMID", codebase = "", defaultLoader = jdk.internal.loader.ClassLoaders$PlatformClassLoader@30e1411f
2026-03-14T15:32:09.544+0500 [DEBUG] [sun.rmi.loader] RMI TCP Connection(31)-127.0.0.1: name = "[B", codebase = "", defaultLoader = jdk.internal.loader.ClassLoaders$PlatformClassLoader@30e1411f
2026-03-14T15:32:09.544+0500 [DEBUG] [sun.rmi.loader] RMI TCP Connection(31)-127.0.0.1: name = "java.rmi.server.UID", codebase = "", defaultLoader = jdk.internal.loader.ClassLoaders$PlatformClassLoader@30e1411f
2026-03-14T15:32:18.361+0500 [DEBUG] [org.gradle.cache.internal.DefaultFileLockManager] Waiting to acquire shared lock on daemon addresses registry.
2026-03-14T15:32:18.362+0500 [DEBUG] [org.gradle.cache.internal.DefaultFileLockManager] Lock acquired on daemon addresses registry.
2026-03-14T15:32:18.363+0500 [DEBUG] [org.gradle.cache.internal.DefaultFileLockManager] Releasing lock on daemon addresses registry.
2026-03-14T15:32:18.364+0500 [DEBUG] [org.gradle.cache.internal.DefaultFileLockManager] Waiting to acquire shared lock on daemon addresses registry.
2026-03-14T15:32:18.365+0500 [DEBUG] [org.gradle.cache.internal.DefaultFileLockManager] Lock acquired on daemon addresses registry.
2026-03-14T15:32:18.365+0500 [DEBUG] [org.gradle.cache.internal.DefaultFileLockManager] Releasing lock on daemon addresses registry.
2026-03-14T15:32:18.365+0500 [DEBUG] [org.gradle.cache.internal.DefaultFileLockManager] Waiting to acquire shared lock on daemon addresses registry.
2026-03-14T15:32:18.366+0500 [DEBUG] [org.gradle.cache.internal.DefaultFileLockManager] Lock acquired on daemon addresses registry.
2026-03-14T15:32:18.366+0500 [DEBUG] [org.gradle.cache.internal.DefaultFileLockManager] Releasing lock on daemon addresses registry.
2026-03-14T15:32:24.553+0500 [DEBUG] [sun.rmi.transport.tcp] RMI TCP Connection(31)-127.0.0.1: (port 54929) connection closed
2026-03-14T15:32:24.554+0500 [DEBUG] [sun.rmi.transport.tcp] RMI TCP Connection(31)-127.0.0.1: close connection, socket: Socket[addr=/127.0.0.1,port=57332,localport=54929]
2026-03-14T15:32:24.554+0500 [DEBUG] [sun.rmi.transport.tcp] RMI TCP Connection(31)-127.0.0.1: socket close: Socket[addr=/127.0.0.1,port=57332,localport=54929]
2026-03-14T15:32:28.360+0500 [DEBUG] [org.gradle.cache.internal.DefaultFileLockManager] Waiting to acquire shared lock on daemon addresses registry.
2026-03-14T15:32:28.360+0500 [DEBUG] [org.gradle.cache.internal.DefaultFileLockManager] Lock acquired on daemon addresses registry.
2026-03-14T15:32:28.360+0500 [DEBUG] [org.gradle.cache.internal.DefaultFileLockManager] Releasing lock on daemon addresses registry.
2026-03-14T15:32:28.361+0500 [DEBUG] [org.gradle.cache.internal.DefaultFileLockManager] Waiting to acquire shared lock on daemon addresses registry.
2026-03-14T15:32:28.361+0500 [DEBUG] [org.gradle.cache.internal.DefaultFileLockManager] Lock acquired on daemon addresses registry.
2026-03-14T15:32:28.362+0500 [DEBUG] [org.gradle.cache.internal.DefaultFileLockManager] Releasing lock on daemon addresses registry.
2026-03-14T15:32:28.362+0500 [DEBUG] [org.gradle.cache.internal.DefaultFileLockManager] Waiting to acquire shared lock on daemon addresses registry.
2026-03-14T15:32:28.362+0500 [DEBUG] [org.gradle.cache.internal.DefaultFileLockManager] Lock acquired on daemon addresses registry.
2026-03-14T15:32:28.362+0500 [DEBUG] [org.gradle.cache.internal.DefaultFileLockManager] Releasing lock on daemon addresses registry.
2026-03-14T15:32:38.357+0500 [DEBUG] [org.gradle.cache.internal.DefaultFileLockManager] Waiting to acquire shared lock on daemon addresses registry.
2026-03-14T15:32:38.357+0500 [DEBUG] [org.gradle.cache.internal.DefaultFileLockManager] Lock acquired on daemon addresses registry.
2026-03-14T15:32:38.357+0500 [DEBUG] [org.gradle.cache.internal.DefaultFileLockManager] Releasing lock on daemon addresses registry.
2026-03-14T15:32:38.358+0500 [DEBUG] [org.gradle.cache.internal.DefaultFileLockManager] Waiting to acquire shared lock on daemon addresses registry.
2026-03-14T15:32:38.358+0500 [DEBUG] [org.gradle.cache.internal.DefaultFileLockManager] Lock acquired on daemon addresses registry.
2026-03-14T15:32:38.358+0500 [DEBUG] [org.gradle.cache.internal.DefaultFileLockManager] Releasing lock on daemon addresses registry.
2026-03-14T15:32:38.359+0500 [DEBUG] [org.gradle.cache.internal.DefaultFileLockManager] Waiting to acquire shared lock on daemon addresses registry.
2026-03-14T15:32:38.359+0500 [DEBUG] [org.gradle.cache.internal.DefaultFileLockManager] Lock acquired on daemon addresses registry.
2026-03-14T15:32:38.359+0500 [DEBUG] [org.gradle.cache.internal.DefaultFileLockManager] Releasing lock on daemon addresses registry.
2026-03-14T15:32:48.356+0500 [DEBUG] [org.gradle.cache.internal.DefaultFileLockManager] Waiting to acquire shared lock on daemon addresses registry.
2026-03-14T15:32:48.357+0500 [DEBUG] [org.gradle.cache.internal.DefaultFileLockManager] Lock acquired on daemon addresses registry.
2026-03-14T15:32:48.357+0500 [DEBUG] [org.gradle.cache.internal.DefaultFileLockManager] Releasing lock on daemon addresses registry.
2026-03-14T15:32:48.358+0500 [DEBUG] [org.gradle.cache.internal.DefaultFileLockManager] Waiting to acquire shared lock on daemon addresses registry.
2026-03-14T15:32:48.358+0500 [DEBUG] [org.gradle.cache.internal.DefaultFileLockManager] Lock acquired on daemon addresses registry.
2026-03-14T15:32:48.358+0500 [DEBUG] [org.gradle.cache.internal.DefaultFileLockManager] Releasing lock on daemon addresses registry.
2026-03-14T15:32:48.358+0500 [DEBUG] [org.gradle.cache.internal.DefaultFileLockManager] Waiting to acquire shared lock on daemon addresses registry.
2026-03-14T15:32:48.358+0500 [DEBUG] [org.gradle.cache.internal.DefaultFileLockManager] Lock acquired on daemon addresses registry.
2026-03-14T15:32:48.359+0500 [DEBUG] [org.gradle.cache.internal.DefaultFileLockManager] Releasing lock on daemon addresses registry.
2026-03-14T15:32:58.358+0500 [DEBUG] [org.gradle.cache.internal.DefaultFileLockManager] Waiting to acquire shared lock on daemon addresses registry.
2026-03-14T15:32:58.359+0500 [DEBUG] [org.gradle.cache.internal.DefaultFileLockManager] Lock acquired on daemon addresses registry.
2026-03-14T15:32:58.359+0500 [DEBUG] [org.gradle.cache.internal.DefaultFileLockManager] Releasing lock on daemon addresses registry.
2026-03-14T15:32:58.360+0500 [DEBUG] [org.gradle.cache.internal.DefaultFileLockManager] Waiting to acquire shared lock on daemon addresses registry.
2026-03-14T15:32:58.360+0500 [DEBUG] [org.gradle.cache.internal.DefaultFileLockManager] Lock acquired on daemon addresses registry.
2026-03-14T15:32:58.360+0500 [DEBUG] [org.gradle.cache.internal.DefaultFileLockManager] Releasing lock on daemon addresses registry.
2026-03-14T15:32:58.360+0500 [DEBUG] [org.gradle.cache.internal.DefaultFileLockManager] Waiting to acquire shared lock on daemon addresses registry.
2026-03-14T15:32:58.360+0500 [DEBUG] [org.gradle.cache.internal.DefaultFileLockManager] Lock acquired on daemon addresses registry.
2026-03-14T15:32:58.361+0500 [DEBUG] [org.gradle.cache.internal.DefaultFileLockManager] Releasing lock on daemon addresses registry.
2026-03-14T15:33:08.354+0500 [DEBUG] [org.gradle.cache.internal.DefaultFileLockManager] Waiting to acquire shared lock on daemon addresses registry.
2026-03-14T15:33:08.355+0500 [DEBUG] [org.gradle.cache.internal.DefaultFileLockManager] Lock acquired on daemon addresses registry.
2026-03-14T15:33:08.356+0500 [DEBUG] [org.gradle.cache.internal.DefaultFileLockManager] Releasing lock on daemon addresses registry.
2026-03-14T15:33:08.356+0500 [DEBUG] [org.gradle.cache.internal.DefaultFileLockManager] Waiting to acquire shared lock on daemon addresses registry.
2026-03-14T15:33:08.357+0500 [DEBUG] [org.gradle.cache.internal.DefaultFileLockManager] Lock acquired on daemon addresses registry.
2026-03-14T15:33:08.357+0500 [DEBUG] [org.gradle.cache.internal.DefaultFileLockManager] Releasing lock on daemon addresses registry.
2026-03-14T15:33:08.357+0500 [DEBUG] [org.gradle.cache.internal.DefaultFileLockManager] Waiting to acquire shared lock on daemon addresses registry.
2026-03-14T15:33:08.357+0500 [DEBUG] [org.gradle.cache.internal.DefaultFileLockManager] Lock acquired on daemon addresses registry.
2026-03-14T15:33:08.358+0500 [DEBUG] [org.gradle.cache.internal.DefaultFileLockManager] Releasing lock on daemon addresses registry.
2026-03-14T15:33:18.358+0500 [DEBUG] [org.gradle.cache.internal.DefaultFileLockManager] Waiting to acquire shared lock on daemon addresses registry.
2026-03-14T15:33:18.358+0500 [DEBUG] [org.gradle.cache.internal.DefaultFileLockManager] Lock acquired on daemon addresses registry.
2026-03-14T15:33:18.358+0500 [DEBUG] [org.gradle.cache.internal.DefaultFileLockManager] Releasing lock on daemon addresses registry.
2026-03-14T15:33:18.359+0500 [DEBUG] [org.gradle.cache.internal.DefaultFileLockManager] Waiting to acquire shared lock on daemon addresses registry.
2026-03-14T15:33:18.359+0500 [DEBUG] [org.gradle.cache.internal.DefaultFileLockManager] Lock acquired on daemon addresses registry.
2026-03-14T15:33:18.359+0500 [DEBUG] [org.gradle.cache.internal.DefaultFileLockManager] Releasing lock on daemon addresses registry.
2026-03-14T15:33:18.359+0500 [DEBUG] [org.gradle.cache.internal.DefaultFileLockManager] Waiting to acquire shared lock on daemon addresses registry.
2026-03-14T15:33:18.359+0500 [DEBUG] [org.gradle.cache.internal.DefaultFileLockManager] Lock acquired on daemon addresses registry.
2026-03-14T15:33:18.359+0500 [DEBUG] [org.gradle.cache.internal.DefaultFileLockManager] Releasing lock on daemon addresses registry.
2026-03-14T15:33:28.358+0500 [DEBUG] [org.gradle.cache.internal.DefaultFileLockManager] Waiting to acquire shared lock on daemon addresses registry.
2026-03-14T15:33:28.358+0500 [DEBUG] [org.gradle.cache.internal.DefaultFileLockManager] Lock acquired on daemon addresses registry.
2026-03-14T15:33:28.359+0500 [DEBUG] [org.gradle.cache.internal.DefaultFileLockManager] Releasing lock on daemon addresses registry.
2026-03-14T15:33:28.359+0500 [DEBUG] [org.gradle.cache.internal.DefaultFileLockManager] Waiting to acquire shared lock on daemon addresses registry.
2026-03-14T15:33:28.359+0500 [DEBUG] [org.gradle.cache.internal.DefaultFileLockManager] Lock acquired on daemon addresses registry.
2026-03-14T15:33:28.360+0500 [DEBUG] [org.gradle.cache.internal.DefaultFileLockManager] Releasing lock on daemon addresses registry.
2026-03-14T15:33:28.360+0500 [DEBUG] [org.gradle.cache.internal.DefaultFileLockManager] Waiting to acquire shared lock on daemon addresses registry.
2026-03-14T15:33:28.361+0500 [DEBUG] [org.gradle.cache.internal.DefaultFileLockManager] Lock acquired on daemon addresses registry.
2026-03-14T15:33:28.361+0500 [DEBUG] [org.gradle.cache.internal.DefaultFileLockManager] Releasing lock on daemon addresses registry.
2026-03-14T15:44:29.460+0500 [DEBUG] [org.gradle.cache.internal.DefaultFileLockManager] Waiting to acquire shared lock on daemon addresses registry.
2026-03-14T15:44:29.540+0500 [DEBUG] [org.gradle.cache.internal.DefaultFileLockManager] Lock acquired on daemon addresses registry.
2026-03-14T15:44:29.541+0500 [DEBUG] [org.gradle.cache.internal.DefaultFileLockManager] Releasing lock on daemon addresses registry.
2026-03-14T15:44:29.541+0500 [DEBUG] [org.gradle.cache.internal.DefaultFileLockManager] Waiting to acquire shared lock on daemon addresses registry.
2026-03-14T15:44:29.541+0500 [DEBUG] [org.gradle.cache.internal.DefaultFileLockManager] Lock acquired on daemon addresses registry.
2026-03-14T15:44:29.541+0500 [DEBUG] [org.gradle.cache.internal.DefaultFileLockManager] Releasing lock on daemon addresses registry.
2026-03-14T15:44:29.542+0500 [DEBUG] [org.gradle.cache.internal.DefaultFileLockManager] Waiting to acquire shared lock on daemon addresses registry.
2026-03-14T15:44:29.542+0500 [DEBUG] [org.gradle.cache.internal.DefaultFileLockManager] Lock acquired on daemon addresses registry.
2026-03-14T15:44:29.542+0500 [DEBUG] [org.gradle.cache.internal.DefaultFileLockManager] Releasing lock on daemon addresses registry.
2026-03-14T15:44:39.578+0500 [DEBUG] [org.gradle.cache.internal.DefaultFileLockManager] Waiting to acquire shared lock on daemon addresses registry.
2026-03-14T15:44:39.580+0500 [DEBUG] [org.gradle.cache.internal.DefaultFileLockManager] Lock acquired on daemon addresses registry.
2026-03-14T15:44:39.582+0500 [DEBUG] [org.gradle.cache.internal.DefaultFileLockManager] Releasing lock on daemon addresses registry.
2026-03-14T15:44:39.583+0500 [DEBUG] [org.gradle.cache.internal.DefaultFileLockManager] Waiting to acquire shared lock on daemon addresses registry.
2026-03-14T15:44:39.584+0500 [DEBUG] [org.gradle.cache.internal.DefaultFileLockManager] Lock acquired on daemon addresses registry.
2026-03-14T15:44:39.584+0500 [DEBUG] [org.gradle.cache.internal.DefaultFileLockManager] Releasing lock on daemon addresses registry.
2026-03-14T15:44:39.584+0500 [DEBUG] [org.gradle.cache.internal.DefaultFileLockManager] Waiting to acquire shared lock on daemon addresses registry.
2026-03-14T15:44:39.584+0500 [DEBUG] [org.gradle.cache.internal.DefaultFileLockManager] Lock acquired on daemon addresses registry.
2026-03-14T15:44:39.585+0500 [DEBUG] [org.gradle.cache.internal.DefaultFileLockManager] Releasing lock on daemon addresses registry.
2026-03-14T15:44:49.566+0500 [DEBUG] [org.gradle.cache.internal.DefaultFileLockManager] Waiting to acquire shared lock on daemon addresses registry.
2026-03-14T15:44:49.566+0500 [DEBUG] [org.gradle.cache.internal.DefaultFileLockManager] Lock acquired on daemon addresses registry.
2026-03-14T15:44:49.567+0500 [DEBUG] [org.gradle.cache.internal.DefaultFileLockManager] Releasing lock on daemon addresses registry.
2026-03-14T15:44:49.568+0500 [DEBUG] [org.gradle.cache.internal.DefaultFileLockManager] Waiting to acquire shared lock on daemon addresses registry.
2026-03-14T15:44:49.568+0500 [DEBUG] [org.gradle.cache.internal.DefaultFileLockManager] Lock acquired on daemon addresses registry.
2026-03-14T15:44:49.569+0500 [DEBUG] [org.gradle.cache.internal.DefaultFileLockManager] Releasing lock on daemon addresses registry.
2026-03-14T15:44:49.569+0500 [DEBUG] [org.gradle.cache.internal.DefaultFileLockManager] Waiting to acquire shared lock on daemon addresses registry.
2026-03-14T15:44:49.569+0500 [DEBUG] [org.gradle.cache.internal.DefaultFileLockManager] Lock acquired on daemon addresses registry.
2026-03-14T15:44:49.570+0500 [DEBUG] [org.gradle.cache.internal.DefaultFileLockManager] Releasing lock on daemon addresses registry.
2026-03-14T15:47:37.727+0500 [DEBUG] [org.gradle.cache.internal.DefaultFileLockManager] Waiting to acquire shared lock on daemon addresses registry.
2026-03-14T15:47:37.727+0500 [DEBUG] [org.gradle.cache.internal.DefaultFileLockManager] Lock acquired on daemon addresses registry.
2026-03-14T15:47:37.728+0500 [DEBUG] [org.gradle.cache.internal.DefaultFileLockManager] Releasing lock on daemon addresses registry.
2026-03-14T15:47:37.729+0500 [DEBUG] [org.gradle.cache.internal.DefaultFileLockManager] Waiting to acquire shared lock on daemon addresses registry.
2026-03-14T15:47:37.729+0500 [DEBUG] [org.gradle.cache.internal.DefaultFileLockManager] Lock acquired on daemon addresses registry.
2026-03-14T15:47:37.729+0500 [DEBUG] [org.gradle.cache.internal.DefaultFileLockManager] Releasing lock on daemon addresses registry.
2026-03-14T15:47:37.729+0500 [DEBUG] [org.gradle.cache.internal.DefaultFileLockManager] Waiting to acquire shared lock on daemon addresses registry.
2026-03-14T15:47:37.729+0500 [DEBUG] [org.gradle.cache.internal.DefaultFileLockManager] Lock acquired on daemon addresses registry.
2026-03-14T15:47:37.730+0500 [DEBUG] [org.gradle.cache.internal.DefaultFileLockManager] Releasing lock on daemon addresses registry.
2026-03-14T15:48:15.268+0500 [DEBUG] [org.gradle.cache.internal.DefaultFileLockManager] Waiting to acquire shared lock on daemon addresses registry.
2026-03-14T15:48:15.268+0500 [DEBUG] [org.gradle.cache.internal.DefaultFileLockManager] Lock acquired on daemon addresses registry.
2026-03-14T15:48:15.268+0500 [DEBUG] [org.gradle.cache.internal.DefaultFileLockManager] Releasing lock on daemon addresses registry.
2026-03-14T15:48:15.269+0500 [DEBUG] [org.gradle.cache.internal.DefaultFileLockManager] Waiting to acquire shared lock on daemon addresses registry.
2026-03-14T15:48:15.269+0500 [DEBUG] [org.gradle.cache.internal.DefaultFileLockManager] Lock acquired on daemon addresses registry.
2026-03-14T15:48:15.269+0500 [DEBUG] [org.gradle.cache.internal.DefaultFileLockManager] Releasing lock on daemon addresses registry.
2026-03-14T15:48:15.270+0500 [DEBUG] [org.gradle.cache.internal.DefaultFileLockManager] Waiting to acquire shared lock on daemon addresses registry.
2026-03-14T15:48:15.270+0500 [DEBUG] [org.gradle.cache.internal.DefaultFileLockManager] Lock acquired on daemon addresses registry.
2026-03-14T15:48:15.270+0500 [DEBUG] [org.gradle.cache.internal.DefaultFileLockManager] Releasing lock on daemon addresses registry.
2026-03-14T16:19:07.547+0500 [DEBUG] [org.gradle.cache.internal.DefaultFileLockManager] Waiting to acquire shared lock on daemon addresses registry.
2026-03-14T16:19:07.636+0500 [DEBUG] [org.gradle.cache.internal.DefaultFileLockManager] Lock acquired on daemon addresses registry.
2026-03-14T16:19:07.638+0500 [DEBUG] [org.gradle.cache.internal.DefaultFileLockManager] Releasing lock on daemon addresses registry.
2026-03-14T16:19:07.639+0500 [DEBUG] [org.gradle.cache.internal.DefaultFileLockManager] Waiting to acquire shared lock on daemon addresses registry.
2026-03-14T16:19:07.639+0500 [DEBUG] [org.gradle.cache.internal.DefaultFileLockManager] Lock acquired on daemon addresses registry.
2026-03-14T16:19:07.639+0500 [DEBUG] [org.gradle.cache.internal.DefaultFileLockManager] Releasing lock on daemon addresses registry.
2026-03-14T16:19:07.639+0500 [DEBUG] [org.gradle.cache.internal.DefaultFileLockManager] Waiting to acquire shared lock on daemon addresses registry.
2026-03-14T16:19:07.639+0500 [DEBUG] [org.gradle.cache.internal.DefaultFileLockManager] Lock acquired on daemon addresses registry.
2026-03-14T16:19:07.639+0500 [DEBUG] [org.gradle.cache.internal.DefaultFileLockManager] Releasing lock on daemon addresses registry.
2026-03-14T16:34:45.226+0500 [DEBUG] [org.gradle.cache.internal.DefaultFileLockManager] Waiting to acquire shared lock on daemon addresses registry.
2026-03-14T16:34:45.227+0500 [DEBUG] [org.gradle.cache.internal.DefaultFileLockManager] Lock acquired on daemon addresses registry.
2026-03-14T16:34:45.227+0500 [DEBUG] [org.gradle.cache.internal.DefaultFileLockManager] Releasing lock on daemon addresses registry.
2026-03-14T16:34:45.227+0500 [DEBUG] [org.gradle.cache.internal.DefaultFileLockManager] Waiting to acquire shared lock on daemon addresses registry.
2026-03-14T16:34:45.228+0500 [DEBUG] [org.gradle.cache.internal.DefaultFileLockManager] Lock acquired on daemon addresses registry.
2026-03-14T16:34:45.228+0500 [DEBUG] [org.gradle.cache.internal.DefaultFileLockManager] Releasing lock on daemon addresses registry.
2026-03-14T16:34:45.228+0500 [DEBUG] [org.gradle.cache.internal.DefaultFileLockManager] Waiting to acquire shared lock on daemon addresses registry.
2026-03-14T16:34:45.228+0500 [DEBUG] [org.gradle.cache.internal.DefaultFileLockManager] Lock acquired on daemon addresses registry.
2026-03-14T16:34:45.228+0500 [DEBUG] [org.gradle.cache.internal.DefaultFileLockManager] Releasing lock on daemon addresses registry.
2026-03-14T16:59:07.872+0500 [DEBUG] [org.gradle.cache.internal.DefaultFileLockManager] Waiting to acquire shared lock on daemon addresses registry.
2026-03-14T16:59:07.873+0500 [DEBUG] [org.gradle.cache.internal.DefaultFileLockManager] Lock acquired on daemon addresses registry.
2026-03-14T16:59:07.873+0500 [DEBUG] [org.gradle.cache.internal.DefaultFileLockManager] Releasing lock on daemon addresses registry.
2026-03-14T16:59:07.873+0500 [DEBUG] [org.gradle.cache.internal.DefaultFileLockManager] Waiting to acquire shared lock on daemon addresses registry.
2026-03-14T16:59:07.874+0500 [DEBUG] [org.gradle.cache.internal.DefaultFileLockManager] Lock acquired on daemon addresses registry.
2026-03-14T16:59:07.874+0500 [DEBUG] [org.gradle.cache.internal.DefaultFileLockManager] Releasing lock on daemon addresses registry.
2026-03-14T16:59:07.874+0500 [DEBUG] [org.gradle.cache.internal.DefaultFileLockManager] Waiting to acquire shared lock on daemon addresses registry.
2026-03-14T16:59:07.874+0500 [DEBUG] [org.gradle.cache.internal.DefaultFileLockManager] Lock acquired on daemon addresses registry.
2026-03-14T16:59:07.874+0500 [DEBUG] [org.gradle.cache.internal.DefaultFileLockManager] Releasing lock on daemon addresses registry.
2026-03-14T17:14:33.587+0500 [DEBUG] [org.gradle.cache.internal.DefaultFileLockManager] Waiting to acquire shared lock on daemon addresses registry.
2026-03-14T17:14:33.589+0500 [DEBUG] [org.gradle.cache.internal.DefaultFileLockManager] Lock acquired on daemon addresses registry.
2026-03-14T17:14:33.590+0500 [DEBUG] [org.gradle.cache.internal.DefaultFileLockManager] Releasing lock on daemon addresses registry.
2026-03-14T17:14:33.591+0500 [DEBUG] [org.gradle.cache.internal.DefaultFileLockManager] Waiting to acquire shared lock on daemon addresses registry.
2026-03-14T17:14:33.591+0500 [DEBUG] [org.gradle.cache.internal.DefaultFileLockManager] Lock acquired on daemon addresses registry.
2026-03-14T17:14:33.591+0500 [DEBUG] [org.gradle.cache.internal.DefaultFileLockManager] Releasing lock on daemon addresses registry.
2026-03-14T17:14:33.592+0500 [DEBUG] [org.gradle.cache.internal.DefaultFileLockManager] Waiting to acquire shared lock on daemon addresses registry.
2026-03-14T17:14:33.592+0500 [DEBUG] [org.gradle.cache.internal.DefaultFileLockManager] Lock acquired on daemon addresses registry.
2026-03-14T17:14:33.592+0500 [DEBUG] [org.gradle.cache.internal.DefaultFileLockManager] Releasing lock on daemon addresses registry.
2026-03-14T17:34:33.857+0500 [DEBUG] [org.gradle.cache.internal.DefaultFileLockManager] Waiting to acquire shared lock on daemon addresses registry.
2026-03-14T17:34:33.858+0500 [DEBUG] [org.gradle.cache.internal.DefaultFileLockManager] Lock acquired on daemon addresses registry.
2026-03-14T17:34:33.858+0500 [DEBUG] [org.gradle.cache.internal.DefaultFileLockManager] Releasing lock on daemon addresses registry.
2026-03-14T17:34:33.859+0500 [DEBUG] [org.gradle.cache.internal.DefaultFileLockManager] Waiting to acquire shared lock on daemon addresses registry.
2026-03-14T17:34:33.859+0500 [DEBUG] [org.gradle.cache.internal.DefaultFileLockManager] Lock acquired on daemon addresses registry.
2026-03-14T17:34:33.859+0500 [DEBUG] [org.gradle.cache.internal.DefaultFileLockManager] Releasing lock on daemon addresses registry.
2026-03-14T17:34:33.860+0500 [DEBUG] [org.gradle.cache.internal.DefaultFileLockManager] Waiting to acquire shared lock on daemon addresses registry.
2026-03-14T17:34:33.860+0500 [DEBUG] [org.gradle.cache.internal.DefaultFileLockManager] Lock acquired on daemon addresses registry.
2026-03-14T17:34:33.860+0500 [DEBUG] [org.gradle.cache.internal.DefaultFileLockManager] Releasing lock on daemon addresses registry.
2026-03-14T17:52:12.386+0500 [DEBUG] [org.gradle.cache.internal.DefaultFileLockManager] Waiting to acquire shared lock on daemon addresses registry.
2026-03-14T17:52:12.386+0500 [DEBUG] [org.gradle.cache.internal.DefaultFileLockManager] Lock acquired on daemon addresses registry.
2026-03-14T17:52:12.387+0500 [DEBUG] [org.gradle.cache.internal.DefaultFileLockManager] Releasing lock on daemon addresses registry.
2026-03-14T17:52:12.388+0500 [DEBUG] [org.gradle.cache.internal.DefaultFileLockManager] Waiting to acquire shared lock on daemon addresses registry.
2026-03-14T17:52:12.388+0500 [DEBUG] [org.gradle.cache.internal.DefaultFileLockManager] Lock acquired on daemon addresses registry.
2026-03-14T17:52:12.388+0500 [DEBUG] [org.gradle.cache.internal.DefaultFileLockManager] Releasing lock on daemon addresses registry.
2026-03-14T17:52:12.389+0500 [DEBUG] [org.gradle.cache.internal.DefaultFileLockManager] Waiting to acquire shared lock on daemon addresses registry.
2026-03-14T17:52:12.389+0500 [DEBUG] [org.gradle.cache.internal.DefaultFileLockManager] Lock acquired on daemon addresses registry.
2026-03-14T17:52:12.389+0500 [DEBUG] [org.gradle.cache.internal.DefaultFileLockManager] Releasing lock on daemon addresses registry.
2026-03-14T18:25:28.653+0500 [DEBUG] [org.gradle.cache.internal.DefaultFileLockManager] Waiting to acquire shared lock on daemon addresses registry.
2026-03-14T18:25:28.656+0500 [DEBUG] [org.gradle.cache.internal.DefaultFileLockManager] Lock acquired on daemon addresses registry.
2026-03-14T18:25:28.658+0500 [DEBUG] [org.gradle.cache.internal.DefaultFileLockManager] Releasing lock on daemon addresses registry.
2026-03-14T18:25:28.660+0500 [DEBUG] [org.gradle.cache.internal.DefaultFileLockManager] Waiting to acquire shared lock on daemon addresses registry.
2026-03-14T18:25:28.660+0500 [DEBUG] [org.gradle.cache.internal.DefaultFileLockManager] Lock acquired on daemon addresses registry.
2026-03-14T18:25:28.660+0500 [DEBUG] [org.gradle.cache.internal.DefaultFileLockManager] Releasing lock on daemon addresses registry.
2026-03-14T18:25:28.661+0500 [DEBUG] [org.gradle.cache.internal.DefaultFileLockManager] Waiting to acquire shared lock on daemon addresses registry.
2026-03-14T18:25:28.661+0500 [DEBUG] [org.gradle.cache.internal.DefaultFileLockManager] Lock acquired on daemon addresses registry.
2026-03-14T18:25:28.661+0500 [DEBUG] [org.gradle.cache.internal.DefaultFileLockManager] Releasing lock on daemon addresses registry.
2026-03-14T18:25:38.775+0500 [DEBUG] [org.gradle.cache.internal.DefaultFileLockManager] Waiting to acquire shared lock on daemon addresses registry.
2026-03-14T18:25:38.861+0500 [DEBUG] [org.gradle.cache.internal.DefaultFileLockManager] Lock acquired on daemon addresses registry.
2026-03-14T18:25:38.862+0500 [DEBUG] [org.gradle.cache.internal.DefaultFileLockManager] Releasing lock on daemon addresses registry.
2026-03-14T18:25:38.862+0500 [DEBUG] [org.gradle.cache.internal.DefaultFileLockManager] Waiting to acquire shared lock on daemon addresses registry.
2026-03-14T18:25:38.863+0500 [DEBUG] [org.gradle.cache.internal.DefaultFileLockManager] Lock acquired on daemon addresses registry.
2026-03-14T18:25:38.863+0500 [DEBUG] [org.gradle.cache.internal.DefaultFileLockManager] Releasing lock on daemon addresses registry.
2026-03-14T18:25:38.863+0500 [DEBUG] [org.gradle.cache.internal.DefaultFileLockManager] Waiting to acquire shared lock on daemon addresses registry.
2026-03-14T18:25:38.863+0500 [DEBUG] [org.gradle.cache.internal.DefaultFileLockManager] Lock acquired on daemon addresses registry.
2026-03-14T18:25:38.864+0500 [DEBUG] [org.gradle.cache.internal.DefaultFileLockManager] Releasing lock on daemon addresses registry.
2026-03-14T18:35:41.399+0500 [DEBUG] [org.gradle.cache.internal.DefaultFileLockManager] Waiting to acquire shared lock on daemon addresses registry.
2026-03-14T18:35:41.400+0500 [DEBUG] [org.gradle.cache.internal.DefaultFileLockManager] Lock acquired on daemon addresses registry.
2026-03-14T18:35:41.400+0500 [DEBUG] [org.gradle.cache.internal.DefaultFileLockManager] Releasing lock on daemon addresses registry.
2026-03-14T18:35:41.401+0500 [DEBUG] [org.gradle.cache.internal.DefaultFileLockManager] Waiting to acquire shared lock on daemon addresses registry.
2026-03-14T18:35:41.401+0500 [DEBUG] [org.gradle.cache.internal.DefaultFileLockManager] Lock acquired on daemon addresses registry.
2026-03-14T18:35:41.401+0500 [DEBUG] [org.gradle.cache.internal.DefaultFileLockManager] Releasing lock on daemon addresses registry.
2026-03-14T18:35:41.402+0500 [DEBUG] [org.gradle.cache.internal.DefaultFileLockManager] Waiting to acquire shared lock on daemon addresses registry.
2026-03-14T18:35:41.402+0500 [DEBUG] [org.gradle.cache.internal.DefaultFileLockManager] Lock acquired on daemon addresses registry.
2026-03-14T18:35:41.402+0500 [DEBUG] [org.gradle.cache.internal.DefaultFileLockManager] Releasing lock on daemon addresses registry.
2026-03-14T18:55:01.657+0500 [DEBUG] [org.gradle.cache.internal.DefaultFileLockManager] Waiting to acquire shared lock on daemon addresses registry.
2026-03-14T18:55:01.661+0500 [DEBUG] [org.gradle.cache.internal.DefaultFileLockManager] Lock acquired on daemon addresses registry.
2026-03-14T18:55:01.663+0500 [DEBUG] [org.gradle.cache.internal.DefaultFileLockManager] Releasing lock on daemon addresses registry.
2026-03-14T18:55:01.664+0500 [DEBUG] [org.gradle.cache.internal.DefaultFileLockManager] Waiting to acquire shared lock on daemon addresses registry.
2026-03-14T18:55:01.665+0500 [DEBUG] [org.gradle.cache.internal.DefaultFileLockManager] Lock acquired on daemon addresses registry.
2026-03-14T18:55:01.665+0500 [DEBUG] [org.gradle.cache.internal.DefaultFileLockManager] Releasing lock on daemon addresses registry.
2026-03-14T18:55:01.665+0500 [DEBUG] [org.gradle.cache.internal.DefaultFileLockManager] Waiting to acquire shared lock on daemon addresses registry.
2026-03-14T18:55:01.665+0500 [DEBUG] [org.gradle.cache.internal.DefaultFileLockManager] Lock acquired on daemon addresses registry.
2026-03-14T18:55:01.666+0500 [DEBUG] [org.gradle.cache.internal.DefaultFileLockManager] Releasing lock on daemon addresses registry.
2026-03-14T18:55:06.525+0500 [DEBUG] [sun.rmi.dgc] RMI Scheduler(0): 7aba19a3851e7991:-6c0298d5:19cebc1a7b3:-7ff8
2026-03-14T18:55:06.527+0500 [DEBUG] [sun.rmi.dgc] RMI Scheduler(0): removing endpoint 7aba19a3851e7991:-6c0298d5:19cebc1a7b3:-7ff8 from reference set
2026-03-14T18:55:06.528+0500 [DEBUG] [sun.rmi.dgc] RMI Scheduler(0): removing endpoint 7aba19a3851e7991:-6c0298d5:19cebc1a7b3:-7ff8 from reference set
2026-03-14T18:55:47.511+0500 [DEBUG] [org.gradle.cache.internal.DefaultFileLockManager] Waiting to acquire shared lock on daemon addresses registry.
2026-03-14T18:55:47.512+0500 [DEBUG] [org.gradle.cache.internal.DefaultFileLockManager] Lock acquired on daemon addresses registry.
2026-03-14T18:55:47.513+0500 [DEBUG] [org.gradle.cache.internal.DefaultFileLockManager] Releasing lock on daemon addresses registry.
2026-03-14T18:55:47.513+0500 [DEBUG] [org.gradle.cache.internal.DefaultFileLockManager] Waiting to acquire shared lock on daemon addresses registry.
2026-03-14T18:55:47.514+0500 [DEBUG] [org.gradle.cache.internal.DefaultFileLockManager] Lock acquired on daemon addresses registry.
2026-03-14T18:55:47.514+0500 [DEBUG] [org.gradle.cache.internal.DefaultFileLockManager] Releasing lock on daemon addresses registry.
2026-03-14T18:55:47.514+0500 [DEBUG] [org.gradle.cache.internal.DefaultFileLockManager] Waiting to acquire shared lock on daemon addresses registry.
2026-03-14T18:55:47.514+0500 [DEBUG] [org.gradle.cache.internal.DefaultFileLockManager] Lock acquired on daemon addresses registry.
2026-03-14T18:55:47.515+0500 [DEBUG] [org.gradle.cache.internal.DefaultFileLockManager] Releasing lock on daemon addresses registry.
2026-03-14T18:55:59.122+0500 [DEBUG] [org.gradle.cache.internal.DefaultFileLockManager] Waiting to acquire shared lock on daemon addresses registry.
2026-03-14T18:55:59.123+0500 [DEBUG] [org.gradle.cache.internal.DefaultFileLockManager] Lock acquired on daemon addresses registry.
2026-03-14T18:55:59.123+0500 [DEBUG] [org.gradle.cache.internal.DefaultFileLockManager] Releasing lock on daemon addresses registry.
2026-03-14T18:55:59.124+0500 [DEBUG] [org.gradle.cache.internal.DefaultFileLockManager] Waiting to acquire shared lock on daemon addresses registry.
2026-03-14T18:55:59.124+0500 [DEBUG] [org.gradle.cache.internal.DefaultFileLockManager] Lock acquired on daemon addresses registry.
2026-03-14T18:55:59.124+0500 [DEBUG] [org.gradle.cache.internal.DefaultFileLockManager] Releasing lock on daemon addresses registry.
2026-03-14T18:55:59.124+0500 [DEBUG] [org.gradle.cache.internal.DefaultFileLockManager] Waiting to acquire shared lock on daemon addresses registry.
2026-03-14T18:55:59.124+0500 [DEBUG] [org.gradle.cache.internal.DefaultFileLockManager] Lock acquired on daemon addresses registry.
2026-03-14T18:55:59.125+0500 [DEBUG] [org.gradle.cache.internal.DefaultFileLockManager] Releasing lock on daemon addresses registry.
2026-03-14T18:58:56.773+0500 [DEBUG] [org.gradle.cache.internal.DefaultFileLockManager] Waiting to acquire shared lock on daemon addresses registry.
2026-03-14T18:58:56.779+0500 [DEBUG] [org.gradle.cache.internal.DefaultFileLockManager] Lock acquired on daemon addresses registry.
2026-03-14T18:58:56.780+0500 [DEBUG] [org.gradle.cache.internal.DefaultFileLockManager] Releasing lock on daemon addresses registry.
2026-03-14T18:58:56.782+0500 [DEBUG] [org.gradle.cache.internal.DefaultFileLockManager] Waiting to acquire shared lock on daemon addresses registry.
2026-03-14T18:58:56.783+0500 [DEBUG] [org.gradle.cache.internal.DefaultFileLockManager] Lock acquired on daemon addresses registry.
2026-03-14T18:58:56.783+0500 [DEBUG] [org.gradle.cache.internal.DefaultFileLockManager] Releasing lock on daemon addresses registry.
2026-03-14T18:58:56.783+0500 [DEBUG] [org.gradle.cache.internal.DefaultFileLockManager] Waiting to acquire shared lock on daemon addresses registry.
2026-03-14T18:58:56.783+0500 [DEBUG] [org.gradle.cache.internal.DefaultFileLockManager] Lock acquired on daemon addresses registry.
2026-03-14T18:58:56.783+0500 [DEBUG] [org.gradle.cache.internal.DefaultFileLockManager] Releasing lock on daemon addresses registry.
2026-03-14T18:59:10.397+0500 [DEBUG] [org.gradle.cache.internal.DefaultFileLockManager] Waiting to acquire shared lock on daemon addresses registry.
2026-03-14T18:59:10.398+0500 [DEBUG] [org.gradle.cache.internal.DefaultFileLockManager] Lock acquired on daemon addresses registry.
2026-03-14T18:59:10.399+0500 [DEBUG] [org.gradle.cache.internal.DefaultFileLockManager] Releasing lock on daemon addresses registry.
2026-03-14T18:59:10.400+0500 [DEBUG] [org.gradle.cache.internal.DefaultFileLockManager] Waiting to acquire shared lock on daemon addresses registry.
2026-03-14T18:59:10.400+0500 [DEBUG] [org.gradle.cache.internal.DefaultFileLockManager] Lock acquired on daemon addresses registry.
2026-03-14T18:59:10.400+0500 [DEBUG] [org.gradle.cache.internal.DefaultFileLockManager] Releasing lock on daemon addresses registry.
2026-03-14T18:59:10.401+0500 [DEBUG] [org.gradle.cache.internal.DefaultFileLockManager] Waiting to acquire shared lock on daemon addresses registry.
2026-03-14T18:59:10.401+0500 [DEBUG] [org.gradle.cache.internal.DefaultFileLockManager] Lock acquired on daemon addresses registry.
2026-03-14T18:59:10.401+0500 [DEBUG] [org.gradle.cache.internal.DefaultFileLockManager] Releasing lock on daemon addresses registry.
2026-03-14T18:59:28.581+0500 [DEBUG] [org.gradle.cache.internal.DefaultFileLockManager] Waiting to acquire shared lock on daemon addresses registry.
2026-03-14T18:59:28.582+0500 [DEBUG] [org.gradle.cache.internal.DefaultFileLockManager] Lock acquired on daemon addresses registry.
2026-03-14T18:59:28.582+0500 [DEBUG] [org.gradle.cache.internal.DefaultFileLockManager] Releasing lock on daemon addresses registry.
2026-03-14T18:59:28.583+0500 [DEBUG] [org.gradle.cache.internal.DefaultFileLockManager] Waiting to acquire shared lock on daemon addresses registry.
2026-03-14T18:59:28.583+0500 [DEBUG] [org.gradle.cache.internal.DefaultFileLockManager] Lock acquired on daemon addresses registry.
2026-03-14T18:59:28.584+0500 [DEBUG] [org.gradle.cache.internal.DefaultFileLockManager] Releasing lock on daemon addresses registry.
2026-03-14T18:59:28.584+0500 [DEBUG] [org.gradle.cache.internal.DefaultFileLockManager] Waiting to acquire shared lock on daemon addresses registry.
2026-03-14T18:59:28.584+0500 [DEBUG] [org.gradle.cache.internal.DefaultFileLockManager] Lock acquired on daemon addresses registry.
2026-03-14T18:59:28.585+0500 [DEBUG] [org.gradle.cache.internal.DefaultFileLockManager] Releasing lock on daemon addresses registry.
2026-03-14T18:59:41.808+0500 [DEBUG] [org.gradle.cache.internal.DefaultFileLockManager] Waiting to acquire shared lock on daemon addresses registry.
2026-03-14T18:59:41.809+0500 [DEBUG] [org.gradle.cache.internal.DefaultFileLockManager] Lock acquired on daemon addresses registry.
2026-03-14T18:59:41.810+0500 [DEBUG] [org.gradle.cache.internal.DefaultFileLockManager] Releasing lock on daemon addresses registry.
2026-03-14T18:59:41.810+0500 [DEBUG] [org.gradle.cache.internal.DefaultFileLockManager] Waiting to acquire shared lock on daemon addresses registry.
2026-03-14T18:59:41.810+0500 [DEBUG] [org.gradle.cache.internal.DefaultFileLockManager] Lock acquired on daemon addresses registry.
2026-03-14T18:59:41.811+0500 [DEBUG] [org.gradle.cache.internal.DefaultFileLockManager] Releasing lock on daemon addresses registry.
2026-03-14T18:59:41.811+0500 [DEBUG] [org.gradle.cache.internal.DefaultFileLockManager] Waiting to acquire shared lock on daemon addresses registry.
2026-03-14T18:59:41.811+0500 [DEBUG] [org.gradle.cache.internal.DefaultFileLockManager] Lock acquired on daemon addresses registry.
2026-03-14T18:59:41.812+0500 [DEBUG] [org.gradle.cache.internal.DefaultFileLockManager] Releasing lock on daemon addresses registry.
2026-03-14T19:08:43.200+0500 [DEBUG] [org.gradle.cache.internal.DefaultFileLockManager] Waiting to acquire shared lock on daemon addresses registry.
2026-03-14T19:08:43.201+0500 [DEBUG] [org.gradle.cache.internal.DefaultFileLockManager] Lock acquired on daemon addresses registry.
2026-03-14T19:08:43.202+0500 [DEBUG] [org.gradle.cache.internal.DefaultFileLockManager] Releasing lock on daemon addresses registry.
2026-03-14T19:08:43.203+0500 [DEBUG] [org.gradle.cache.internal.DefaultFileLockManager] Waiting to acquire shared lock on daemon addresses registry.
2026-03-14T19:08:43.203+0500 [DEBUG] [org.gradle.cache.internal.DefaultFileLockManager] Lock acquired on daemon addresses registry.
2026-03-14T19:08:43.203+0500 [DEBUG] [org.gradle.cache.internal.DefaultFileLockManager] Releasing lock on daemon addresses registry.
2026-03-14T19:08:43.204+0500 [DEBUG] [org.gradle.cache.internal.DefaultFileLockManager] Waiting to acquire shared lock on daemon addresses registry.
2026-03-14T19:08:43.204+0500 [DEBUG] [org.gradle.cache.internal.DefaultFileLockManager] Lock acquired on daemon addresses registry.
2026-03-14T19:08:43.204+0500 [DEBUG] [org.gradle.cache.internal.DefaultFileLockManager] Releasing lock on daemon addresses registry.
2026-03-14T19:08:44.375+0500 [DEBUG] [sun.rmi.transport.tcp] RMI TCP Connection(32)-127.0.0.1: accepted socket from [127.0.0.1:57958]
2026-03-14T19:08:44.376+0500 [DEBUG] [sun.rmi.transport.tcp] RMI TCP Connection(32)-127.0.0.1: (port 54929) op = 80
2026-03-14T19:08:44.377+0500 [DEBUG] [sun.rmi.loader] RMI TCP Connection(32)-127.0.0.1: name = "[Ljava.rmi.server.ObjID;", codebase = "", defaultLoader = jdk.internal.loader.ClassLoaders$PlatformClassLoader@30e1411f
2026-03-14T19:08:44.378+0500 [DEBUG] [sun.rmi.loader] RMI TCP Connection(32)-127.0.0.1: name = "java.rmi.dgc.Lease", codebase = "", defaultLoader = jdk.internal.loader.ClassLoaders$PlatformClassLoader@30e1411f
2026-03-14T19:08:44.378+0500 [DEBUG] [sun.rmi.loader] RMI TCP Connection(32)-127.0.0.1: name = "java.rmi.dgc.VMID", codebase = "", defaultLoader = jdk.internal.loader.ClassLoaders$PlatformClassLoader@30e1411f
2026-03-14T19:08:44.378+0500 [DEBUG] [sun.rmi.loader] RMI TCP Connection(32)-127.0.0.1: name = "[B", codebase = "", defaultLoader = jdk.internal.loader.ClassLoaders$PlatformClassLoader@30e1411f
2026-03-14T19:08:44.378+0500 [DEBUG] [sun.rmi.loader] RMI TCP Connection(32)-127.0.0.1: name = "java.rmi.server.UID", codebase = "", defaultLoader = jdk.internal.loader.ClassLoaders$PlatformClassLoader@30e1411f
2026-03-14T19:08:53.186+0500 [DEBUG] [org.gradle.cache.internal.DefaultFileLockManager] Waiting to acquire shared lock on daemon addresses registry.
2026-03-14T19:08:53.186+0500 [DEBUG] [org.gradle.cache.internal.DefaultFileLockManager] Lock acquired on daemon addresses registry.
2026-03-14T19:08:53.186+0500 [DEBUG] [org.gradle.cache.internal.DefaultFileLockManager] Releasing lock on daemon addresses registry.
2026-03-14T19:08:53.187+0500 [DEBUG] [org.gradle.cache.internal.DefaultFileLockManager] Waiting to acquire shared lock on daemon addresses registry.
2026-03-14T19:08:53.187+0500 [DEBUG] [org.gradle.cache.internal.DefaultFileLockManager] Lock acquired on daemon addresses registry.
2026-03-14T19:08:53.187+0500 [DEBUG] [org.gradle.cache.internal.DefaultFileLockManager] Releasing lock on daemon addresses registry.
2026-03-14T19:08:53.188+0500 [DEBUG] [org.gradle.cache.internal.DefaultFileLockManager] Waiting to acquire shared lock on daemon addresses registry.
2026-03-14T19:08:53.188+0500 [DEBUG] [org.gradle.cache.internal.DefaultFileLockManager] Lock acquired on daemon addresses registry.
2026-03-14T19:08:53.188+0500 [DEBUG] [org.gradle.cache.internal.DefaultFileLockManager] Releasing lock on daemon addresses registry.
2026-03-14T19:09:04.779+0500 [DEBUG] [org.gradle.cache.internal.DefaultFileLockManager] Waiting to acquire shared lock on daemon addresses registry.
2026-03-14T19:09:04.780+0500 [DEBUG] [org.gradle.cache.internal.DefaultFileLockManager] Lock acquired on daemon addresses registry.
2026-03-14T19:09:04.780+0500 [DEBUG] [org.gradle.cache.internal.DefaultFileLockManager] Releasing lock on daemon addresses registry.
2026-03-14T19:09:04.781+0500 [DEBUG] [org.gradle.cache.internal.DefaultFileLockManager] Waiting to acquire shared lock on daemon addresses registry.
2026-03-14T19:09:04.781+0500 [DEBUG] [org.gradle.cache.internal.DefaultFileLockManager] Lock acquired on daemon addresses registry.
2026-03-14T19:09:04.781+0500 [DEBUG] [org.gradle.cache.internal.DefaultFileLockManager] Releasing lock on daemon addresses registry.
2026-03-14T19:09:04.782+0500 [DEBUG] [org.gradle.cache.internal.DefaultFileLockManager] Waiting to acquire shared lock on daemon addresses registry.
2026-03-14T19:09:04.782+0500 [DEBUG] [org.gradle.cache.internal.DefaultFileLockManager] Lock acquired on daemon addresses registry.
2026-03-14T19:09:04.782+0500 [DEBUG] [org.gradle.cache.internal.DefaultFileLockManager] Releasing lock on daemon addresses registry.
2026-03-14T19:09:14.773+0500 [DEBUG] [org.gradle.cache.internal.DefaultFileLockManager] Waiting to acquire shared lock on daemon addresses registry.
2026-03-14T19:09:14.775+0500 [DEBUG] [org.gradle.cache.internal.DefaultFileLockManager] Lock acquired on daemon addresses registry.
2026-03-14T19:09:14.776+0500 [DEBUG] [org.gradle.cache.internal.DefaultFileLockManager] Releasing lock on daemon addresses registry.
2026-03-14T19:09:14.777+0500 [DEBUG] [org.gradle.cache.internal.DefaultFileLockManager] Waiting to acquire shared lock on daemon addresses registry.
2026-03-14T19:09:14.777+0500 [DEBUG] [org.gradle.cache.internal.DefaultFileLockManager] Lock acquired on daemon addresses registry.
2026-03-14T19:09:14.778+0500 [DEBUG] [org.gradle.cache.internal.DefaultFileLockManager] Releasing lock on daemon addresses registry.
2026-03-14T19:09:14.778+0500 [DEBUG] [org.gradle.cache.internal.DefaultFileLockManager] Waiting to acquire shared lock on daemon addresses registry.
2026-03-14T19:09:14.779+0500 [DEBUG] [org.gradle.cache.internal.DefaultFileLockManager] Lock acquired on daemon addresses registry.
2026-03-14T19:09:14.779+0500 [DEBUG] [org.gradle.cache.internal.DefaultFileLockManager] Releasing lock on daemon addresses registry.
2026-03-14T19:09:15.979+0500 [DEBUG] [sun.rmi.transport.tcp] RMI TCP Connection(32)-127.0.0.1: (port 54929) connection closed
2026-03-14T19:09:15.979+0500 [DEBUG] [sun.rmi.transport.tcp] RMI TCP Connection(32)-127.0.0.1: close connection, socket: Socket[addr=/127.0.0.1,port=57958,localport=54929]
2026-03-14T19:09:15.980+0500 [DEBUG] [sun.rmi.transport.tcp] RMI TCP Connection(32)-127.0.0.1: socket close: Socket[addr=/127.0.0.1,port=57958,localport=54929]
2026-03-14T19:11:22.483+0500 [DEBUG] [org.gradle.cache.internal.DefaultFileLockManager] Waiting to acquire shared lock on daemon addresses registry.
2026-03-14T19:11:22.484+0500 [DEBUG] [org.gradle.cache.internal.DefaultFileLockManager] Lock acquired on daemon addresses registry.
2026-03-14T19:11:22.484+0500 [DEBUG] [org.gradle.cache.internal.DefaultFileLockManager] Releasing lock on daemon addresses registry.
2026-03-14T19:11:22.485+0500 [DEBUG] [org.gradle.cache.internal.DefaultFileLockManager] Waiting to acquire shared lock on daemon addresses registry.
2026-03-14T19:11:22.486+0500 [DEBUG] [org.gradle.cache.internal.DefaultFileLockManager] Lock acquired on daemon addresses registry.
2026-03-14T19:11:22.486+0500 [DEBUG] [org.gradle.cache.internal.DefaultFileLockManager] Releasing lock on daemon addresses registry.
2026-03-14T19:11:22.486+0500 [DEBUG] [org.gradle.cache.internal.DefaultFileLockManager] Waiting to acquire shared lock on daemon addresses registry.
2026-03-14T19:11:22.486+0500 [DEBUG] [org.gradle.cache.internal.DefaultFileLockManager] Lock acquired on daemon addresses registry.
2026-03-14T19:11:22.487+0500 [DEBUG] [org.gradle.cache.internal.DefaultFileLockManager] Releasing lock on daemon addresses registry.
2026-03-14T19:11:32.480+0500 [DEBUG] [org.gradle.cache.internal.DefaultFileLockManager] Waiting to acquire shared lock on daemon addresses registry.
2026-03-14T19:11:32.481+0500 [DEBUG] [org.gradle.cache.internal.DefaultFileLockManager] Lock acquired on daemon addresses registry.
2026-03-14T19:11:32.481+0500 [DEBUG] [org.gradle.cache.internal.DefaultFileLockManager] Releasing lock on daemon addresses registry.
2026-03-14T19:11:32.482+0500 [DEBUG] [org.gradle.cache.internal.DefaultFileLockManager] Waiting to acquire shared lock on daemon addresses registry.
2026-03-14T19:11:32.482+0500 [DEBUG] [org.gradle.cache.internal.DefaultFileLockManager] Lock acquired on daemon addresses registry.
2026-03-14T19:11:32.482+0500 [DEBUG] [org.gradle.cache.internal.DefaultFileLockManager] Releasing lock on daemon addresses registry.
2026-03-14T19:11:32.483+0500 [DEBUG] [org.gradle.cache.internal.DefaultFileLockManager] Waiting to acquire shared lock on daemon addresses registry.
2026-03-14T19:11:32.483+0500 [DEBUG] [org.gradle.cache.internal.DefaultFileLockManager] Lock acquired on daemon addresses registry.
2026-03-14T19:11:32.483+0500 [DEBUG] [org.gradle.cache.internal.DefaultFileLockManager] Releasing lock on daemon addresses registry.
2026-03-14T19:11:47.802+0500 [DEBUG] [org.gradle.cache.internal.DefaultFileLockManager] Waiting to acquire shared lock on daemon addresses registry.
2026-03-14T19:11:47.803+0500 [DEBUG] [org.gradle.cache.internal.DefaultFileLockManager] Lock acquired on daemon addresses registry.
2026-03-14T19:11:47.804+0500 [DEBUG] [org.gradle.cache.internal.DefaultFileLockManager] Releasing lock on daemon addresses registry.
2026-03-14T19:11:47.804+0500 [DEBUG] [org.gradle.cache.internal.DefaultFileLockManager] Waiting to acquire shared lock on daemon addresses registry.
2026-03-14T19:11:47.805+0500 [DEBUG] [org.gradle.cache.internal.DefaultFileLockManager] Lock acquired on daemon addresses registry.
2026-03-14T19:11:47.805+0500 [DEBUG] [org.gradle.cache.internal.DefaultFileLockManager] Releasing lock on daemon addresses registry.
2026-03-14T19:11:47.805+0500 [DEBUG] [org.gradle.cache.internal.DefaultFileLockManager] Waiting to acquire shared lock on daemon addresses registry.
2026-03-14T19:11:47.805+0500 [DEBUG] [org.gradle.cache.internal.DefaultFileLockManager] Lock acquired on daemon addresses registry.
2026-03-14T19:11:47.806+0500 [DEBUG] [org.gradle.cache.internal.DefaultFileLockManager] Releasing lock on daemon addresses registry.
2026-03-14T19:18:26.591+0500 [DEBUG] [org.gradle.cache.internal.DefaultFileLockManager] Waiting to acquire shared lock on daemon addresses registry.
2026-03-14T19:18:26.591+0500 [DEBUG] [org.gradle.cache.internal.DefaultFileLockManager] Lock acquired on daemon addresses registry.
2026-03-14T19:18:26.591+0500 [DEBUG] [org.gradle.cache.internal.DefaultFileLockManager] Releasing lock on daemon addresses registry.
2026-03-14T19:18:26.592+0500 [DEBUG] [org.gradle.cache.internal.DefaultFileLockManager] Waiting to acquire shared lock on daemon addresses registry.
2026-03-14T19:18:26.592+0500 [DEBUG] [org.gradle.cache.internal.DefaultFileLockManager] Lock acquired on daemon addresses registry.
2026-03-14T19:18:26.593+0500 [DEBUG] [org.gradle.cache.internal.DefaultFileLockManager] Releasing lock on daemon addresses registry.
2026-03-14T19:18:26.593+0500 [DEBUG] [org.gradle.cache.internal.DefaultFileLockManager] Waiting to acquire shared lock on daemon addresses registry.
2026-03-14T19:18:26.593+0500 [DEBUG] [org.gradle.cache.internal.DefaultFileLockManager] Lock acquired on daemon addresses registry.
2026-03-14T19:18:26.593+0500 [DEBUG] [org.gradle.cache.internal.DefaultFileLockManager] Releasing lock on daemon addresses registry.
2026-03-14T19:18:40.391+0500 [DEBUG] [org.gradle.cache.internal.DefaultFileLockManager] Waiting to acquire shared lock on daemon addresses registry.
2026-03-14T19:18:40.392+0500 [DEBUG] [org.gradle.cache.internal.DefaultFileLockManager] Lock acquired on daemon addresses registry.
2026-03-14T19:18:40.392+0500 [DEBUG] [org.gradle.cache.internal.DefaultFileLockManager] Releasing lock on daemon addresses registry.
2026-03-14T19:18:40.393+0500 [DEBUG] [org.gradle.cache.internal.DefaultFileLockManager] Waiting to acquire shared lock on daemon addresses registry.
2026-03-14T19:18:40.393+0500 [DEBUG] [org.gradle.cache.internal.DefaultFileLockManager] Lock acquired on daemon addresses registry.
2026-03-14T19:18:40.393+0500 [DEBUG] [org.gradle.cache.internal.DefaultFileLockManager] Releasing lock on daemon addresses registry.
2026-03-14T19:18:40.394+0500 [DEBUG] [org.gradle.cache.internal.DefaultFileLockManager] Waiting to acquire shared lock on daemon addresses registry.
2026-03-14T19:18:40.394+0500 [DEBUG] [org.gradle.cache.internal.DefaultFileLockManager] Lock acquired on daemon addresses registry.
2026-03-14T19:18:40.394+0500 [DEBUG] [org.gradle.cache.internal.DefaultFileLockManager] Releasing lock on daemon addresses registry.
2026-03-14T19:18:59.374+0500 [DEBUG] [org.gradle.cache.internal.DefaultFileLockManager] Waiting to acquire shared lock on daemon addresses registry.
2026-03-14T19:18:59.376+0500 [DEBUG] [org.gradle.cache.internal.DefaultFileLockManager] Lock acquired on daemon addresses registry.
2026-03-14T19:18:59.376+0500 [DEBUG] [org.gradle.cache.internal.DefaultFileLockManager] Releasing lock on daemon addresses registry.
2026-03-14T19:18:59.377+0500 [DEBUG] [org.gradle.cache.internal.DefaultFileLockManager] Waiting to acquire shared lock on daemon addresses registry.
2026-03-14T19:18:59.378+0500 [DEBUG] [org.gradle.cache.internal.DefaultFileLockManager] Lock acquired on daemon addresses registry.
2026-03-14T19:18:59.378+0500 [DEBUG] [org.gradle.cache.internal.DefaultFileLockManager] Releasing lock on daemon addresses registry.
2026-03-14T19:18:59.378+0500 [DEBUG] [org.gradle.cache.internal.DefaultFileLockManager] Waiting to acquire shared lock on daemon addresses registry.
2026-03-14T19:18:59.378+0500 [DEBUG] [org.gradle.cache.internal.DefaultFileLockManager] Lock acquired on daemon addresses registry.
2026-03-14T19:18:59.379+0500 [DEBUG] [org.gradle.cache.internal.DefaultFileLockManager] Releasing lock on daemon addresses registry.
2026-03-14T19:26:11.719+0500 [DEBUG] [org.gradle.cache.internal.DefaultFileLockManager] Waiting to acquire shared lock on daemon addresses registry.
2026-03-14T19:26:11.720+0500 [DEBUG] [org.gradle.cache.internal.DefaultFileLockManager] Lock acquired on daemon addresses registry.
2026-03-14T19:26:11.721+0500 [DEBUG] [org.gradle.cache.internal.DefaultFileLockManager] Releasing lock on daemon addresses registry.
2026-03-14T19:26:11.722+0500 [DEBUG] [org.gradle.cache.internal.DefaultFileLockManager] Waiting to acquire shared lock on daemon addresses registry.
2026-03-14T19:26:11.722+0500 [DEBUG] [org.gradle.cache.internal.DefaultFileLockManager] Lock acquired on daemon addresses registry.
2026-03-14T19:26:11.722+0500 [DEBUG] [org.gradle.cache.internal.DefaultFileLockManager] Releasing lock on daemon addresses registry.
2026-03-14T19:26:11.722+0500 [DEBUG] [org.gradle.cache.internal.DefaultFileLockManager] Waiting to acquire shared lock on daemon addresses registry.
2026-03-14T19:26:11.723+0500 [DEBUG] [org.gradle.cache.internal.DefaultFileLockManager] Lock acquired on daemon addresses registry.
2026-03-14T19:26:11.723+0500 [DEBUG] [org.gradle.cache.internal.DefaultFileLockManager] Releasing lock on daemon addresses registry.
2026-03-14T19:27:55.734+0500 [DEBUG] [org.gradle.cache.internal.DefaultFileLockManager] Waiting to acquire shared lock on daemon addresses registry.
2026-03-14T19:27:55.735+0500 [DEBUG] [org.gradle.cache.internal.DefaultFileLockManager] Lock acquired on daemon addresses registry.
2026-03-14T19:27:55.735+0500 [DEBUG] [org.gradle.cache.internal.DefaultFileLockManager] Releasing lock on daemon addresses registry.
2026-03-14T19:27:55.736+0500 [DEBUG] [org.gradle.cache.internal.DefaultFileLockManager] Waiting to acquire shared lock on daemon addresses registry.
2026-03-14T19:27:55.736+0500 [DEBUG] [org.gradle.cache.internal.DefaultFileLockManager] Lock acquired on daemon addresses registry.
2026-03-14T19:27:55.737+0500 [DEBUG] [org.gradle.cache.internal.DefaultFileLockManager] Releasing lock on daemon addresses registry.
2026-03-14T19:27:55.737+0500 [DEBUG] [org.gradle.cache.internal.DefaultFileLockManager] Waiting to acquire shared lock on daemon addresses registry.
2026-03-14T19:27:55.737+0500 [DEBUG] [org.gradle.cache.internal.DefaultFileLockManager] Lock acquired on daemon addresses registry.
2026-03-14T19:27:55.737+0500 [DEBUG] [org.gradle.cache.internal.DefaultFileLockManager] Releasing lock on daemon addresses registry.
2026-03-14T19:32:16.467+0500 [DEBUG] [org.gradle.cache.internal.DefaultFileLockManager] Waiting to acquire shared lock on daemon addresses registry.
2026-03-14T19:32:16.467+0500 [DEBUG] [org.gradle.cache.internal.DefaultFileLockManager] Lock acquired on daemon addresses registry.
2026-03-14T19:32:16.468+0500 [DEBUG] [org.gradle.cache.internal.DefaultFileLockManager] Releasing lock on daemon addresses registry.
2026-03-14T19:32:16.468+0500 [DEBUG] [org.gradle.cache.internal.DefaultFileLockManager] Waiting to acquire shared lock on daemon addresses registry.
2026-03-14T19:32:16.468+0500 [DEBUG] [org.gradle.cache.internal.DefaultFileLockManager] Lock acquired on daemon addresses registry.
2026-03-14T19:32:16.468+0500 [DEBUG] [org.gradle.cache.internal.DefaultFileLockManager] Releasing lock on daemon addresses registry.
2026-03-14T19:32:16.469+0500 [DEBUG] [org.gradle.cache.internal.DefaultFileLockManager] Waiting to acquire shared lock on daemon addresses registry.
2026-03-14T19:32:16.469+0500 [DEBUG] [org.gradle.cache.internal.DefaultFileLockManager] Lock acquired on daemon addresses registry.
2026-03-14T19:32:16.469+0500 [DEBUG] [org.gradle.cache.internal.DefaultFileLockManager] Releasing lock on daemon addresses registry.
2026-03-14T19:36:36.307+0500 [DEBUG] [org.gradle.cache.internal.DefaultFileLockManager] Waiting to acquire shared lock on daemon addresses registry.
2026-03-14T19:36:36.308+0500 [DEBUG] [org.gradle.cache.internal.DefaultFileLockManager] Lock acquired on daemon addresses registry.
2026-03-14T19:36:36.308+0500 [DEBUG] [org.gradle.cache.internal.DefaultFileLockManager] Releasing lock on daemon addresses registry.
2026-03-14T19:36:36.309+0500 [DEBUG] [org.gradle.cache.internal.DefaultFileLockManager] Waiting to acquire shared lock on daemon addresses registry.
2026-03-14T19:36:36.309+0500 [DEBUG] [org.gradle.cache.internal.DefaultFileLockManager] Lock acquired on daemon addresses registry.
2026-03-14T19:36:36.310+0500 [DEBUG] [org.gradle.cache.internal.DefaultFileLockManager] Releasing lock on daemon addresses registry.
2026-03-14T19:36:36.310+0500 [DEBUG] [org.gradle.cache.internal.DefaultFileLockManager] Waiting to acquire shared lock on daemon addresses registry.
2026-03-14T19:36:36.310+0500 [DEBUG] [org.gradle.cache.internal.DefaultFileLockManager] Lock acquired on daemon addresses registry.
2026-03-14T19:36:36.310+0500 [DEBUG] [org.gradle.cache.internal.DefaultFileLockManager] Releasing lock on daemon addresses registry.
2026-03-14T19:40:09.476+0500 [DEBUG] [org.gradle.cache.internal.DefaultFileLockManager] Waiting to acquire shared lock on daemon addresses registry.
2026-03-14T19:40:09.477+0500 [DEBUG] [org.gradle.cache.internal.DefaultFileLockManager] Lock acquired on daemon addresses registry.
2026-03-14T19:40:09.478+0500 [DEBUG] [org.gradle.cache.internal.DefaultFileLockManager] Releasing lock on daemon addresses registry.
2026-03-14T19:40:09.478+0500 [DEBUG] [org.gradle.cache.internal.DefaultFileLockManager] Waiting to acquire shared lock on daemon addresses registry.
2026-03-14T19:40:09.479+0500 [DEBUG] [org.gradle.cache.internal.DefaultFileLockManager] Lock acquired on daemon addresses registry.
2026-03-14T19:40:09.479+0500 [DEBUG] [org.gradle.cache.internal.DefaultFileLockManager] Releasing lock on daemon addresses registry.
2026-03-14T19:40:09.479+0500 [DEBUG] [org.gradle.cache.internal.DefaultFileLockManager] Waiting to acquire shared lock on daemon addresses registry.
2026-03-14T19:40:09.479+0500 [DEBUG] [org.gradle.cache.internal.DefaultFileLockManager] Lock acquired on daemon addresses registry.
2026-03-14T19:40:09.480+0500 [DEBUG] [org.gradle.cache.internal.DefaultFileLockManager] Releasing lock on daemon addresses registry.
2026-03-14T19:43:36.809+0500 [DEBUG] [org.gradle.cache.internal.DefaultFileLockManager] Waiting to acquire shared lock on daemon addresses registry.
2026-03-14T19:43:36.810+0500 [DEBUG] [org.gradle.cache.internal.DefaultFileLockManager] Lock acquired on daemon addresses registry.
2026-03-14T19:43:36.811+0500 [DEBUG] [org.gradle.cache.internal.DefaultFileLockManager] Releasing lock on daemon addresses registry.
2026-03-14T19:43:36.811+0500 [DEBUG] [org.gradle.cache.internal.DefaultFileLockManager] Waiting to acquire shared lock on daemon addresses registry.
2026-03-14T19:43:36.811+0500 [DEBUG] [org.gradle.cache.internal.DefaultFileLockManager] Lock acquired on daemon addresses registry.
2026-03-14T19:43:36.812+0500 [DEBUG] [org.gradle.cache.internal.DefaultFileLockManager] Releasing lock on daemon addresses registry.
2026-03-14T19:43:36.812+0500 [DEBUG] [org.gradle.cache.internal.DefaultFileLockManager] Waiting to acquire shared lock on daemon addresses registry.
2026-03-14T19:43:36.812+0500 [DEBUG] [org.gradle.cache.internal.DefaultFileLockManager] Lock acquired on daemon addresses registry.
2026-03-14T19:43:36.813+0500 [DEBUG] [org.gradle.cache.internal.DefaultFileLockManager] Releasing lock on daemon addresses registry.
2026-03-14T19:45:07.923+0500 [DEBUG] [org.gradle.cache.internal.DefaultFileLockManager] Waiting to acquire shared lock on daemon addresses registry.
2026-03-14T19:45:07.924+0500 [DEBUG] [org.gradle.cache.internal.DefaultFileLockManager] Lock acquired on daemon addresses registry.
2026-03-14T19:45:07.925+0500 [DEBUG] [org.gradle.cache.internal.DefaultFileLockManager] Releasing lock on daemon addresses registry.
2026-03-14T19:45:07.925+0500 [DEBUG] [org.gradle.cache.internal.DefaultFileLockManager] Waiting to acquire shared lock on daemon addresses registry.
2026-03-14T19:45:07.926+0500 [DEBUG] [org.gradle.cache.internal.DefaultFileLockManager] Lock acquired on daemon addresses registry.
2026-03-14T19:45:07.926+0500 [DEBUG] [org.gradle.cache.internal.DefaultFileLockManager] Releasing lock on daemon addresses registry.
2026-03-14T19:45:07.926+0500 [DEBUG] [org.gradle.cache.internal.DefaultFileLockManager] Waiting to acquire shared lock on daemon addresses registry.
2026-03-14T19:45:07.926+0500 [DEBUG] [org.gradle.cache.internal.DefaultFileLockManager] Lock acquired on daemon addresses registry.
2026-03-14T19:45:07.927+0500 [DEBUG] [org.gradle.cache.internal.DefaultFileLockManager] Releasing lock on daemon addresses registry.
2026-03-14T20:01:53.794+0500 [DEBUG] [org.gradle.cache.internal.DefaultFileLockManager] Waiting to acquire shared lock on daemon addresses registry.
2026-03-14T20:01:53.794+0500 [DEBUG] [org.gradle.cache.internal.DefaultFileLockManager] Lock acquired on daemon addresses registry.
2026-03-14T20:01:53.794+0500 [DEBUG] [org.gradle.cache.internal.DefaultFileLockManager] Releasing lock on daemon addresses registry.
2026-03-14T20:01:53.794+0500 [DEBUG] [org.gradle.cache.internal.DefaultFileLockManager] Waiting to acquire shared lock on daemon addresses registry.
2026-03-14T20:01:53.794+0500 [DEBUG] [org.gradle.cache.internal.DefaultFileLockManager] Lock acquired on daemon addresses registry.
2026-03-14T20:01:53.795+0500 [DEBUG] [org.gradle.cache.internal.DefaultFileLockManager] Releasing lock on daemon addresses registry.
2026-03-14T20:01:53.795+0500 [DEBUG] [org.gradle.cache.internal.DefaultFileLockManager] Waiting to acquire shared lock on daemon addresses registry.
2026-03-14T20:01:53.795+0500 [DEBUG] [org.gradle.cache.internal.DefaultFileLockManager] Lock acquired on daemon addresses registry.
2026-03-14T20:01:53.795+0500 [DEBUG] [org.gradle.cache.internal.DefaultFileLockManager] Releasing lock on daemon addresses registry.
2026-03-14T20:19:15.618+0500 [DEBUG] [org.gradle.cache.internal.DefaultFileLockManager] Waiting to acquire shared lock on daemon addresses registry.
2026-03-14T20:19:15.621+0500 [DEBUG] [org.gradle.cache.internal.DefaultFileLockManager] Lock acquired on daemon addresses registry.
2026-03-14T20:19:15.623+0500 [DEBUG] [org.gradle.cache.internal.DefaultFileLockManager] Releasing lock on daemon addresses registry.
2026-03-14T20:19:15.625+0500 [DEBUG] [org.gradle.cache.internal.DefaultFileLockManager] Waiting to acquire shared lock on daemon addresses registry.
2026-03-14T20:19:15.625+0500 [DEBUG] [org.gradle.cache.internal.DefaultFileLockManager] Lock acquired on daemon addresses registry.
2026-03-14T20:19:15.625+0500 [DEBUG] [org.gradle.cache.internal.DefaultFileLockManager] Releasing lock on daemon addresses registry.
2026-03-14T20:19:15.625+0500 [DEBUG] [org.gradle.cache.internal.DefaultFileLockManager] Waiting to acquire shared lock on daemon addresses registry.
2026-03-14T20:19:15.625+0500 [DEBUG] [org.gradle.cache.internal.DefaultFileLockManager] Lock acquired on daemon addresses registry.
2026-03-14T20:19:15.626+0500 [DEBUG] [org.gradle.cache.internal.DefaultFileLockManager] Releasing lock on daemon addresses registry.
2026-03-14T20:31:06.577+0500 [DEBUG] [org.gradle.cache.internal.DefaultFileLockManager] Waiting to acquire shared lock on daemon addresses registry.
2026-03-14T20:31:06.577+0500 [DEBUG] [org.gradle.cache.internal.DefaultFileLockManager] Lock acquired on daemon addresses registry.
2026-03-14T20:31:06.577+0500 [DEBUG] [org.gradle.cache.internal.DefaultFileLockManager] Releasing lock on daemon addresses registry.
2026-03-14T20:31:06.578+0500 [DEBUG] [org.gradle.cache.internal.DefaultFileLockManager] Waiting to acquire shared lock on daemon addresses registry.
2026-03-14T20:31:06.578+0500 [DEBUG] [org.gradle.cache.internal.DefaultFileLockManager] Lock acquired on daemon addresses registry.
2026-03-14T20:31:06.579+0500 [DEBUG] [org.gradle.cache.internal.DefaultFileLockManager] Releasing lock on daemon addresses registry.
2026-03-14T20:31:06.579+0500 [DEBUG] [org.gradle.cache.internal.DefaultFileLockManager] Waiting to acquire shared lock on daemon addresses registry.
2026-03-14T20:31:06.579+0500 [DEBUG] [org.gradle.cache.internal.DefaultFileLockManager] Lock acquired on daemon addresses registry.
2026-03-14T20:31:06.579+0500 [DEBUG] [org.gradle.cache.internal.DefaultFileLockManager] Releasing lock on daemon addresses registry.
2026-03-14T20:31:17.513+0500 [DEBUG] [org.gradle.cache.internal.DefaultFileLockManager] Waiting to acquire shared lock on daemon addresses registry.
2026-03-14T20:31:17.513+0500 [DEBUG] [org.gradle.cache.internal.DefaultFileLockManager] Lock acquired on daemon addresses registry.
2026-03-14T20:31:17.514+0500 [DEBUG] [org.gradle.cache.internal.DefaultFileLockManager] Releasing lock on daemon addresses registry.
2026-03-14T20:31:17.514+0500 [DEBUG] [org.gradle.cache.internal.DefaultFileLockManager] Waiting to acquire shared lock on daemon addresses registry.
2026-03-14T20:31:17.514+0500 [DEBUG] [org.gradle.cache.internal.DefaultFileLockManager] Lock acquired on daemon addresses registry.
2026-03-14T20:31:17.514+0500 [DEBUG] [org.gradle.cache.internal.DefaultFileLockManager] Releasing lock on daemon addresses registry.
2026-03-14T20:31:17.515+0500 [DEBUG] [org.gradle.cache.internal.DefaultFileLockManager] Waiting to acquire shared lock on daemon addresses registry.
2026-03-14T20:31:17.515+0500 [DEBUG] [org.gradle.cache.internal.DefaultFileLockManager] Lock acquired on daemon addresses registry.
2026-03-14T20:31:17.515+0500 [DEBUG] [org.gradle.cache.internal.DefaultFileLockManager] Releasing lock on daemon addresses registry.
2026-03-14T20:32:35.998+0500 [DEBUG] [org.gradle.cache.internal.DefaultFileLockManager] Waiting to acquire shared lock on daemon addresses registry.
2026-03-14T20:32:36.002+0500 [DEBUG] [org.gradle.cache.internal.DefaultFileLockManager] Lock acquired on daemon addresses registry.
2026-03-14T20:32:36.004+0500 [DEBUG] [org.gradle.cache.internal.DefaultFileLockManager] Releasing lock on daemon addresses registry.
2026-03-14T20:32:36.005+0500 [DEBUG] [org.gradle.cache.internal.DefaultFileLockManager] Waiting to acquire shared lock on daemon addresses registry.
2026-03-14T20:32:36.005+0500 [DEBUG] [org.gradle.cache.internal.DefaultFileLockManager] Lock acquired on daemon addresses registry.
2026-03-14T20:32:36.006+0500 [DEBUG] [org.gradle.cache.internal.DefaultFileLockManager] Releasing lock on daemon addresses registry.
2026-03-14T20:32:36.006+0500 [DEBUG] [org.gradle.cache.internal.DefaultFileLockManager] Waiting to acquire shared lock on daemon addresses registry.
2026-03-14T20:32:36.006+0500 [DEBUG] [org.gradle.cache.internal.DefaultFileLockManager] Lock acquired on daemon addresses registry.
2026-03-14T20:32:36.006+0500 [DEBUG] [org.gradle.cache.internal.DefaultFileLockManager] Releasing lock on daemon addresses registry.
2026-03-14T20:33:01.452+0500 [DEBUG] [org.gradle.cache.internal.DefaultFileLockManager] Waiting to acquire shared lock on daemon addresses registry.
2026-03-14T20:33:01.452+0500 [DEBUG] [org.gradle.cache.internal.DefaultFileLockManager] Lock acquired on daemon addresses registry.
2026-03-14T20:33:01.452+0500 [DEBUG] [org.gradle.cache.internal.DefaultFileLockManager] Releasing lock on daemon addresses registry.
2026-03-14T20:33:01.453+0500 [DEBUG] [org.gradle.cache.internal.DefaultFileLockManager] Waiting to acquire shared lock on daemon addresses registry.
2026-03-14T20:33:01.453+0500 [DEBUG] [org.gradle.cache.internal.DefaultFileLockManager] Lock acquired on daemon addresses registry.
2026-03-14T20:33:01.453+0500 [DEBUG] [org.gradle.cache.internal.DefaultFileLockManager] Releasing lock on daemon addresses registry.
2026-03-14T20:33:01.453+0500 [DEBUG] [org.gradle.cache.internal.DefaultFileLockManager] Waiting to acquire shared lock on daemon addresses registry.
2026-03-14T20:33:01.453+0500 [DEBUG] [org.gradle.cache.internal.DefaultFileLockManager] Lock acquired on daemon addresses registry.
2026-03-14T20:33:01.453+0500 [DEBUG] [org.gradle.cache.internal.DefaultFileLockManager] Releasing lock on daemon addresses registry.
2026-03-14T20:33:12.851+0500 [DEBUG] [org.gradle.cache.internal.DefaultFileLockManager] Waiting to acquire shared lock on daemon addresses registry.
2026-03-14T20:33:12.851+0500 [DEBUG] [org.gradle.cache.internal.DefaultFileLockManager] Lock acquired on daemon addresses registry.
2026-03-14T20:33:12.852+0500 [DEBUG] [org.gradle.cache.internal.DefaultFileLockManager] Releasing lock on daemon addresses registry.
2026-03-14T20:33:12.852+0500 [DEBUG] [org.gradle.cache.internal.DefaultFileLockManager] Waiting to acquire shared lock on daemon addresses registry.
2026-03-14T20:33:12.852+0500 [DEBUG] [org.gradle.cache.internal.DefaultFileLockManager] Lock acquired on daemon addresses registry.
2026-03-14T20:33:12.853+0500 [DEBUG] [org.gradle.cache.internal.DefaultFileLockManager] Releasing lock on daemon addresses registry.
2026-03-14T20:33:12.853+0500 [DEBUG] [org.gradle.cache.internal.DefaultFileLockManager] Waiting to acquire shared lock on daemon addresses registry.
2026-03-14T20:33:12.853+0500 [DEBUG] [org.gradle.cache.internal.DefaultFileLockManager] Lock acquired on daemon addresses registry.
2026-03-14T20:33:12.854+0500 [DEBUG] [org.gradle.cache.internal.DefaultFileLockManager] Releasing lock on daemon addresses registry.
2026-03-14T20:34:26.145+0500 [DEBUG] [org.gradle.cache.internal.DefaultFileLockManager] Waiting to acquire shared lock on daemon addresses registry.
2026-03-14T20:34:26.146+0500 [DEBUG] [org.gradle.cache.internal.DefaultFileLockManager] Lock acquired on daemon addresses registry.
2026-03-14T20:34:26.146+0500 [DEBUG] [org.gradle.cache.internal.DefaultFileLockManager] Releasing lock on daemon addresses registry.
2026-03-14T20:34:26.147+0500 [DEBUG] [org.gradle.cache.internal.DefaultFileLockManager] Waiting to acquire shared lock on daemon addresses registry.
2026-03-14T20:34:26.147+0500 [DEBUG] [org.gradle.cache.internal.DefaultFileLockManager] Lock acquired on daemon addresses registry.
2026-03-14T20:34:26.147+0500 [DEBUG] [org.gradle.cache.internal.DefaultFileLockManager] Releasing lock on daemon addresses registry.
2026-03-14T20:34:26.148+0500 [DEBUG] [org.gradle.cache.internal.DefaultFileLockManager] Waiting to acquire shared lock on daemon addresses registry.
2026-03-14T20:34:26.148+0500 [DEBUG] [org.gradle.cache.internal.DefaultFileLockManager] Lock acquired on daemon addresses registry.
2026-03-14T20:34:26.148+0500 [DEBUG] [org.gradle.cache.internal.DefaultFileLockManager] Releasing lock on daemon addresses registry.
2026-03-14T20:35:28.892+0500 [DEBUG] [org.gradle.cache.internal.DefaultFileLockManager] Waiting to acquire shared lock on daemon addresses registry.
2026-03-14T20:35:28.893+0500 [DEBUG] [org.gradle.cache.internal.DefaultFileLockManager] Lock acquired on daemon addresses registry.
2026-03-14T20:35:28.893+0500 [DEBUG] [org.gradle.cache.internal.DefaultFileLockManager] Releasing lock on daemon addresses registry.
2026-03-14T20:35:28.893+0500 [DEBUG] [org.gradle.cache.internal.DefaultFileLockManager] Waiting to acquire shared lock on daemon addresses registry.
2026-03-14T20:35:28.894+0500 [DEBUG] [org.gradle.cache.internal.DefaultFileLockManager] Lock acquired on daemon addresses registry.
2026-03-14T20:35:28.894+0500 [DEBUG] [org.gradle.cache.internal.DefaultFileLockManager] Releasing lock on daemon addresses registry.
2026-03-14T20:35:28.894+0500 [DEBUG] [org.gradle.cache.internal.DefaultFileLockManager] Waiting to acquire shared lock on daemon addresses registry.
2026-03-14T20:35:28.895+0500 [DEBUG] [org.gradle.cache.internal.DefaultFileLockManager] Lock acquired on daemon addresses registry.
2026-03-14T20:35:28.895+0500 [DEBUG] [org.gradle.cache.internal.DefaultFileLockManager] Releasing lock on daemon addresses registry.
2026-03-14T20:35:38.968+0500 [DEBUG] [org.gradle.cache.internal.DefaultFileLockManager] Waiting to acquire shared lock on daemon addresses registry.
2026-03-14T20:35:38.969+0500 [DEBUG] [org.gradle.cache.internal.DefaultFileLockManager] Lock acquired on daemon addresses registry.
2026-03-14T20:35:38.970+0500 [DEBUG] [org.gradle.cache.internal.DefaultFileLockManager] Releasing lock on daemon addresses registry.
2026-03-14T20:35:38.970+0500 [DEBUG] [org.gradle.cache.internal.DefaultFileLockManager] Waiting to acquire shared lock on daemon addresses registry.
2026-03-14T20:35:38.971+0500 [DEBUG] [org.gradle.cache.internal.DefaultFileLockManager] Lock acquired on daemon addresses registry.
2026-03-14T20:35:38.971+0500 [DEBUG] [org.gradle.cache.internal.DefaultFileLockManager] Releasing lock on daemon addresses registry.
2026-03-14T20:35:38.971+0500 [DEBUG] [org.gradle.cache.internal.DefaultFileLockManager] Waiting to acquire shared lock on daemon addresses registry.
2026-03-14T20:35:38.972+0500 [DEBUG] [org.gradle.cache.internal.DefaultFileLockManager] Lock acquired on daemon addresses registry.
2026-03-14T20:35:38.972+0500 [DEBUG] [org.gradle.cache.internal.DefaultFileLockManager] Releasing lock on daemon addresses registry.
2026-03-14T20:36:43.958+0500 [DEBUG] [org.gradle.cache.internal.DefaultFileLockManager] Waiting to acquire shared lock on daemon addresses registry.
2026-03-14T20:36:43.959+0500 [DEBUG] [org.gradle.cache.internal.DefaultFileLockManager] Lock acquired on daemon addresses registry.
2026-03-14T20:36:43.959+0500 [DEBUG] [org.gradle.cache.internal.DefaultFileLockManager] Releasing lock on daemon addresses registry.
2026-03-14T20:36:43.959+0500 [DEBUG] [org.gradle.cache.internal.DefaultFileLockManager] Waiting to acquire shared lock on daemon addresses registry.
2026-03-14T20:36:43.960+0500 [DEBUG] [org.gradle.cache.internal.DefaultFileLockManager] Lock acquired on daemon addresses registry.
2026-03-14T20:36:43.960+0500 [DEBUG] [org.gradle.cache.internal.DefaultFileLockManager] Releasing lock on daemon addresses registry.
2026-03-14T20:36:43.960+0500 [DEBUG] [org.gradle.cache.internal.DefaultFileLockManager] Waiting to acquire shared lock on daemon addresses registry.
2026-03-14T20:36:43.960+0500 [DEBUG] [org.gradle.cache.internal.DefaultFileLockManager] Lock acquired on daemon addresses registry.
2026-03-14T20:36:43.960+0500 [DEBUG] [org.gradle.cache.internal.DefaultFileLockManager] Releasing lock on daemon addresses registry.
2026-03-14T20:36:55.766+0500 [DEBUG] [org.gradle.cache.internal.DefaultFileLockManager] Waiting to acquire shared lock on daemon addresses registry.
2026-03-14T20:36:55.766+0500 [DEBUG] [org.gradle.cache.internal.DefaultFileLockManager] Lock acquired on daemon addresses registry.
2026-03-14T20:36:55.767+0500 [DEBUG] [org.gradle.cache.internal.DefaultFileLockManager] Releasing lock on daemon addresses registry.
2026-03-14T20:36:55.767+0500 [DEBUG] [org.gradle.cache.internal.DefaultFileLockManager] Waiting to acquire shared lock on daemon addresses registry.
2026-03-14T20:36:55.768+0500 [DEBUG] [org.gradle.cache.internal.DefaultFileLockManager] Lock acquired on daemon addresses registry.
2026-03-14T20:36:55.768+0500 [DEBUG] [org.gradle.cache.internal.DefaultFileLockManager] Releasing lock on daemon addresses registry.
2026-03-14T20:36:55.768+0500 [DEBUG] [org.gradle.cache.internal.DefaultFileLockManager] Waiting to acquire shared lock on daemon addresses registry.
2026-03-14T20:36:55.768+0500 [DEBUG] [org.gradle.cache.internal.DefaultFileLockManager] Lock acquired on daemon addresses registry.
2026-03-14T20:36:55.768+0500 [DEBUG] [org.gradle.cache.internal.DefaultFileLockManager] Releasing lock on daemon addresses registry.
2026-03-14T20:37:05.761+0500 [DEBUG] [org.gradle.cache.internal.DefaultFileLockManager] Waiting to acquire shared lock on daemon addresses registry.
2026-03-14T20:37:05.761+0500 [DEBUG] [org.gradle.cache.internal.DefaultFileLockManager] Lock acquired on daemon addresses registry.
2026-03-14T20:37:05.761+0500 [DEBUG] [org.gradle.cache.internal.DefaultFileLockManager] Releasing lock on daemon addresses registry.
2026-03-14T20:37:05.762+0500 [DEBUG] [org.gradle.cache.internal.DefaultFileLockManager] Waiting to acquire shared lock on daemon addresses registry.
2026-03-14T20:37:05.762+0500 [DEBUG] [org.gradle.cache.internal.DefaultFileLockManager] Lock acquired on daemon addresses registry.
2026-03-14T20:37:05.762+0500 [DEBUG] [org.gradle.cache.internal.DefaultFileLockManager] Releasing lock on daemon addresses registry.
2026-03-14T20:37:05.763+0500 [DEBUG] [org.gradle.cache.internal.DefaultFileLockManager] Waiting to acquire shared lock on daemon addresses registry.
2026-03-14T20:37:05.763+0500 [DEBUG] [org.gradle.cache.internal.DefaultFileLockManager] Lock acquired on daemon addresses registry.
2026-03-14T20:37:05.763+0500 [DEBUG] [org.gradle.cache.internal.DefaultFileLockManager] Releasing lock on daemon addresses registry.
2026-03-14T20:37:15.767+0500 [DEBUG] [org.gradle.cache.internal.DefaultFileLockManager] Waiting to acquire shared lock on daemon addresses registry.
2026-03-14T20:37:15.768+0500 [DEBUG] [org.gradle.cache.internal.DefaultFileLockManager] Lock acquired on daemon addresses registry.
2026-03-14T20:37:15.768+0500 [DEBUG] [org.gradle.cache.internal.DefaultFileLockManager] Releasing lock on daemon addresses registry.
2026-03-14T20:37:15.769+0500 [DEBUG] [org.gradle.cache.internal.DefaultFileLockManager] Waiting to acquire shared lock on daemon addresses registry.
2026-03-14T20:37:15.769+0500 [DEBUG] [org.gradle.cache.internal.DefaultFileLockManager] Lock acquired on daemon addresses registry.
2026-03-14T20:37:15.769+0500 [DEBUG] [org.gradle.cache.internal.DefaultFileLockManager] Releasing lock on daemon addresses registry.
2026-03-14T20:37:15.770+0500 [DEBUG] [org.gradle.cache.internal.DefaultFileLockManager] Waiting to acquire shared lock on daemon addresses registry.
2026-03-14T20:37:15.770+0500 [DEBUG] [org.gradle.cache.internal.DefaultFileLockManager] Lock acquired on daemon addresses registry.
2026-03-14T20:37:15.770+0500 [DEBUG] [org.gradle.cache.internal.DefaultFileLockManager] Releasing lock on daemon addresses registry.
2026-03-14T20:37:16.955+0500 [DEBUG] [sun.rmi.transport.tcp] RMI TCP Connection(33)-127.0.0.1: accepted socket from [127.0.0.1:49539]
2026-03-14T20:37:16.957+0500 [DEBUG] [sun.rmi.transport.tcp] RMI TCP Connection(33)-127.0.0.1: (port 54929) op = 80
2026-03-14T20:37:16.957+0500 [DEBUG] [sun.rmi.dgc] RMI Scheduler(0): 7aba19a3851e7991:-6c0298d5:19cebc1a7b3:-7ff8
2026-03-14T20:37:16.958+0500 [DEBUG] [sun.rmi.loader] RMI TCP Connection(33)-127.0.0.1: name = "[Ljava.rmi.server.ObjID;", codebase = "", defaultLoader = jdk.internal.loader.ClassLoaders$PlatformClassLoader@30e1411f
2026-03-14T20:37:16.959+0500 [DEBUG] [sun.rmi.loader] RMI TCP Connection(33)-127.0.0.1: name = "java.rmi.dgc.Lease", codebase = "", defaultLoader = jdk.internal.loader.ClassLoaders$PlatformClassLoader@30e1411f
2026-03-14T20:37:16.959+0500 [DEBUG] [sun.rmi.loader] RMI TCP Connection(33)-127.0.0.1: name = "java.rmi.dgc.VMID", codebase = "", defaultLoader = jdk.internal.loader.ClassLoaders$PlatformClassLoader@30e1411f
2026-03-14T20:37:16.959+0500 [DEBUG] [sun.rmi.loader] RMI TCP Connection(33)-127.0.0.1: name = "[B", codebase = "", defaultLoader = jdk.internal.loader.ClassLoaders$PlatformClassLoader@30e1411f
2026-03-14T20:37:16.959+0500 [DEBUG] [sun.rmi.loader] RMI TCP Connection(33)-127.0.0.1: name = "java.rmi.server.UID", codebase = "", defaultLoader = jdk.internal.loader.ClassLoaders$PlatformClassLoader@30e1411f
2026-03-14T20:37:28.717+0500 [DEBUG] [org.gradle.cache.internal.DefaultFileLockManager] Waiting to acquire shared lock on daemon addresses registry.
2026-03-14T20:37:28.718+0500 [DEBUG] [org.gradle.cache.internal.DefaultFileLockManager] Lock acquired on daemon addresses registry.
2026-03-14T20:37:28.718+0500 [DEBUG] [org.gradle.cache.internal.DefaultFileLockManager] Releasing lock on daemon addresses registry.
2026-03-14T20:37:28.719+0500 [DEBUG] [org.gradle.cache.internal.DefaultFileLockManager] Waiting to acquire shared lock on daemon addresses registry.
2026-03-14T20:37:28.719+0500 [DEBUG] [org.gradle.cache.internal.DefaultFileLockManager] Lock acquired on daemon addresses registry.
2026-03-14T20:37:28.719+0500 [DEBUG] [org.gradle.cache.internal.DefaultFileLockManager] Releasing lock on daemon addresses registry.
2026-03-14T20:37:28.720+0500 [DEBUG] [org.gradle.cache.internal.DefaultFileLockManager] Waiting to acquire shared lock on daemon addresses registry.
2026-03-14T20:37:28.720+0500 [DEBUG] [org.gradle.cache.internal.DefaultFileLockManager] Lock acquired on daemon addresses registry.
2026-03-14T20:37:28.720+0500 [DEBUG] [org.gradle.cache.internal.DefaultFileLockManager] Releasing lock on daemon addresses registry.
2026-03-14T20:37:35.041+0500 [DEBUG] [sun.rmi.transport.tcp] RMI TCP Connection(33)-127.0.0.1: (port 54929) connection closed
2026-03-14T20:37:35.043+0500 [DEBUG] [sun.rmi.transport.tcp] RMI TCP Connection(33)-127.0.0.1: close connection, socket: Socket[addr=/127.0.0.1,port=49539,localport=54929]
2026-03-14T20:37:35.045+0500 [DEBUG] [sun.rmi.transport.tcp] RMI TCP Connection(33)-127.0.0.1: socket close: Socket[addr=/127.0.0.1,port=49539,localport=54929]
2026-03-14T20:37:41.772+0500 [DEBUG] [org.gradle.cache.internal.DefaultFileLockManager] Waiting to acquire shared lock on daemon addresses registry.
2026-03-14T20:37:41.772+0500 [DEBUG] [org.gradle.cache.internal.DefaultFileLockManager] Lock acquired on daemon addresses registry.
2026-03-14T20:37:41.773+0500 [DEBUG] [org.gradle.cache.internal.DefaultFileLockManager] Releasing lock on daemon addresses registry.
2026-03-14T20:37:41.773+0500 [DEBUG] [org.gradle.cache.internal.DefaultFileLockManager] Waiting to acquire shared lock on daemon addresses registry.
2026-03-14T20:37:41.773+0500 [DEBUG] [org.gradle.cache.internal.DefaultFileLockManager] Lock acquired on daemon addresses registry.
2026-03-14T20:37:41.773+0500 [DEBUG] [org.gradle.cache.internal.DefaultFileLockManager] Releasing lock on daemon addresses registry.
2026-03-14T20:37:41.774+0500 [DEBUG] [org.gradle.cache.internal.DefaultFileLockManager] Waiting to acquire shared lock on daemon addresses registry.
2026-03-14T20:37:41.774+0500 [DEBUG] [org.gradle.cache.internal.DefaultFileLockManager] Lock acquired on daemon addresses registry.
2026-03-14T20:37:41.774+0500 [DEBUG] [org.gradle.cache.internal.DefaultFileLockManager] Releasing lock on daemon addresses registry.
2026-03-14T20:40:13.769+0500 [DEBUG] [org.gradle.cache.internal.DefaultFileLockManager] Waiting to acquire shared lock on daemon addresses registry.
2026-03-14T20:40:13.770+0500 [DEBUG] [org.gradle.cache.internal.DefaultFileLockManager] Lock acquired on daemon addresses registry.
2026-03-14T20:40:13.771+0500 [DEBUG] [org.gradle.cache.internal.DefaultFileLockManager] Releasing lock on daemon addresses registry.
2026-03-14T20:40:13.772+0500 [DEBUG] [org.gradle.cache.internal.DefaultFileLockManager] Waiting to acquire shared lock on daemon addresses registry.
2026-03-14T20:40:13.772+0500 [DEBUG] [org.gradle.cache.internal.DefaultFileLockManager] Lock acquired on daemon addresses registry.
2026-03-14T20:40:13.772+0500 [DEBUG] [org.gradle.cache.internal.DefaultFileLockManager] Releasing lock on daemon addresses registry.
2026-03-14T20:40:13.772+0500 [DEBUG] [org.gradle.cache.internal.DefaultFileLockManager] Waiting to acquire shared lock on daemon addresses registry.
2026-03-14T20:40:13.773+0500 [DEBUG] [org.gradle.cache.internal.DefaultFileLockManager] Lock acquired on daemon addresses registry.
2026-03-14T20:40:13.773+0500 [DEBUG] [org.gradle.cache.internal.DefaultFileLockManager] Releasing lock on daemon addresses registry.
2026-03-14T20:40:23.761+0500 [DEBUG] [org.gradle.cache.internal.DefaultFileLockManager] Waiting to acquire shared lock on daemon addresses registry.
2026-03-14T20:40:23.762+0500 [DEBUG] [org.gradle.cache.internal.DefaultFileLockManager] Lock acquired on daemon addresses registry.
2026-03-14T20:40:23.762+0500 [DEBUG] [org.gradle.cache.internal.DefaultFileLockManager] Releasing lock on daemon addresses registry.
2026-03-14T20:40:23.763+0500 [DEBUG] [org.gradle.cache.internal.DefaultFileLockManager] Waiting to acquire shared lock on daemon addresses registry.
2026-03-14T20:40:23.763+0500 [DEBUG] [org.gradle.cache.internal.DefaultFileLockManager] Lock acquired on daemon addresses registry.
2026-03-14T20:40:23.763+0500 [DEBUG] [org.gradle.cache.internal.DefaultFileLockManager] Releasing lock on daemon addresses registry.
2026-03-14T20:40:23.763+0500 [DEBUG] [org.gradle.cache.internal.DefaultFileLockManager] Waiting to acquire shared lock on daemon addresses registry.
2026-03-14T20:40:23.763+0500 [DEBUG] [org.gradle.cache.internal.DefaultFileLockManager] Lock acquired on daemon addresses registry.
2026-03-14T20:40:23.763+0500 [DEBUG] [org.gradle.cache.internal.DefaultFileLockManager] Releasing lock on daemon addresses registry.
2026-03-14T20:40:43.731+0500 [DEBUG] [org.gradle.cache.internal.DefaultFileLockManager] Waiting to acquire shared lock on daemon addresses registry.
2026-03-14T20:40:43.732+0500 [DEBUG] [org.gradle.cache.internal.DefaultFileLockManager] Lock acquired on daemon addresses registry.
2026-03-14T20:40:43.732+0500 [DEBUG] [org.gradle.cache.internal.DefaultFileLockManager] Releasing lock on daemon addresses registry.
2026-03-14T20:40:43.733+0500 [DEBUG] [org.gradle.cache.internal.DefaultFileLockManager] Waiting to acquire shared lock on daemon addresses registry.
2026-03-14T20:40:43.733+0500 [DEBUG] [org.gradle.cache.internal.DefaultFileLockManager] Lock acquired on daemon addresses registry.
2026-03-14T20:40:43.733+0500 [DEBUG] [org.gradle.cache.internal.DefaultFileLockManager] Releasing lock on daemon addresses registry.
2026-03-14T20:40:43.734+0500 [DEBUG] [org.gradle.cache.internal.DefaultFileLockManager] Waiting to acquire shared lock on daemon addresses registry.
2026-03-14T20:40:43.734+0500 [DEBUG] [org.gradle.cache.internal.DefaultFileLockManager] Lock acquired on daemon addresses registry.
2026-03-14T20:40:43.734+0500 [DEBUG] [org.gradle.cache.internal.DefaultFileLockManager] Releasing lock on daemon addresses registry.
2026-03-14T20:41:09.995+0500 [DEBUG] [org.gradle.cache.internal.DefaultFileLockManager] Waiting to acquire shared lock on daemon addresses registry.
2026-03-14T20:41:09.996+0500 [DEBUG] [org.gradle.cache.internal.DefaultFileLockManager] Lock acquired on daemon addresses registry.
2026-03-14T20:41:09.996+0500 [DEBUG] [org.gradle.cache.internal.DefaultFileLockManager] Releasing lock on daemon addresses registry.
2026-03-14T20:41:09.997+0500 [DEBUG] [org.gradle.cache.internal.DefaultFileLockManager] Waiting to acquire shared lock on daemon addresses registry.
2026-03-14T20:41:09.997+0500 [DEBUG] [org.gradle.cache.internal.DefaultFileLockManager] Lock acquired on daemon addresses registry.
2026-03-14T20:41:09.997+0500 [DEBUG] [org.gradle.cache.internal.DefaultFileLockManager] Releasing lock on daemon addresses registry.
2026-03-14T20:41:09.998+0500 [DEBUG] [org.gradle.cache.internal.DefaultFileLockManager] Waiting to acquire shared lock on daemon addresses registry.
2026-03-14T20:41:09.998+0500 [DEBUG] [org.gradle.cache.internal.DefaultFileLockManager] Lock acquired on daemon addresses registry.
2026-03-14T20:41:09.998+0500 [DEBUG] [org.gradle.cache.internal.DefaultFileLockManager] Releasing lock on daemon addresses registry.
2026-03-14T20:41:19.995+0500 [DEBUG] [org.gradle.cache.internal.DefaultFileLockManager] Waiting to acquire shared lock on daemon addresses registry.
2026-03-14T20:41:19.995+0500 [DEBUG] [org.gradle.cache.internal.DefaultFileLockManager] Lock acquired on daemon addresses registry.
2026-03-14T20:41:19.996+0500 [DEBUG] [org.gradle.cache.internal.DefaultFileLockManager] Releasing lock on daemon addresses registry.
2026-03-14T20:41:19.996+0500 [DEBUG] [org.gradle.cache.internal.DefaultFileLockManager] Waiting to acquire shared lock on daemon addresses registry.
2026-03-14T20:41:19.997+0500 [DEBUG] [org.gradle.cache.internal.DefaultFileLockManager] Lock acquired on daemon addresses registry.
2026-03-14T20:41:19.997+0500 [DEBUG] [org.gradle.cache.internal.DefaultFileLockManager] Releasing lock on daemon addresses registry.
2026-03-14T20:41:19.997+0500 [DEBUG] [org.gradle.cache.internal.DefaultFileLockManager] Waiting to acquire shared lock on daemon addresses registry.
2026-03-14T20:41:19.998+0500 [DEBUG] [org.gradle.cache.internal.DefaultFileLockManager] Lock acquired on daemon addresses registry.
2026-03-14T20:41:19.998+0500 [DEBUG] [org.gradle.cache.internal.DefaultFileLockManager] Releasing lock on daemon addresses registry.
2026-03-14T20:41:29.994+0500 [DEBUG] [org.gradle.cache.internal.DefaultFileLockManager] Waiting to acquire shared lock on daemon addresses registry.
2026-03-14T20:41:29.995+0500 [DEBUG] [org.gradle.cache.internal.DefaultFileLockManager] Lock acquired on daemon addresses registry.
2026-03-14T20:41:29.995+0500 [DEBUG] [org.gradle.cache.internal.DefaultFileLockManager] Releasing lock on daemon addresses registry.
2026-03-14T20:41:29.996+0500 [DEBUG] [org.gradle.cache.internal.DefaultFileLockManager] Waiting to acquire shared lock on daemon addresses registry.
2026-03-14T20:41:29.996+0500 [DEBUG] [org.gradle.cache.internal.DefaultFileLockManager] Lock acquired on daemon addresses registry.
2026-03-14T20:41:29.997+0500 [DEBUG] [org.gradle.cache.internal.DefaultFileLockManager] Releasing lock on daemon addresses registry.
2026-03-14T20:41:29.997+0500 [DEBUG] [org.gradle.cache.internal.DefaultFileLockManager] Waiting to acquire shared lock on daemon addresses registry.
2026-03-14T20:41:29.997+0500 [DEBUG] [org.gradle.cache.internal.DefaultFileLockManager] Lock acquired on daemon addresses registry.
2026-03-14T20:41:29.997+0500 [DEBUG] [org.gradle.cache.internal.DefaultFileLockManager] Releasing lock on daemon addresses registry.
2026-03-14T20:41:40.423+0500 [DEBUG] [org.gradle.cache.internal.DefaultFileLockManager] Waiting to acquire shared lock on daemon addresses registry.
2026-03-14T20:41:40.424+0500 [DEBUG] [org.gradle.cache.internal.DefaultFileLockManager] Lock acquired on daemon addresses registry.
2026-03-14T20:41:40.424+0500 [DEBUG] [org.gradle.cache.internal.DefaultFileLockManager] Releasing lock on daemon addresses registry.
2026-03-14T20:41:40.425+0500 [DEBUG] [org.gradle.cache.internal.DefaultFileLockManager] Waiting to acquire shared lock on daemon addresses registry.
2026-03-14T20:41:40.425+0500 [DEBUG] [org.gradle.cache.internal.DefaultFileLockManager] Lock acquired on daemon addresses registry.
2026-03-14T20:41:40.425+0500 [DEBUG] [org.gradle.cache.internal.DefaultFileLockManager] Releasing lock on daemon addresses registry.
2026-03-14T20:41:40.426+0500 [DEBUG] [org.gradle.cache.internal.DefaultFileLockManager] Waiting to acquire shared lock on daemon addresses registry.
2026-03-14T20:41:40.426+0500 [DEBUG] [org.gradle.cache.internal.DefaultFileLockManager] Lock acquired on daemon addresses registry.
2026-03-14T20:41:40.426+0500 [DEBUG] [org.gradle.cache.internal.DefaultFileLockManager] Releasing lock on daemon addresses registry.
2026-03-14T20:51:56.298+0500 [DEBUG] [org.gradle.cache.internal.DefaultFileLockManager] Waiting to acquire shared lock on daemon addresses registry.
2026-03-14T20:51:56.300+0500 [DEBUG] [org.gradle.cache.internal.DefaultFileLockManager] Lock acquired on daemon addresses registry.
2026-03-14T20:51:56.300+0500 [DEBUG] [org.gradle.cache.internal.DefaultFileLockManager] Releasing lock on daemon addresses registry.
2026-03-14T20:51:56.301+0500 [DEBUG] [org.gradle.cache.internal.DefaultFileLockManager] Waiting to acquire shared lock on daemon addresses registry.
2026-03-14T20:51:56.301+0500 [DEBUG] [org.gradle.cache.internal.DefaultFileLockManager] Lock acquired on daemon addresses registry.
2026-03-14T20:51:56.301+0500 [DEBUG] [org.gradle.cache.internal.DefaultFileLockManager] Releasing lock on daemon addresses registry.
2026-03-14T20:51:56.301+0500 [DEBUG] [org.gradle.cache.internal.DefaultFileLockManager] Waiting to acquire shared lock on daemon addresses registry.
2026-03-14T20:51:56.302+0500 [DEBUG] [org.gradle.cache.internal.DefaultFileLockManager] Lock acquired on daemon addresses registry.
2026-03-14T20:51:56.302+0500 [DEBUG] [org.gradle.cache.internal.DefaultFileLockManager] Releasing lock on daemon addresses registry.
2026-03-14T20:52:49.676+0500 [DEBUG] [org.gradle.cache.internal.DefaultFileLockManager] Waiting to acquire shared lock on daemon addresses registry.
2026-03-14T20:52:49.676+0500 [DEBUG] [org.gradle.cache.internal.DefaultFileLockManager] Lock acquired on daemon addresses registry.
2026-03-14T20:52:49.677+0500 [DEBUG] [org.gradle.cache.internal.DefaultFileLockManager] Releasing lock on daemon addresses registry.
2026-03-14T20:52:49.677+0500 [DEBUG] [org.gradle.cache.internal.DefaultFileLockManager] Waiting to acquire shared lock on daemon addresses registry.
2026-03-14T20:52:49.677+0500 [DEBUG] [org.gradle.cache.internal.DefaultFileLockManager] Lock acquired on daemon addresses registry.
2026-03-14T20:52:49.677+0500 [DEBUG] [org.gradle.cache.internal.DefaultFileLockManager] Releasing lock on daemon addresses registry.
2026-03-14T20:52:49.678+0500 [DEBUG] [org.gradle.cache.internal.DefaultFileLockManager] Waiting to acquire shared lock on daemon addresses registry.
2026-03-14T20:52:49.678+0500 [DEBUG] [org.gradle.cache.internal.DefaultFileLockManager] Lock acquired on daemon addresses registry.
2026-03-14T20:52:49.678+0500 [DEBUG] [org.gradle.cache.internal.DefaultFileLockManager] Releasing lock on daemon addresses registry.
2026-03-14T20:56:30.557+0500 [DEBUG] [org.gradle.cache.internal.DefaultFileLockManager] Waiting to acquire shared lock on daemon addresses registry.
2026-03-14T20:56:30.557+0500 [DEBUG] [org.gradle.cache.internal.DefaultFileLockManager] Lock acquired on daemon addresses registry.
2026-03-14T20:56:30.558+0500 [DEBUG] [org.gradle.cache.internal.DefaultFileLockManager] Releasing lock on daemon addresses registry.
2026-03-14T20:56:30.558+0500 [DEBUG] [org.gradle.cache.internal.DefaultFileLockManager] Waiting to acquire shared lock on daemon addresses registry.
2026-03-14T20:56:30.558+0500 [DEBUG] [org.gradle.cache.internal.DefaultFileLockManager] Lock acquired on daemon addresses registry.
2026-03-14T20:56:30.559+0500 [DEBUG] [org.gradle.cache.internal.DefaultFileLockManager] Releasing lock on daemon addresses registry.
2026-03-14T20:56:30.559+0500 [DEBUG] [org.gradle.cache.internal.DefaultFileLockManager] Waiting to acquire shared lock on daemon addresses registry.
2026-03-14T20:56:30.560+0500 [DEBUG] [org.gradle.cache.internal.DefaultFileLockManager] Lock acquired on daemon addresses registry.
2026-03-14T20:56:30.560+0500 [DEBUG] [org.gradle.cache.internal.DefaultFileLockManager] Releasing lock on daemon addresses registry.
2026-03-14T21:05:22.314+0500 [DEBUG] [org.gradle.cache.internal.DefaultFileLockManager] Waiting to acquire shared lock on daemon addresses registry.
2026-03-14T21:05:22.315+0500 [DEBUG] [org.gradle.cache.internal.DefaultFileLockManager] Lock acquired on daemon addresses registry.
2026-03-14T21:05:22.316+0500 [DEBUG] [org.gradle.cache.internal.DefaultFileLockManager] Releasing lock on daemon addresses registry.
2026-03-14T21:05:22.316+0500 [DEBUG] [org.gradle.cache.internal.DefaultFileLockManager] Waiting to acquire shared lock on daemon addresses registry.
2026-03-14T21:05:22.317+0500 [DEBUG] [org.gradle.cache.internal.DefaultFileLockManager] Lock acquired on daemon addresses registry.
2026-03-14T21:05:22.317+0500 [DEBUG] [org.gradle.cache.internal.DefaultFileLockManager] Releasing lock on daemon addresses registry.
2026-03-14T21:05:22.317+0500 [DEBUG] [org.gradle.cache.internal.DefaultFileLockManager] Waiting to acquire shared lock on daemon addresses registry.
2026-03-14T21:05:22.317+0500 [DEBUG] [org.gradle.cache.internal.DefaultFileLockManager] Lock acquired on daemon addresses registry.
2026-03-14T21:05:22.318+0500 [DEBUG] [org.gradle.cache.internal.DefaultFileLockManager] Releasing lock on daemon addresses registry.
2026-03-14T21:05:48.719+0500 [DEBUG] [org.gradle.cache.internal.DefaultFileLockManager] Waiting to acquire shared lock on daemon addresses registry.
2026-03-14T21:05:48.719+0500 [DEBUG] [org.gradle.cache.internal.DefaultFileLockManager] Lock acquired on daemon addresses registry.
2026-03-14T21:05:48.720+0500 [DEBUG] [org.gradle.cache.internal.DefaultFileLockManager] Releasing lock on daemon addresses registry.
2026-03-14T21:05:48.720+0500 [DEBUG] [org.gradle.cache.internal.DefaultFileLockManager] Waiting to acquire shared lock on daemon addresses registry.
2026-03-14T21:05:48.720+0500 [DEBUG] [org.gradle.cache.internal.DefaultFileLockManager] Lock acquired on daemon addresses registry.
2026-03-14T21:05:48.721+0500 [DEBUG] [org.gradle.cache.internal.DefaultFileLockManager] Releasing lock on daemon addresses registry.
2026-03-14T21:05:48.721+0500 [DEBUG] [org.gradle.cache.internal.DefaultFileLockManager] Waiting to acquire shared lock on daemon addresses registry.
2026-03-14T21:05:48.721+0500 [DEBUG] [org.gradle.cache.internal.DefaultFileLockManager] Lock acquired on daemon addresses registry.
2026-03-14T21:05:48.721+0500 [DEBUG] [org.gradle.cache.internal.DefaultFileLockManager] Releasing lock on daemon addresses registry.
2026-03-14T21:06:14.164+0500 [DEBUG] [org.gradle.cache.internal.DefaultFileLockManager] Waiting to acquire shared lock on daemon addresses registry.
2026-03-14T21:06:14.164+0500 [DEBUG] [org.gradle.cache.internal.DefaultFileLockManager] Lock acquired on daemon addresses registry.
2026-03-14T21:06:14.164+0500 [DEBUG] [org.gradle.cache.internal.DefaultFileLockManager] Releasing lock on daemon addresses registry.
2026-03-14T21:06:14.165+0500 [DEBUG] [org.gradle.cache.internal.DefaultFileLockManager] Waiting to acquire shared lock on daemon addresses registry.
2026-03-14T21:06:14.165+0500 [DEBUG] [org.gradle.cache.internal.DefaultFileLockManager] Lock acquired on daemon addresses registry.
2026-03-14T21:06:14.165+0500 [DEBUG] [org.gradle.cache.internal.DefaultFileLockManager] Releasing lock on daemon addresses registry.
2026-03-14T21:06:14.166+0500 [DEBUG] [org.gradle.cache.internal.DefaultFileLockManager] Waiting to acquire shared lock on daemon addresses registry.
2026-03-14T21:06:14.166+0500 [DEBUG] [org.gradle.cache.internal.DefaultFileLockManager] Lock acquired on daemon addresses registry.
2026-03-14T21:06:14.166+0500 [DEBUG] [org.gradle.cache.internal.DefaultFileLockManager] Releasing lock on daemon addresses registry.
2026-03-14T21:16:04.835+0500 [DEBUG] [org.gradle.cache.internal.DefaultFileLockManager] Waiting to acquire shared lock on daemon addresses registry.
2026-03-14T21:16:04.836+0500 [DEBUG] [org.gradle.cache.internal.DefaultFileLockManager] Lock acquired on daemon addresses registry.
2026-03-14T21:16:04.837+0500 [DEBUG] [org.gradle.cache.internal.DefaultFileLockManager] Releasing lock on daemon addresses registry.
2026-03-14T21:16:04.837+0500 [DEBUG] [org.gradle.cache.internal.DefaultFileLockManager] Waiting to acquire shared lock on daemon addresses registry.
2026-03-14T21:16:04.837+0500 [DEBUG] [org.gradle.cache.internal.DefaultFileLockManager] Lock acquired on daemon addresses registry.
2026-03-14T21:16:04.837+0500 [DEBUG] [org.gradle.cache.internal.DefaultFileLockManager] Releasing lock on daemon addresses registry.
2026-03-14T21:16:04.838+0500 [DEBUG] [org.gradle.cache.internal.DefaultFileLockManager] Waiting to acquire shared lock on daemon addresses registry.
2026-03-14T21:16:04.838+0500 [DEBUG] [org.gradle.cache.internal.DefaultFileLockManager] Lock acquired on daemon addresses registry.
2026-03-14T21:16:04.838+0500 [DEBUG] [org.gradle.cache.internal.DefaultFileLockManager] Releasing lock on daemon addresses registry.
2026-03-14T21:20:14.221+0500 [DEBUG] [org.gradle.cache.internal.DefaultFileLockManager] Waiting to acquire shared lock on daemon addresses registry.
2026-03-14T21:20:14.224+0500 [DEBUG] [org.gradle.cache.internal.DefaultFileLockManager] Lock acquired on daemon addresses registry.
2026-03-14T21:20:14.225+0500 [DEBUG] [org.gradle.cache.internal.DefaultFileLockManager] Releasing lock on daemon addresses registry.
2026-03-14T21:20:14.226+0500 [DEBUG] [org.gradle.cache.internal.DefaultFileLockManager] Waiting to acquire shared lock on daemon addresses registry.
2026-03-14T21:20:14.226+0500 [DEBUG] [org.gradle.cache.internal.DefaultFileLockManager] Lock acquired on daemon addresses registry.
2026-03-14T21:20:14.227+0500 [DEBUG] [org.gradle.cache.internal.DefaultFileLockManager] Releasing lock on daemon addresses registry.
2026-03-14T21:20:14.227+0500 [DEBUG] [org.gradle.cache.internal.DefaultFileLockManager] Waiting to acquire shared lock on daemon addresses registry.
2026-03-14T21:20:14.227+0500 [DEBUG] [org.gradle.cache.internal.DefaultFileLockManager] Lock acquired on daemon addresses registry.
2026-03-14T21:20:14.227+0500 [DEBUG] [org.gradle.cache.internal.DefaultFileLockManager] Releasing lock on daemon addresses registry.
2026-03-14T21:20:24.814+0500 [DEBUG] [org.gradle.cache.internal.DefaultFileLockManager] Waiting to acquire shared lock on daemon addresses registry.
2026-03-14T21:20:24.814+0500 [DEBUG] [org.gradle.cache.internal.DefaultFileLockManager] Lock acquired on daemon addresses registry.
2026-03-14T21:20:24.815+0500 [DEBUG] [org.gradle.cache.internal.DefaultFileLockManager] Releasing lock on daemon addresses registry.
2026-03-14T21:20:24.815+0500 [DEBUG] [org.gradle.cache.internal.DefaultFileLockManager] Waiting to acquire shared lock on daemon addresses registry.
2026-03-14T21:20:24.815+0500 [DEBUG] [org.gradle.cache.internal.DefaultFileLockManager] Lock acquired on daemon addresses registry.
2026-03-14T21:20:24.816+0500 [DEBUG] [org.gradle.cache.internal.DefaultFileLockManager] Releasing lock on daemon addresses registry.
2026-03-14T21:20:24.816+0500 [DEBUG] [org.gradle.cache.internal.DefaultFileLockManager] Waiting to acquire shared lock on daemon addresses registry.
2026-03-14T21:20:24.816+0500 [DEBUG] [org.gradle.cache.internal.DefaultFileLockManager] Lock acquired on daemon addresses registry.
2026-03-14T21:20:24.816+0500 [DEBUG] [org.gradle.cache.internal.DefaultFileLockManager] Releasing lock on daemon addresses registry.
2026-03-14T21:28:05.787+0500 [DEBUG] [org.gradle.cache.internal.DefaultFileLockManager] Waiting to acquire shared lock on daemon addresses registry.
2026-03-14T21:28:05.787+0500 [DEBUG] [org.gradle.cache.internal.DefaultFileLockManager] Lock acquired on daemon addresses registry.
2026-03-14T21:28:05.788+0500 [DEBUG] [org.gradle.cache.internal.DefaultFileLockManager] Releasing lock on daemon addresses registry.
2026-03-14T21:28:05.788+0500 [DEBUG] [org.gradle.cache.internal.DefaultFileLockManager] Waiting to acquire shared lock on daemon addresses registry.
2026-03-14T21:28:05.788+0500 [DEBUG] [org.gradle.cache.internal.DefaultFileLockManager] Lock acquired on daemon addresses registry.
2026-03-14T21:28:05.788+0500 [DEBUG] [org.gradle.cache.internal.DefaultFileLockManager] Releasing lock on daemon addresses registry.
2026-03-14T21:28:05.789+0500 [DEBUG] [org.gradle.cache.internal.DefaultFileLockManager] Waiting to acquire shared lock on daemon addresses registry.
2026-03-14T21:28:05.789+0500 [DEBUG] [org.gradle.cache.internal.DefaultFileLockManager] Lock acquired on daemon addresses registry.
2026-03-14T21:28:05.789+0500 [DEBUG] [org.gradle.cache.internal.DefaultFileLockManager] Releasing lock on daemon addresses registry.
2026-03-14T21:29:35.986+0500 [DEBUG] [org.gradle.cache.internal.DefaultFileLockManager] Waiting to acquire shared lock on daemon addresses registry.
2026-03-14T21:29:35.988+0500 [DEBUG] [org.gradle.cache.internal.DefaultFileLockManager] Lock acquired on daemon addresses registry.
2026-03-14T21:29:35.988+0500 [DEBUG] [org.gradle.cache.internal.DefaultFileLockManager] Releasing lock on daemon addresses registry.
2026-03-14T21:29:35.989+0500 [DEBUG] [org.gradle.cache.internal.DefaultFileLockManager] Waiting to acquire shared lock on daemon addresses registry.
2026-03-14T21:29:35.989+0500 [DEBUG] [org.gradle.cache.internal.DefaultFileLockManager] Lock acquired on daemon addresses registry.
2026-03-14T21:29:35.990+0500 [DEBUG] [org.gradle.cache.internal.DefaultFileLockManager] Releasing lock on daemon addresses registry.
2026-03-14T21:29:35.990+0500 [DEBUG] [org.gradle.cache.internal.DefaultFileLockManager] Waiting to acquire shared lock on daemon addresses registry.
2026-03-14T21:29:35.990+0500 [DEBUG] [org.gradle.cache.internal.DefaultFileLockManager] Lock acquired on daemon addresses registry.
2026-03-14T21:29:35.990+0500 [DEBUG] [org.gradle.cache.internal.DefaultFileLockManager] Releasing lock on daemon addresses registry.
2026-03-14T21:35:16.663+0500 [DEBUG] [org.gradle.cache.internal.DefaultFileLockManager] Waiting to acquire shared lock on daemon addresses registry.
2026-03-14T21:35:16.663+0500 [DEBUG] [org.gradle.cache.internal.DefaultFileLockManager] Lock acquired on daemon addresses registry.
2026-03-14T21:35:16.664+0500 [DEBUG] [org.gradle.cache.internal.DefaultFileLockManager] Releasing lock on daemon addresses registry.
2026-03-14T21:35:16.664+0500 [DEBUG] [org.gradle.cache.internal.DefaultFileLockManager] Waiting to acquire shared lock on daemon addresses registry.
2026-03-14T21:35:16.665+0500 [DEBUG] [org.gradle.cache.internal.DefaultFileLockManager] Lock acquired on daemon addresses registry.
2026-03-14T21:35:16.665+0500 [DEBUG] [org.gradle.cache.internal.DefaultFileLockManager] Releasing lock on daemon addresses registry.
2026-03-14T21:35:16.665+0500 [DEBUG] [org.gradle.cache.internal.DefaultFileLockManager] Waiting to acquire shared lock on daemon addresses registry.
2026-03-14T21:35:16.666+0500 [DEBUG] [org.gradle.cache.internal.DefaultFileLockManager] Lock acquired on daemon addresses registry.
2026-03-14T21:35:16.666+0500 [DEBUG] [org.gradle.cache.internal.DefaultFileLockManager] Releasing lock on daemon addresses registry.
2026-03-14T21:38:57.517+0500 [DEBUG] [org.gradle.cache.internal.DefaultFileLockManager] Waiting to acquire shared lock on daemon addresses registry.
2026-03-14T21:38:57.518+0500 [DEBUG] [org.gradle.cache.internal.DefaultFileLockManager] Lock acquired on daemon addresses registry.
2026-03-14T21:38:57.519+0500 [DEBUG] [org.gradle.cache.internal.DefaultFileLockManager] Releasing lock on daemon addresses registry.
2026-03-14T21:38:57.520+0500 [DEBUG] [org.gradle.cache.internal.DefaultFileLockManager] Waiting to acquire shared lock on daemon addresses registry.
2026-03-14T21:38:57.520+0500 [DEBUG] [org.gradle.cache.internal.DefaultFileLockManager] Lock acquired on daemon addresses registry.
2026-03-14T21:38:57.520+0500 [DEBUG] [org.gradle.cache.internal.DefaultFileLockManager] Releasing lock on daemon addresses registry.
2026-03-14T21:38:57.521+0500 [DEBUG] [org.gradle.cache.internal.DefaultFileLockManager] Waiting to acquire shared lock on daemon addresses registry.
2026-03-14T21:38:57.521+0500 [DEBUG] [org.gradle.cache.internal.DefaultFileLockManager] Lock acquired on daemon addresses registry.
2026-03-14T21:38:57.521+0500 [DEBUG] [org.gradle.cache.internal.DefaultFileLockManager] Releasing lock on daemon addresses registry.
2026-03-14T21:39:07.512+0500 [DEBUG] [org.gradle.cache.internal.DefaultFileLockManager] Waiting to acquire shared lock on daemon addresses registry.
2026-03-14T21:39:07.515+0500 [DEBUG] [org.gradle.cache.internal.DefaultFileLockManager] Lock acquired on daemon addresses registry.
2026-03-14T21:39:07.516+0500 [DEBUG] [org.gradle.cache.internal.DefaultFileLockManager] Releasing lock on daemon addresses registry.
2026-03-14T21:39:07.518+0500 [DEBUG] [org.gradle.cache.internal.DefaultFileLockManager] Waiting to acquire shared lock on daemon addresses registry.
2026-03-14T21:39:07.518+0500 [DEBUG] [org.gradle.cache.internal.DefaultFileLockManager] Lock acquired on daemon addresses registry.
2026-03-14T21:39:07.518+0500 [DEBUG] [org.gradle.cache.internal.DefaultFileLockManager] Releasing lock on daemon addresses registry.
2026-03-14T21:39:07.519+0500 [DEBUG] [org.gradle.cache.internal.DefaultFileLockManager] Waiting to acquire shared lock on daemon addresses registry.
2026-03-14T21:39:07.519+0500 [DEBUG] [org.gradle.cache.internal.DefaultFileLockManager] Lock acquired on daemon addresses registry.
2026-03-14T21:39:07.519+0500 [DEBUG] [org.gradle.cache.internal.DefaultFileLockManager] Releasing lock on daemon addresses registry.
2026-03-14T21:39:17.507+0500 [DEBUG] [org.gradle.cache.internal.DefaultFileLockManager] Waiting to acquire shared lock on daemon addresses registry.
2026-03-14T21:39:17.508+0500 [DEBUG] [org.gradle.cache.internal.DefaultFileLockManager] Lock acquired on daemon addresses registry.
2026-03-14T21:39:17.509+0500 [DEBUG] [org.gradle.cache.internal.DefaultFileLockManager] Releasing lock on daemon addresses registry.
2026-03-14T21:39:17.509+0500 [DEBUG] [org.gradle.cache.internal.DefaultFileLockManager] Waiting to acquire shared lock on daemon addresses registry.
2026-03-14T21:39:17.509+0500 [DEBUG] [org.gradle.cache.internal.DefaultFileLockManager] Lock acquired on daemon addresses registry.
2026-03-14T21:39:17.509+0500 [DEBUG] [org.gradle.cache.internal.DefaultFileLockManager] Releasing lock on daemon addresses registry.
2026-03-14T21:39:17.509+0500 [DEBUG] [org.gradle.cache.internal.DefaultFileLockManager] Waiting to acquire shared lock on daemon addresses registry.
2026-03-14T21:39:17.509+0500 [DEBUG] [org.gradle.cache.internal.DefaultFileLockManager] Lock acquired on daemon addresses registry.
2026-03-14T21:39:17.509+0500 [DEBUG] [org.gradle.cache.internal.DefaultFileLockManager] Releasing lock on daemon addresses registry.
2026-03-14T21:39:27.513+0500 [DEBUG] [org.gradle.cache.internal.DefaultFileLockManager] Waiting to acquire shared lock on daemon addresses registry.
2026-03-14T21:39:27.514+0500 [DEBUG] [org.gradle.cache.internal.DefaultFileLockManager] Lock acquired on daemon addresses registry.
2026-03-14T21:39:27.515+0500 [DEBUG] [org.gradle.cache.internal.DefaultFileLockManager] Releasing lock on daemon addresses registry.
2026-03-14T21:39:27.515+0500 [DEBUG] [org.gradle.cache.internal.DefaultFileLockManager] Waiting to acquire shared lock on daemon addresses registry.
2026-03-14T21:39:27.516+0500 [DEBUG] [org.gradle.cache.internal.DefaultFileLockManager] Lock acquired on daemon addresses registry.
2026-03-14T21:39:27.516+0500 [DEBUG] [org.gradle.cache.internal.DefaultFileLockManager] Releasing lock on daemon addresses registry.
2026-03-14T21:39:27.516+0500 [DEBUG] [org.gradle.cache.internal.DefaultFileLockManager] Waiting to acquire shared lock on daemon addresses registry.
2026-03-14T21:39:27.516+0500 [DEBUG] [org.gradle.cache.internal.DefaultFileLockManager] Lock acquired on daemon addresses registry.
2026-03-14T21:39:27.516+0500 [DEBUG] [org.gradle.cache.internal.DefaultFileLockManager] Releasing lock on daemon addresses registry.
2026-03-14T21:39:37.512+0500 [DEBUG] [org.gradle.cache.internal.DefaultFileLockManager] Waiting to acquire shared lock on daemon addresses registry.
2026-03-14T21:39:37.513+0500 [DEBUG] [org.gradle.cache.internal.DefaultFileLockManager] Lock acquired on daemon addresses registry.
2026-03-14T21:39:37.513+0500 [DEBUG] [org.gradle.cache.internal.DefaultFileLockManager] Releasing lock on daemon addresses registry.
2026-03-14T21:39:37.513+0500 [DEBUG] [org.gradle.cache.internal.DefaultFileLockManager] Waiting to acquire shared lock on daemon addresses registry.
2026-03-14T21:39:37.513+0500 [DEBUG] [org.gradle.cache.internal.DefaultFileLockManager] Lock acquired on daemon addresses registry.
2026-03-14T21:39:37.513+0500 [DEBUG] [org.gradle.cache.internal.DefaultFileLockManager] Releasing lock on daemon addresses registry.
2026-03-14T21:39:37.514+0500 [DEBUG] [org.gradle.cache.internal.DefaultFileLockManager] Waiting to acquire shared lock on daemon addresses registry.
2026-03-14T21:39:37.514+0500 [DEBUG] [org.gradle.cache.internal.DefaultFileLockManager] Lock acquired on daemon addresses registry.
2026-03-14T21:39:37.514+0500 [DEBUG] [org.gradle.cache.internal.DefaultFileLockManager] Releasing lock on daemon addresses registry.
2026-03-14T21:39:43.144+0500 [DEBUG] [org.gradle.internal.remote.internal.inet.TcpIncomingConnector] Accepted connection from /127.0.0.1:64420 to /127.0.0.1:54919.
2026-03-14T21:39:43.151+0500 [DEBUG] [org.gradle.launcher.daemon.server.SynchronizedDispatchConnection] thread 1141: received class org.gradle.launcher.daemon.protocol.Build
2026-03-14T21:39:43.151+0500 [DEBUG] [org.gradle.launcher.daemon.server.DefaultDaemonConnection] thread 1141: Received non-IO message from client: Build{id=63b5b9c7-198f-4590-93f0-9e770aafdb10, currentDir=/Users/user/StudioProjects/Jetpack-compose-}
2026-03-14T21:39:43.152+0500 [INFO] [org.gradle.launcher.daemon.server.DefaultIncomingConnectionHandler] Received command: Build{id=63b5b9c7-198f-4590-93f0-9e770aafdb10, currentDir=/Users/user/StudioProjects/Jetpack-compose-}.
2026-03-14T21:39:43.152+0500 [DEBUG] [org.gradle.launcher.daemon.server.DefaultIncomingConnectionHandler] Starting executing command: Build{id=63b5b9c7-198f-4590-93f0-9e770aafdb10, currentDir=/Users/user/StudioProjects/Jetpack-compose-} with connection: socket connection from /127.0.0.1:54919 to /127.0.0.1:64420.
2026-03-14T21:39:43.154+0500 [DEBUG] [org.gradle.launcher.daemon.server.DaemonStateCoordinator] Command execution: started DaemonCommandExecution[command = Build{id=63b5b9c7-198f-4590-93f0-9e770aafdb10, currentDir=/Users/user/StudioProjects/Jetpack-compose-}, connection = DefaultDaemonConnection: socket connection from /127.0.0.1:54919 to /127.0.0.1:64420] after 15.133666666666667 minutes of idle
2026-03-14T21:39:43.154+0500 [INFO] [org.gradle.launcher.daemon.server.DaemonRegistryUpdater] Marking the daemon as busy, address: [e3314c61-88c3-4325-9052-9f15a21f69e7 port:54919, addresses:[localhost/127.0.0.1]]
2026-03-14T21:39:43.154+0500 [DEBUG] [org.gradle.launcher.daemon.registry.PersistentDaemonRegistry] Marking busy by address: [e3314c61-88c3-4325-9052-9f15a21f69e7 port:54919, addresses:[localhost/127.0.0.1]]
2026-03-14T21:39:43.154+0500 [DEBUG] [org.gradle.cache.internal.DefaultFileLockManager] Waiting to acquire exclusive lock on daemon addresses registry.
2026-03-14T21:39:43.155+0500 [DEBUG] [org.gradle.cache.internal.DefaultFileLockManager] Lock acquired on daemon addresses registry.
2026-03-14T21:39:43.155+0500 [DEBUG] [org.gradle.cache.internal.DefaultFileLockManager] Releasing lock on daemon addresses registry.
2026-03-14T21:39:43.155+0500 [DEBUG] [org.gradle.launcher.daemon.server.DaemonStateCoordinator] resetting idle timer
2026-03-14T21:39:43.155+0500 [DEBUG] [org.gradle.launcher.daemon.server.DaemonStateCoordinator] daemon is running. Sleeping until state changes.
2026-03-14T21:39:43.156+0500 [INFO] [org.gradle.launcher.daemon.server.exec.StartBuildOrRespondWithBusy] Daemon is about to start building Build{id=63b5b9c7-198f-4590-93f0-9e770aafdb10, currentDir=/Users/user/StudioProjects/Jetpack-compose-}. Dispatching build started information...
2026-03-14T21:39:43.156+0500 [DEBUG] [org.gradle.launcher.daemon.server.SynchronizedDispatchConnection] thread 1143: dispatching org.gradle.launcher.daemon.protocol.BuildStarted@7e13832a
2026-03-14T21:39:43.156+0500 [DEBUG] [org.gradle.launcher.daemon.server.exec.EstablishBuildEnvironment] Configuring env variables: [PATH, __CFBundleIdentifier, SHELL, JAVA_HOME, OLDPWD, USER, COMMAND_MODE, TMPDIR, SSH_AUTH_SOCK, XPC_FLAGS, __CF_USER_TEXT_ENCODING, LOGNAME, LC_CTYPE, XPC_SERVICE_NAME, HOME]
2026-03-14T21:39:43.157+0500 [DEBUG] [org.gradle.launcher.daemon.server.exec.LogToClient] About to start relaying all logs to the client via the connection.
2026-03-14T21:39:43.157+0500 [INFO] [org.gradle.launcher.daemon.server.exec.LogToClient] The client will now receive all logging from the daemon (pid: 75549). The daemon log file: /Users/user/StudioProjects/Jetpack-compose-/gradle/wrapper/daemon/8.13/daemon-75549.out.log
2026-03-14T21:39:43.158+0500 [INFO] [org.gradle.launcher.daemon.server.exec.LogAndCheckHealth] Starting 9th build in daemon [uptime: 55 mins 35.741 secs, performance: 99%, GC rate: 0.00/s, heap usage: 1% of 2 GiB]
2026-03-14T21:39:43.158+0500 [DEBUG] [org.gradle.launcher.daemon.server.exec.ExecuteBuild] The daemon has started executing the build.
2026-03-14T21:39:43.158+0500 [DEBUG] [org.gradle.launcher.daemon.server.exec.ExecuteBuild] Executing build with daemon context: DefaultDaemonContext[uid=be09e351-5b6f-4876-83a1-c7b09c2203fc,javaHome=/Library/Java/JavaVirtualMachines/temurin-21.jdk/Contents/Home,javaVersion=21,javaVendor=Eclipse Adoptium,daemonRegistryDir=/Users/user/StudioProjects/Jetpack-compose-/gradle/wrapper/daemon,pid=75549,idleTimeout=10800000,priority=NORMAL,applyInstrumentationAgent=true,nativeServicesMode=ENABLED,daemonOpts=-Xmx2048m,-Dfile.encoding=UTF-8,-Duser.country=UZ,-Duser.language=ru,-Duser.variant]

[Incubating] Problems report is available at: file:///Users/user/StudioProjects/Jetpack-compose-/build/reports/problems/problems-report.html

Deprecated Gradle features were used in this build, making it incompatible with Gradle 9.0.

You can use '--warning-mode all' to show the individual deprecation warnings and determine if they come from your own scripts or plugins.

For more on this, please refer to https://docs.gradle.org/8.13/userguide/command_line_interface.html#sec:command_line_warnings in the Gradle documentation.

BUILD SUCCESSFUL in 633ms
45 actionable tasks: 1 executed, 44 up-to-date
2026-03-14T21:39:43.793+0500 [DEBUG] [org.gradle.launcher.daemon.server.exec.ExecuteBuild] The daemon has finished executing the build.
2026-03-14T21:39:43.802+0500 [DEBUG] [org.gradle.launcher.daemon.server.DaemonStateCoordinator] daemon is running. Sleeping until state changes.
2026-03-14T21:39:43.802+0500 [DEBUG] [org.gradle.launcher.daemon.server.DaemonStateCoordinator] Command execution: finished waiting for DaemonCommandExecution[command = Build{id=63b5b9c7-198f-4590-93f0-9e770aafdb10, currentDir=/Users/user/StudioProjects/Jetpack-compose-}, connection = DefaultDaemonConnection: socket connection from /127.0.0.1:54919 to /127.0.0.1:64420]. Result org.gradle.launcher.daemon.server.DaemonStateCoordinator@3a6128d3 with state Busy
2026-03-14T21:39:43.802+0500 [DEBUG] [org.gradle.launcher.daemon.server.DaemonStateCoordinator] Command execution: completed DaemonCommandExecution[command = Build{id=63b5b9c7-198f-4590-93f0-9e770aafdb10, currentDir=/Users/user/StudioProjects/Jetpack-compose-}, connection = DefaultDaemonConnection: socket connection from /127.0.0.1:54919 to /127.0.0.1:64420]
2026-03-14T21:39:43.802+0500 [DEBUG] [org.gradle.launcher.daemon.server.DaemonStateCoordinator] resetting idle timer
2026-03-14T21:39:43.802+0500 [INFO] [org.gradle.launcher.daemon.server.DaemonRegistryUpdater] Marking the daemon as idle, address: [e3314c61-88c3-4325-9052-9f15a21f69e7 port:54919, addresses:[localhost/127.0.0.1]]
2026-03-14T21:39:43.802+0500 [DEBUG] [org.gradle.launcher.daemon.registry.PersistentDaemonRegistry] Marking busy by address: [e3314c61-88c3-4325-9052-9f15a21f69e7 port:54919, addresses:[localhost/127.0.0.1]]
2026-03-14T21:39:43.803+0500 [DEBUG] [org.gradle.cache.internal.DefaultFileLockManager] Waiting to acquire exclusive lock on daemon addresses registry.
2026-03-14T21:39:43.803+0500 [DEBUG] [org.gradle.cache.internal.DefaultFileLockManager] Lock acquired on daemon addresses registry.
2026-03-14T21:39:43.803+0500 [DEBUG] [org.gradle.cache.internal.DefaultFileLockManager] Releasing lock on daemon addresses registry.
2026-03-14T21:39:43.803+0500 [DEBUG] [org.gradle.launcher.daemon.server.exec.ReturnResult] Daemon is dispatching the build result: Success[value=org.gradle.launcher.exec.BuildActionResult@7d824182]
2026-03-14T21:39:43.803+0500 [DEBUG] [org.gradle.launcher.daemon.server.SynchronizedDispatchConnection] thread 1140: dispatching Success[value=org.gradle.launcher.exec.BuildActionResult@7d824182]
2026-03-14T21:39:43.803+0500 [DEBUG] [org.gradle.launcher.daemon.server.DaemonStateCoordinator] daemon is running. Sleeping until state changes.
2026-03-14T21:39:43.803+0500 [DEBUG] [org.gradle.launcher.daemon.server.exec.CleanUpVirtualFileSystemAfterBuild] Cleaning virtual file system after build finished
2026-03-14T21:39:43.803+0500 [DEBUG] [org.gradle.launcher.daemon.server.DefaultIncomingConnectionHandler] Finishing executing command: Build{id=63b5b9c7-198f-4590-93f0-9e770aafdb10, currentDir=/Users/user/StudioProjects/Jetpack-compose-}
2026-03-14T21:39:43.803+0500 [DEBUG] [org.gradle.launcher.daemon.server.SynchronizedDispatchConnection] thread 1141: received class org.gradle.launcher.daemon.protocol.CloseInput
2026-03-14T21:39:43.803+0500 [DEBUG] [org.gradle.launcher.daemon.server.DefaultDaemonConnection] thread 1141: Received IO message from client: org.gradle.launcher.daemon.protocol.CloseInput@54f38c7c
2026-03-14T21:39:43.803+0500 [DEBUG] [org.gradle.launcher.daemon.server.SynchronizedDispatchConnection] thread 1141: received class org.gradle.launcher.daemon.protocol.Finished
2026-03-14T21:39:43.804+0500 [DEBUG] [org.gradle.launcher.daemon.server.DefaultDaemonConnection] thread 1141: Received non-IO message from client: org.gradle.launcher.daemon.protocol.Finished@5a347892
2026-03-14T21:39:43.804+0500 [DEBUG] [org.gradle.launcher.daemon.server.DefaultIncomingConnectionHandler] Received finished message: org.gradle.launcher.daemon.protocol.Finished@5a347892
2026-03-14T21:39:43.804+0500 [DEBUG] [org.gradle.launcher.daemon.server.SynchronizedDispatchConnection] thread 1140: stopping connection
2026-03-14T21:39:43.804+0500 [DEBUG] [org.gradle.internal.remote.internal.inet.SocketConnection] Discarding EOFException: java.io.EOFException
2026-03-14T21:39:43.804+0500 [DEBUG] [org.gradle.launcher.daemon.server.SynchronizedDispatchConnection] thread 1141: received null
2026-03-14T21:39:43.804+0500 [DEBUG] [org.gradle.launcher.daemon.server.DefaultDaemonConnection] thread 1141: Received end-of-input from client.
2026-03-14T21:39:43.804+0500 [DEBUG] [org.gradle.launcher.daemon.server.SynchronizedDispatchConnection] thread 1140: stopping connection
2026-03-14T21:39:47.509+0500 [DEBUG] [org.gradle.cache.internal.DefaultFileLockManager] Waiting to acquire shared lock on daemon addresses registry.
2026-03-14T21:39:47.509+0500 [DEBUG] [org.gradle.cache.internal.DefaultFileLockManager] Lock acquired on daemon addresses registry.
2026-03-14T21:39:47.509+0500 [DEBUG] [org.gradle.cache.internal.DefaultFileLockManager] Releasing lock on daemon addresses registry.
2026-03-14T21:39:47.509+0500 [DEBUG] [org.gradle.cache.internal.DefaultFileLockManager] Waiting to acquire shared lock on daemon addresses registry.
2026-03-14T21:39:47.509+0500 [DEBUG] [org.gradle.cache.internal.DefaultFileLockManager] Lock acquired on daemon addresses registry.
2026-03-14T21:39:47.509+0500 [DEBUG] [org.gradle.cache.internal.DefaultFileLockManager] Releasing lock on daemon addresses registry.
2026-03-14T21:39:57.515+0500 [DEBUG] [org.gradle.cache.internal.DefaultFileLockManager] Waiting to acquire shared lock on daemon addresses registry.
2026-03-14T21:39:57.517+0500 [DEBUG] [org.gradle.cache.internal.DefaultFileLockManager] Lock acquired on daemon addresses registry.
2026-03-14T21:39:57.518+0500 [DEBUG] [org.gradle.cache.internal.DefaultFileLockManager] Releasing lock on daemon addresses registry.
2026-03-14T21:39:57.519+0500 [DEBUG] [org.gradle.cache.internal.DefaultFileLockManager] Waiting to acquire shared lock on daemon addresses registry.
2026-03-14T21:39:57.519+0500 [DEBUG] [org.gradle.cache.internal.DefaultFileLockManager] Lock acquired on daemon addresses registry.
2026-03-14T21:39:57.520+0500 [DEBUG] [org.gradle.cache.internal.DefaultFileLockManager] Releasing lock on daemon addresses registry.
2026-03-14T21:39:57.520+0500 [DEBUG] [org.gradle.cache.internal.DefaultFileLockManager] Waiting to acquire shared lock on daemon addresses registry.
2026-03-14T21:39:57.520+0500 [DEBUG] [org.gradle.cache.internal.DefaultFileLockManager] Lock acquired on daemon addresses registry.
2026-03-14T21:39:57.520+0500 [DEBUG] [org.gradle.cache.internal.DefaultFileLockManager] Releasing lock on daemon addresses registry.
2026-03-14T21:40:07.509+0500 [DEBUG] [org.gradle.cache.internal.DefaultFileLockManager] Waiting to acquire shared lock on daemon addresses registry.
2026-03-14T21:40:07.509+0500 [DEBUG] [org.gradle.cache.internal.DefaultFileLockManager] Lock acquired on daemon addresses registry.
2026-03-14T21:40:07.509+0500 [DEBUG] [org.gradle.cache.internal.DefaultFileLockManager] Releasing lock on daemon addresses registry.
2026-03-14T21:40:07.509+0500 [DEBUG] [org.gradle.cache.internal.DefaultFileLockManager] Waiting to acquire shared lock on daemon addresses registry.
2026-03-14T21:40:07.509+0500 [DEBUG] [org.gradle.cache.internal.DefaultFileLockManager] Lock acquired on daemon addresses registry.
2026-03-14T21:40:07.509+0500 [DEBUG] [org.gradle.cache.internal.DefaultFileLockManager] Releasing lock on daemon addresses registry.
2026-03-14T21:40:07.509+0500 [DEBUG] [org.gradle.cache.internal.DefaultFileLockManager] Waiting to acquire shared lock on daemon addresses registry.
2026-03-14T21:40:07.509+0500 [DEBUG] [org.gradle.cache.internal.DefaultFileLockManager] Lock acquired on daemon addresses registry.
2026-03-14T21:40:07.509+0500 [DEBUG] [org.gradle.cache.internal.DefaultFileLockManager] Releasing lock on daemon addresses registry.
2026-03-14T21:40:17.513+0500 [DEBUG] [org.gradle.cache.internal.DefaultFileLockManager] Waiting to acquire shared lock on daemon addresses registry.
2026-03-14T21:40:17.513+0500 [DEBUG] [org.gradle.cache.internal.DefaultFileLockManager] Lock acquired on daemon addresses registry.
2026-03-14T21:40:17.513+0500 [DEBUG] [org.gradle.cache.internal.DefaultFileLockManager] Releasing lock on daemon addresses registry.
2026-03-14T21:40:17.514+0500 [DEBUG] [org.gradle.cache.internal.DefaultFileLockManager] Waiting to acquire shared lock on daemon addresses registry.
2026-03-14T21:40:17.514+0500 [DEBUG] [org.gradle.cache.internal.DefaultFileLockManager] Lock acquired on daemon addresses registry.
2026-03-14T21:40:17.514+0500 [DEBUG] [org.gradle.cache.internal.DefaultFileLockManager] Releasing lock on daemon addresses registry.
2026-03-14T21:40:17.515+0500 [DEBUG] [org.gradle.cache.internal.DefaultFileLockManager] Waiting to acquire shared lock on daemon addresses registry.
2026-03-14T21:40:17.515+0500 [DEBUG] [org.gradle.cache.internal.DefaultFileLockManager] Lock acquired on daemon addresses registry.
2026-03-14T21:40:17.515+0500 [DEBUG] [org.gradle.cache.internal.DefaultFileLockManager] Releasing lock on daemon addresses registry.
2026-03-14T21:40:18.714+0500 [DEBUG] [sun.rmi.transport.tcp] RMI TCP Connection(34)-127.0.0.1: accepted socket from [127.0.0.1:64479]
2026-03-14T21:40:18.716+0500 [DEBUG] [sun.rmi.transport.tcp] RMI TCP Connection(34)-127.0.0.1: (port 54929) op = 80
2026-03-14T21:40:18.717+0500 [DEBUG] [sun.rmi.loader] RMI TCP Connection(34)-127.0.0.1: name = "[Ljava.rmi.server.ObjID;", codebase = "", defaultLoader = jdk.internal.loader.ClassLoaders$PlatformClassLoader@30e1411f
2026-03-14T21:40:18.717+0500 [DEBUG] [sun.rmi.loader] RMI TCP Connection(34)-127.0.0.1: name = "java.rmi.dgc.Lease", codebase = "", defaultLoader = jdk.internal.loader.ClassLoaders$PlatformClassLoader@30e1411f
2026-03-14T21:40:18.717+0500 [DEBUG] [sun.rmi.loader] RMI TCP Connection(34)-127.0.0.1: name = "java.rmi.dgc.VMID", codebase = "", defaultLoader = jdk.internal.loader.ClassLoaders$PlatformClassLoader@30e1411f
2026-03-14T21:40:18.717+0500 [DEBUG] [sun.rmi.loader] RMI TCP Connection(34)-127.0.0.1: name = "[B", codebase = "", defaultLoader = jdk.internal.loader.ClassLoaders$PlatformClassLoader@30e1411f
2026-03-14T21:40:18.717+0500 [DEBUG] [sun.rmi.loader] RMI TCP Connection(34)-127.0.0.1: name = "java.rmi.server.UID", codebase = "", defaultLoader = jdk.internal.loader.ClassLoaders$PlatformClassLoader@30e1411f
2026-03-14T21:40:19.552+0500 [DEBUG] [org.gradle.internal.remote.internal.inet.TcpIncomingConnector] Accepted connection from /127.0.0.1:64480 to /127.0.0.1:54919.
2026-03-14T21:40:19.555+0500 [DEBUG] [org.gradle.launcher.daemon.server.SynchronizedDispatchConnection] thread 1255: received class org.gradle.launcher.daemon.protocol.Build
2026-03-14T21:40:19.555+0500 [DEBUG] [org.gradle.launcher.daemon.server.DefaultDaemonConnection] thread 1255: Received non-IO message from client: Build{id=6f4b8c0e-1dbf-421c-839c-5784801104ff, currentDir=/Users/user/StudioProjects/Jetpack-compose-}
2026-03-14T21:40:19.555+0500 [INFO] [org.gradle.launcher.daemon.server.DefaultIncomingConnectionHandler] Received command: Build{id=6f4b8c0e-1dbf-421c-839c-5784801104ff, currentDir=/Users/user/StudioProjects/Jetpack-compose-}.
2026-03-14T21:40:19.555+0500 [DEBUG] [org.gradle.launcher.daemon.server.DefaultIncomingConnectionHandler] Starting executing command: Build{id=6f4b8c0e-1dbf-421c-839c-5784801104ff, currentDir=/Users/user/StudioProjects/Jetpack-compose-} with connection: socket connection from /127.0.0.1:54919 to /127.0.0.1:64480.
2026-03-14T21:40:19.556+0500 [DEBUG] [org.gradle.launcher.daemon.server.DaemonStateCoordinator] Command execution: started DaemonCommandExecution[command = Build{id=6f4b8c0e-1dbf-421c-839c-5784801104ff, currentDir=/Users/user/StudioProjects/Jetpack-compose-}, connection = DefaultDaemonConnection: socket connection from /127.0.0.1:54919 to /127.0.0.1:64480] after 0.5958666666666667 minutes of idle
2026-03-14T21:40:19.556+0500 [INFO] [org.gradle.launcher.daemon.server.DaemonRegistryUpdater] Marking the daemon as busy, address: [e3314c61-88c3-4325-9052-9f15a21f69e7 port:54919, addresses:[localhost/127.0.0.1]]
2026-03-14T21:40:19.556+0500 [DEBUG] [org.gradle.launcher.daemon.registry.PersistentDaemonRegistry] Marking busy by address: [e3314c61-88c3-4325-9052-9f15a21f69e7 port:54919, addresses:[localhost/127.0.0.1]]
2026-03-14T21:40:19.556+0500 [DEBUG] [org.gradle.cache.internal.DefaultFileLockManager] Waiting to acquire exclusive lock on daemon addresses registry.
2026-03-14T21:40:19.556+0500 [DEBUG] [org.gradle.cache.internal.DefaultFileLockManager] Lock acquired on daemon addresses registry.
2026-03-14T21:40:19.557+0500 [DEBUG] [org.gradle.cache.internal.DefaultFileLockManager] Releasing lock on daemon addresses registry.
2026-03-14T21:40:19.557+0500 [DEBUG] [org.gradle.launcher.daemon.server.DaemonStateCoordinator] resetting idle timer
2026-03-14T21:40:19.557+0500 [DEBUG] [org.gradle.launcher.daemon.server.DaemonStateCoordinator] daemon is running. Sleeping until state changes.
2026-03-14T21:40:19.557+0500 [INFO] [org.gradle.launcher.daemon.server.exec.StartBuildOrRespondWithBusy] Daemon is about to start building Build{id=6f4b8c0e-1dbf-421c-839c-5784801104ff, currentDir=/Users/user/StudioProjects/Jetpack-compose-}. Dispatching build started information...
2026-03-14T21:40:19.558+0500 [DEBUG] [org.gradle.launcher.daemon.server.SynchronizedDispatchConnection] thread 1143: dispatching org.gradle.launcher.daemon.protocol.BuildStarted@4d1d5c40
2026-03-14T21:40:19.558+0500 [DEBUG] [org.gradle.launcher.daemon.server.exec.EstablishBuildEnvironment] Configuring env variables: [PATH, __CFBundleIdentifier, SHELL, JAVA_HOME, OLDPWD, USER, COMMAND_MODE, TMPDIR, SSH_AUTH_SOCK, XPC_FLAGS, __CF_USER_TEXT_ENCODING, LOGNAME, LC_CTYPE, XPC_SERVICE_NAME, HOME]
2026-03-14T21:40:19.559+0500 [DEBUG] [org.gradle.launcher.daemon.server.exec.LogToClient] About to start relaying all logs to the client via the connection.
2026-03-14T21:40:19.559+0500 [INFO] [org.gradle.launcher.daemon.server.exec.LogToClient] The client will now receive all logging from the daemon (pid: 75549). The daemon log file: /Users/user/StudioProjects/Jetpack-compose-/gradle/wrapper/daemon/8.13/daemon-75549.out.log
2026-03-14T21:40:19.560+0500 [INFO] [org.gradle.launcher.daemon.server.exec.LogAndCheckHealth] Starting 10th build in daemon [uptime: 56 mins 12.143 secs, performance: 99%, GC rate: 0.00/s, heap usage: 1% of 2 GiB]
2026-03-14T21:40:19.560+0500 [DEBUG] [org.gradle.launcher.daemon.server.exec.ExecuteBuild] The daemon has started executing the build.
2026-03-14T21:40:19.560+0500 [DEBUG] [org.gradle.launcher.daemon.server.exec.ExecuteBuild] Executing build with daemon context: DefaultDaemonContext[uid=be09e351-5b6f-4876-83a1-c7b09c2203fc,javaHome=/Library/Java/JavaVirtualMachines/temurin-21.jdk/Contents/Home,javaVersion=21,javaVendor=Eclipse Adoptium,daemonRegistryDir=/Users/user/StudioProjects/Jetpack-compose-/gradle/wrapper/daemon,pid=75549,idleTimeout=10800000,priority=NORMAL,applyInstrumentationAgent=true,nativeServicesMode=ENABLED,daemonOpts=-Xmx2048m,-Dfile.encoding=UTF-8,-Duser.country=UZ,-Duser.language=ru,-Duser.variant]

[Incubating] Problems report is available at: file:///Users/user/StudioProjects/Jetpack-compose-/build/reports/problems/problems-report.html

Deprecated Gradle features were used in this build, making it incompatible with Gradle 9.0.

You can use '--warning-mode all' to show the individual deprecation warnings and determine if they come from your own scripts or plugins.

For more on this, please refer to https://docs.gradle.org/8.13/userguide/command_line_interface.html#sec:command_line_warnings in the Gradle documentation.

BUILD SUCCESSFUL in 471ms
45 actionable tasks: 1 executed, 44 up-to-date
2026-03-14T21:40:20.045+0500 [DEBUG] [org.gradle.launcher.daemon.server.exec.ExecuteBuild] The daemon has finished executing the build.
2026-03-14T21:40:20.053+0500 [DEBUG] [org.gradle.launcher.daemon.server.DaemonStateCoordinator] daemon is running. Sleeping until state changes.
2026-03-14T21:40:20.053+0500 [DEBUG] [org.gradle.launcher.daemon.server.DaemonStateCoordinator] Command execution: finished waiting for DaemonCommandExecution[command = Build{id=6f4b8c0e-1dbf-421c-839c-5784801104ff, currentDir=/Users/user/StudioProjects/Jetpack-compose-}, connection = DefaultDaemonConnection: socket connection from /127.0.0.1:54919 to /127.0.0.1:64480]. Result org.gradle.launcher.daemon.server.DaemonStateCoordinator@3a6128d3 with state Busy
2026-03-14T21:40:20.053+0500 [DEBUG] [org.gradle.launcher.daemon.server.DaemonStateCoordinator] Command execution: completed DaemonCommandExecution[command = Build{id=6f4b8c0e-1dbf-421c-839c-5784801104ff, currentDir=/Users/user/StudioProjects/Jetpack-compose-}, connection = DefaultDaemonConnection: socket connection from /127.0.0.1:54919 to /127.0.0.1:64480]
2026-03-14T21:40:20.053+0500 [DEBUG] [org.gradle.launcher.daemon.server.DaemonStateCoordinator] resetting idle timer
2026-03-14T21:40:20.053+0500 [INFO] [org.gradle.launcher.daemon.server.DaemonRegistryUpdater] Marking the daemon as idle, address: [e3314c61-88c3-4325-9052-9f15a21f69e7 port:54919, addresses:[localhost/127.0.0.1]]
2026-03-14T21:40:20.053+0500 [DEBUG] [org.gradle.launcher.daemon.registry.PersistentDaemonRegistry] Marking busy by address: [e3314c61-88c3-4325-9052-9f15a21f69e7 port:54919, addresses:[localhost/127.0.0.1]]
2026-03-14T21:40:20.053+0500 [DEBUG] [org.gradle.cache.internal.DefaultFileLockManager] Waiting to acquire exclusive lock on daemon addresses registry.
2026-03-14T21:40:20.053+0500 [DEBUG] [org.gradle.cache.internal.DefaultFileLockManager] Lock acquired on daemon addresses registry.
2026-03-14T21:40:20.053+0500 [DEBUG] [org.gradle.cache.internal.DefaultFileLockManager] Releasing lock on daemon addresses registry.
2026-03-14T21:40:20.053+0500 [DEBUG] [org.gradle.launcher.daemon.server.exec.ReturnResult] Daemon is dispatching the build result: Success[value=org.gradle.launcher.exec.BuildActionResult@718d4c06]
2026-03-14T21:40:20.053+0500 [DEBUG] [org.gradle.launcher.daemon.server.SynchronizedDispatchConnection] thread 1140: dispatching Success[value=org.gradle.launcher.exec.BuildActionResult@718d4c06]
2026-03-14T21:40:20.053+0500 [DEBUG] [org.gradle.launcher.daemon.server.DaemonStateCoordinator] daemon is running. Sleeping until state changes.
2026-03-14T21:40:20.053+0500 [DEBUG] [org.gradle.launcher.daemon.server.exec.CleanUpVirtualFileSystemAfterBuild] Cleaning virtual file system after build finished
2026-03-14T21:40:20.054+0500 [DEBUG] [org.gradle.launcher.daemon.server.DefaultIncomingConnectionHandler] Finishing executing command: Build{id=6f4b8c0e-1dbf-421c-839c-5784801104ff, currentDir=/Users/user/StudioProjects/Jetpack-compose-}
2026-03-14T21:40:20.053+0500 [DEBUG] [org.gradle.launcher.daemon.server.SynchronizedDispatchConnection] thread 1255: received class org.gradle.launcher.daemon.protocol.CloseInput
2026-03-14T21:40:20.054+0500 [DEBUG] [org.gradle.launcher.daemon.server.DefaultDaemonConnection] thread 1255: Received IO message from client: org.gradle.launcher.daemon.protocol.CloseInput@545e5b08
2026-03-14T21:40:20.054+0500 [DEBUG] [org.gradle.launcher.daemon.server.SynchronizedDispatchConnection] thread 1255: received class org.gradle.launcher.daemon.protocol.Finished
2026-03-14T21:40:20.054+0500 [DEBUG] [org.gradle.launcher.daemon.server.DefaultDaemonConnection] thread 1255: Received non-IO message from client: org.gradle.launcher.daemon.protocol.Finished@5a99bff3
2026-03-14T21:40:20.054+0500 [DEBUG] [org.gradle.launcher.daemon.server.DefaultIncomingConnectionHandler] Received finished message: org.gradle.launcher.daemon.protocol.Finished@5a99bff3
2026-03-14T21:40:20.054+0500 [DEBUG] [org.gradle.launcher.daemon.server.SynchronizedDispatchConnection] thread 1140: stopping connection
2026-03-14T21:40:20.054+0500 [DEBUG] [org.gradle.internal.remote.internal.inet.SocketConnection] Discarding EOFException: java.io.EOFException
2026-03-14T21:40:20.054+0500 [DEBUG] [org.gradle.launcher.daemon.server.SynchronizedDispatchConnection] thread 1255: received null
2026-03-14T21:40:20.054+0500 [DEBUG] [org.gradle.launcher.daemon.server.DefaultDaemonConnection] thread 1255: Received end-of-input from client.
2026-03-14T21:40:20.054+0500 [DEBUG] [org.gradle.launcher.daemon.server.SynchronizedDispatchConnection] thread 1140: stopping connection
2026-03-14T21:40:27.511+0500 [DEBUG] [org.gradle.cache.internal.DefaultFileLockManager] Waiting to acquire shared lock on daemon addresses registry.
2026-03-14T21:40:27.511+0500 [DEBUG] [org.gradle.cache.internal.DefaultFileLockManager] Lock acquired on daemon addresses registry.
2026-03-14T21:40:27.511+0500 [DEBUG] [org.gradle.cache.internal.DefaultFileLockManager] Releasing lock on daemon addresses registry.
2026-03-14T21:40:27.512+0500 [DEBUG] [org.gradle.cache.internal.DefaultFileLockManager] Waiting to acquire shared lock on daemon addresses registry.
2026-03-14T21:40:27.512+0500 [DEBUG] [org.gradle.cache.internal.DefaultFileLockManager] Lock acquired on daemon addresses registry.
2026-03-14T21:40:27.512+0500 [DEBUG] [org.gradle.cache.internal.DefaultFileLockManager] Releasing lock on daemon addresses registry.
2026-03-14T21:40:33.730+0500 [DEBUG] [sun.rmi.transport.tcp] RMI TCP Connection(34)-127.0.0.1: (port 54929) connection closed
2026-03-14T21:40:33.731+0500 [DEBUG] [sun.rmi.transport.tcp] RMI TCP Connection(34)-127.0.0.1: close connection, socket: Socket[addr=/127.0.0.1,port=64479,localport=54929]
2026-03-14T21:40:33.731+0500 [DEBUG] [sun.rmi.transport.tcp] RMI TCP Connection(34)-127.0.0.1: socket close: Socket[addr=/127.0.0.1,port=64479,localport=54929]
2026-03-14T21:40:37.512+0500 [DEBUG] [org.gradle.cache.internal.DefaultFileLockManager] Waiting to acquire shared lock on daemon addresses registry.
2026-03-14T21:40:37.512+0500 [DEBUG] [org.gradle.cache.internal.DefaultFileLockManager] Lock acquired on daemon addresses registry.
2026-03-14T21:40:37.513+0500 [DEBUG] [org.gradle.cache.internal.DefaultFileLockManager] Releasing lock on daemon addresses registry.
2026-03-14T21:40:37.513+0500 [DEBUG] [org.gradle.cache.internal.DefaultFileLockManager] Waiting to acquire shared lock on daemon addresses registry.
2026-03-14T21:40:37.513+0500 [DEBUG] [org.gradle.cache.internal.DefaultFileLockManager] Lock acquired on daemon addresses registry.
2026-03-14T21:40:37.514+0500 [DEBUG] [org.gradle.cache.internal.DefaultFileLockManager] Releasing lock on daemon addresses registry.
2026-03-14T21:40:37.514+0500 [DEBUG] [org.gradle.cache.internal.DefaultFileLockManager] Waiting to acquire shared lock on daemon addresses registry.
2026-03-14T21:40:37.514+0500 [DEBUG] [org.gradle.cache.internal.DefaultFileLockManager] Lock acquired on daemon addresses registry.
2026-03-14T21:40:37.514+0500 [DEBUG] [org.gradle.cache.internal.DefaultFileLockManager] Releasing lock on daemon addresses registry.
2026-03-14T21:40:47.512+0500 [DEBUG] [org.gradle.cache.internal.DefaultFileLockManager] Waiting to acquire shared lock on daemon addresses registry.
2026-03-14T21:40:47.514+0500 [DEBUG] [org.gradle.cache.internal.DefaultFileLockManager] Lock acquired on daemon addresses registry.
2026-03-14T21:40:47.515+0500 [DEBUG] [org.gradle.cache.internal.DefaultFileLockManager] Releasing lock on daemon addresses registry.
2026-03-14T21:40:47.515+0500 [DEBUG] [org.gradle.cache.internal.DefaultFileLockManager] Waiting to acquire shared lock on daemon addresses registry.
2026-03-14T21:40:47.515+0500 [DEBUG] [org.gradle.cache.internal.DefaultFileLockManager] Lock acquired on daemon addresses registry.
2026-03-14T21:40:47.516+0500 [DEBUG] [org.gradle.cache.internal.DefaultFileLockManager] Releasing lock on daemon addresses registry.
2026-03-14T21:40:47.516+0500 [DEBUG] [org.gradle.cache.internal.DefaultFileLockManager] Waiting to acquire shared lock on daemon addresses registry.
2026-03-14T21:40:47.516+0500 [DEBUG] [org.gradle.cache.internal.DefaultFileLockManager] Lock acquired on daemon addresses registry.
2026-03-14T21:40:47.516+0500 [DEBUG] [org.gradle.cache.internal.DefaultFileLockManager] Releasing lock on daemon addresses registry.
2026-03-14T21:40:57.511+0500 [DEBUG] [org.gradle.cache.internal.DefaultFileLockManager] Waiting to acquire shared lock on daemon addresses registry.
2026-03-14T21:40:57.512+0500 [DEBUG] [org.gradle.cache.internal.DefaultFileLockManager] Lock acquired on daemon addresses registry.
2026-03-14T21:40:57.512+0500 [DEBUG] [org.gradle.cache.internal.DefaultFileLockManager] Releasing lock on daemon addresses registry.
2026-03-14T21:40:57.512+0500 [DEBUG] [org.gradle.cache.internal.DefaultFileLockManager] Waiting to acquire shared lock on daemon addresses registry.
2026-03-14T21:40:57.513+0500 [DEBUG] [org.gradle.cache.internal.DefaultFileLockManager] Lock acquired on daemon addresses registry.
2026-03-14T21:40:57.513+0500 [DEBUG] [org.gradle.cache.internal.DefaultFileLockManager] Releasing lock on daemon addresses registry.
2026-03-14T21:40:57.513+0500 [DEBUG] [org.gradle.cache.internal.DefaultFileLockManager] Waiting to acquire shared lock on daemon addresses registry.
2026-03-14T21:40:57.513+0500 [DEBUG] [org.gradle.cache.internal.DefaultFileLockManager] Lock acquired on daemon addresses registry.
2026-03-14T21:40:57.513+0500 [DEBUG] [org.gradle.cache.internal.DefaultFileLockManager] Releasing lock on daemon addresses registry.
2026-03-14T21:41:07.513+0500 [DEBUG] [org.gradle.cache.internal.DefaultFileLockManager] Waiting to acquire shared lock on daemon addresses registry.
2026-03-14T21:41:07.514+0500 [DEBUG] [org.gradle.cache.internal.DefaultFileLockManager] Lock acquired on daemon addresses registry.
2026-03-14T21:41:07.514+0500 [DEBUG] [org.gradle.cache.internal.DefaultFileLockManager] Releasing lock on daemon addresses registry.
2026-03-14T21:41:07.515+0500 [DEBUG] [org.gradle.cache.internal.DefaultFileLockManager] Waiting to acquire shared lock on daemon addresses registry.
2026-03-14T21:41:07.515+0500 [DEBUG] [org.gradle.cache.internal.DefaultFileLockManager] Lock acquired on daemon addresses registry.
2026-03-14T21:41:07.515+0500 [DEBUG] [org.gradle.cache.internal.DefaultFileLockManager] Releasing lock on daemon addresses registry.
2026-03-14T21:41:07.515+0500 [DEBUG] [org.gradle.cache.internal.DefaultFileLockManager] Waiting to acquire shared lock on daemon addresses registry.
2026-03-14T21:41:07.515+0500 [DEBUG] [org.gradle.cache.internal.DefaultFileLockManager] Lock acquired on daemon addresses registry.
2026-03-14T21:41:07.515+0500 [DEBUG] [org.gradle.cache.internal.DefaultFileLockManager] Releasing lock on daemon addresses registry.
2026-03-14T21:41:17.513+0500 [DEBUG] [org.gradle.cache.internal.DefaultFileLockManager] Waiting to acquire shared lock on daemon addresses registry.
2026-03-14T21:41:17.513+0500 [DEBUG] [org.gradle.cache.internal.DefaultFileLockManager] Lock acquired on daemon addresses registry.
2026-03-14T21:41:17.513+0500 [DEBUG] [org.gradle.cache.internal.DefaultFileLockManager] Releasing lock on daemon addresses registry.
2026-03-14T21:41:17.514+0500 [DEBUG] [org.gradle.cache.internal.DefaultFileLockManager] Waiting to acquire shared lock on daemon addresses registry.
2026-03-14T21:41:17.514+0500 [DEBUG] [org.gradle.cache.internal.DefaultFileLockManager] Lock acquired on daemon addresses registry.
2026-03-14T21:41:17.514+0500 [DEBUG] [org.gradle.cache.internal.DefaultFileLockManager] Releasing lock on daemon addresses registry.
2026-03-14T21:41:17.514+0500 [DEBUG] [org.gradle.cache.internal.DefaultFileLockManager] Waiting to acquire shared lock on daemon addresses registry.
2026-03-14T21:41:17.514+0500 [DEBUG] [org.gradle.cache.internal.DefaultFileLockManager] Lock acquired on daemon addresses registry.
2026-03-14T21:41:17.514+0500 [DEBUG] [org.gradle.cache.internal.DefaultFileLockManager] Releasing lock on daemon addresses registry.
2026-03-14T21:41:27.511+0500 [DEBUG] [org.gradle.cache.internal.DefaultFileLockManager] Waiting to acquire shared lock on daemon addresses registry.
2026-03-14T21:41:27.513+0500 [DEBUG] [org.gradle.cache.internal.DefaultFileLockManager] Lock acquired on daemon addresses registry.
2026-03-14T21:41:27.513+0500 [DEBUG] [org.gradle.cache.internal.DefaultFileLockManager] Releasing lock on daemon addresses registry.
2026-03-14T21:41:27.513+0500 [DEBUG] [org.gradle.cache.internal.DefaultFileLockManager] Waiting to acquire shared lock on daemon addresses registry.
2026-03-14T21:41:27.514+0500 [DEBUG] [org.gradle.cache.internal.DefaultFileLockManager] Lock acquired on daemon addresses registry.
2026-03-14T21:41:27.514+0500 [DEBUG] [org.gradle.cache.internal.DefaultFileLockManager] Releasing lock on daemon addresses registry.
2026-03-14T21:41:27.514+0500 [DEBUG] [org.gradle.cache.internal.DefaultFileLockManager] Waiting to acquire shared lock on daemon addresses registry.
2026-03-14T21:41:27.514+0500 [DEBUG] [org.gradle.cache.internal.DefaultFileLockManager] Lock acquired on daemon addresses registry.
2026-03-14T21:41:27.514+0500 [DEBUG] [org.gradle.cache.internal.DefaultFileLockManager] Releasing lock on daemon addresses registry.
2026-03-14T21:41:37.512+0500 [DEBUG] [org.gradle.cache.internal.DefaultFileLockManager] Waiting to acquire shared lock on daemon addresses registry.
2026-03-14T21:41:37.513+0500 [DEBUG] [org.gradle.cache.internal.DefaultFileLockManager] Lock acquired on daemon addresses registry.
2026-03-14T21:41:37.513+0500 [DEBUG] [org.gradle.cache.internal.DefaultFileLockManager] Releasing lock on daemon addresses registry.
2026-03-14T21:41:37.514+0500 [DEBUG] [org.gradle.cache.internal.DefaultFileLockManager] Waiting to acquire shared lock on daemon addresses registry.
2026-03-14T21:41:37.514+0500 [DEBUG] [org.gradle.cache.internal.DefaultFileLockManager] Lock acquired on daemon addresses registry.
2026-03-14T21:41:37.515+0500 [DEBUG] [org.gradle.cache.internal.DefaultFileLockManager] Releasing lock on daemon addresses registry.
2026-03-14T21:41:37.515+0500 [DEBUG] [org.gradle.cache.internal.DefaultFileLockManager] Waiting to acquire shared lock on daemon addresses registry.
2026-03-14T21:41:37.515+0500 [DEBUG] [org.gradle.cache.internal.DefaultFileLockManager] Lock acquired on daemon addresses registry.
2026-03-14T21:41:37.516+0500 [DEBUG] [org.gradle.cache.internal.DefaultFileLockManager] Releasing lock on daemon addresses registry.
2026-03-14T21:41:47.513+0500 [DEBUG] [org.gradle.cache.internal.DefaultFileLockManager] Waiting to acquire shared lock on daemon addresses registry.
2026-03-14T21:41:47.517+0500 [DEBUG] [org.gradle.cache.internal.DefaultFileLockManager] Lock acquired on daemon addresses registry.
2026-03-14T21:41:47.518+0500 [DEBUG] [org.gradle.cache.internal.DefaultFileLockManager] Releasing lock on daemon addresses registry.
2026-03-14T21:41:47.520+0500 [DEBUG] [org.gradle.cache.internal.DefaultFileLockManager] Waiting to acquire shared lock on daemon addresses registry.
2026-03-14T21:41:47.520+0500 [DEBUG] [org.gradle.cache.internal.DefaultFileLockManager] Lock acquired on daemon addresses registry.
2026-03-14T21:41:47.520+0500 [DEBUG] [org.gradle.cache.internal.DefaultFileLockManager] Releasing lock on daemon addresses registry.
2026-03-14T21:41:47.520+0500 [DEBUG] [org.gradle.cache.internal.DefaultFileLockManager] Waiting to acquire shared lock on daemon addresses registry.
2026-03-14T21:41:47.521+0500 [DEBUG] [org.gradle.cache.internal.DefaultFileLockManager] Lock acquired on daemon addresses registry.
2026-03-14T21:41:47.521+0500 [DEBUG] [org.gradle.cache.internal.DefaultFileLockManager] Releasing lock on daemon addresses registry.
2026-03-14T21:41:57.513+0500 [DEBUG] [org.gradle.cache.internal.DefaultFileLockManager] Waiting to acquire shared lock on daemon addresses registry.
2026-03-14T21:41:57.513+0500 [DEBUG] [org.gradle.cache.internal.DefaultFileLockManager] Lock acquired on daemon addresses registry.
2026-03-14T21:41:57.513+0500 [DEBUG] [org.gradle.cache.internal.DefaultFileLockManager] Releasing lock on daemon addresses registry.
2026-03-14T21:41:57.514+0500 [DEBUG] [org.gradle.cache.internal.DefaultFileLockManager] Waiting to acquire shared lock on daemon addresses registry.
2026-03-14T21:41:57.514+0500 [DEBUG] [org.gradle.cache.internal.DefaultFileLockManager] Lock acquired on daemon addresses registry.
2026-03-14T21:41:57.514+0500 [DEBUG] [org.gradle.cache.internal.DefaultFileLockManager] Releasing lock on daemon addresses registry.
2026-03-14T21:41:57.514+0500 [DEBUG] [org.gradle.cache.internal.DefaultFileLockManager] Waiting to acquire shared lock on daemon addresses registry.
2026-03-14T21:41:57.514+0500 [DEBUG] [org.gradle.cache.internal.DefaultFileLockManager] Lock acquired on daemon addresses registry.
2026-03-14T21:41:57.514+0500 [DEBUG] [org.gradle.cache.internal.DefaultFileLockManager] Releasing lock on daemon addresses registry.
2026-03-14T21:42:07.511+0500 [DEBUG] [org.gradle.cache.internal.DefaultFileLockManager] Waiting to acquire shared lock on daemon addresses registry.
2026-03-14T21:42:07.513+0500 [DEBUG] [org.gradle.cache.internal.DefaultFileLockManager] Lock acquired on daemon addresses registry.
2026-03-14T21:42:07.514+0500 [DEBUG] [org.gradle.cache.internal.DefaultFileLockManager] Releasing lock on daemon addresses registry.
2026-03-14T21:42:07.514+0500 [DEBUG] [org.gradle.cache.internal.DefaultFileLockManager] Waiting to acquire shared lock on daemon addresses registry.
2026-03-14T21:42:07.514+0500 [DEBUG] [org.gradle.cache.internal.DefaultFileLockManager] Lock acquired on daemon addresses registry.
2026-03-14T21:42:07.515+0500 [DEBUG] [org.gradle.cache.internal.DefaultFileLockManager] Releasing lock on daemon addresses registry.
2026-03-14T21:42:07.515+0500 [DEBUG] [org.gradle.cache.internal.DefaultFileLockManager] Waiting to acquire shared lock on daemon addresses registry.
2026-03-14T21:42:07.515+0500 [DEBUG] [org.gradle.cache.internal.DefaultFileLockManager] Lock acquired on daemon addresses registry.
2026-03-14T21:42:07.516+0500 [DEBUG] [org.gradle.cache.internal.DefaultFileLockManager] Releasing lock on daemon addresses registry.
2026-03-14T21:42:17.511+0500 [DEBUG] [org.gradle.cache.internal.DefaultFileLockManager] Waiting to acquire shared lock on daemon addresses registry.
2026-03-14T21:42:17.511+0500 [DEBUG] [org.gradle.cache.internal.DefaultFileLockManager] Lock acquired on daemon addresses registry.
2026-03-14T21:42:17.512+0500 [DEBUG] [org.gradle.cache.internal.DefaultFileLockManager] Releasing lock on daemon addresses registry.
2026-03-14T21:42:17.512+0500 [DEBUG] [org.gradle.cache.internal.DefaultFileLockManager] Waiting to acquire shared lock on daemon addresses registry.
2026-03-14T21:42:17.512+0500 [DEBUG] [org.gradle.cache.internal.DefaultFileLockManager] Lock acquired on daemon addresses registry.
2026-03-14T21:42:17.513+0500 [DEBUG] [org.gradle.cache.internal.DefaultFileLockManager] Releasing lock on daemon addresses registry.
2026-03-14T21:42:17.513+0500 [DEBUG] [org.gradle.cache.internal.DefaultFileLockManager] Waiting to acquire shared lock on daemon addresses registry.
2026-03-14T21:42:17.513+0500 [DEBUG] [org.gradle.cache.internal.DefaultFileLockManager] Lock acquired on daemon addresses registry.
2026-03-14T21:42:17.513+0500 [DEBUG] [org.gradle.cache.internal.DefaultFileLockManager] Releasing lock on daemon addresses registry.
2026-03-14T21:42:27.510+0500 [DEBUG] [org.gradle.cache.internal.DefaultFileLockManager] Waiting to acquire shared lock on daemon addresses registry.
2026-03-14T21:42:27.512+0500 [DEBUG] [org.gradle.cache.internal.DefaultFileLockManager] Lock acquired on daemon addresses registry.
2026-03-14T21:42:27.512+0500 [DEBUG] [org.gradle.cache.internal.DefaultFileLockManager] Releasing lock on daemon addresses registry.
2026-03-14T21:42:27.513+0500 [DEBUG] [org.gradle.cache.internal.DefaultFileLockManager] Waiting to acquire shared lock on daemon addresses registry.
2026-03-14T21:42:27.513+0500 [DEBUG] [org.gradle.cache.internal.DefaultFileLockManager] Lock acquired on daemon addresses registry.
2026-03-14T21:42:27.513+0500 [DEBUG] [org.gradle.cache.internal.DefaultFileLockManager] Releasing lock on daemon addresses registry.
2026-03-14T21:42:27.513+0500 [DEBUG] [org.gradle.cache.internal.DefaultFileLockManager] Waiting to acquire shared lock on daemon addresses registry.
2026-03-14T21:42:27.514+0500 [DEBUG] [org.gradle.cache.internal.DefaultFileLockManager] Lock acquired on daemon addresses registry.
2026-03-14T21:42:27.514+0500 [DEBUG] [org.gradle.cache.internal.DefaultFileLockManager] Releasing lock on daemon addresses registry.
2026-03-14T21:42:37.513+0500 [DEBUG] [org.gradle.cache.internal.DefaultFileLockManager] Waiting to acquire shared lock on daemon addresses registry.
2026-03-14T21:42:37.513+0500 [DEBUG] [org.gradle.cache.internal.DefaultFileLockManager] Lock acquired on daemon addresses registry.
2026-03-14T21:42:37.514+0500 [DEBUG] [org.gradle.cache.internal.DefaultFileLockManager] Releasing lock on daemon addresses registry.
2026-03-14T21:42:37.515+0500 [DEBUG] [org.gradle.cache.internal.DefaultFileLockManager] Waiting to acquire shared lock on daemon addresses registry.
2026-03-14T21:42:37.515+0500 [DEBUG] [org.gradle.cache.internal.DefaultFileLockManager] Lock acquired on daemon addresses registry.
2026-03-14T21:42:37.515+0500 [DEBUG] [org.gradle.cache.internal.DefaultFileLockManager] Releasing lock on daemon addresses registry.
2026-03-14T21:42:37.515+0500 [DEBUG] [org.gradle.cache.internal.DefaultFileLockManager] Waiting to acquire shared lock on daemon addresses registry.
2026-03-14T21:42:37.515+0500 [DEBUG] [org.gradle.cache.internal.DefaultFileLockManager] Lock acquired on daemon addresses registry.
2026-03-14T21:42:37.516+0500 [DEBUG] [org.gradle.cache.internal.DefaultFileLockManager] Releasing lock on daemon addresses registry.
2026-03-14T21:42:47.512+0500 [DEBUG] [org.gradle.cache.internal.DefaultFileLockManager] Waiting to acquire shared lock on daemon addresses registry.
2026-03-14T21:42:47.512+0500 [DEBUG] [org.gradle.cache.internal.DefaultFileLockManager] Lock acquired on daemon addresses registry.
2026-03-14T21:42:47.513+0500 [DEBUG] [org.gradle.cache.internal.DefaultFileLockManager] Releasing lock on daemon addresses registry.
2026-03-14T21:42:47.513+0500 [DEBUG] [org.gradle.cache.internal.DefaultFileLockManager] Waiting to acquire shared lock on daemon addresses registry.
2026-03-14T21:42:47.513+0500 [DEBUG] [org.gradle.cache.internal.DefaultFileLockManager] Lock acquired on daemon addresses registry.
2026-03-14T21:42:47.513+0500 [DEBUG] [org.gradle.cache.internal.DefaultFileLockManager] Releasing lock on daemon addresses registry.
2026-03-14T21:42:47.514+0500 [DEBUG] [org.gradle.cache.internal.DefaultFileLockManager] Waiting to acquire shared lock on daemon addresses registry.
2026-03-14T21:42:47.514+0500 [DEBUG] [org.gradle.cache.internal.DefaultFileLockManager] Lock acquired on daemon addresses registry.
2026-03-14T21:42:47.514+0500 [DEBUG] [org.gradle.cache.internal.DefaultFileLockManager] Releasing lock on daemon addresses registry.
2026-03-14T21:42:57.512+0500 [DEBUG] [org.gradle.cache.internal.DefaultFileLockManager] Waiting to acquire shared lock on daemon addresses registry.
2026-03-14T21:42:57.513+0500 [DEBUG] [org.gradle.cache.internal.DefaultFileLockManager] Lock acquired on daemon addresses registry.
2026-03-14T21:42:57.514+0500 [DEBUG] [org.gradle.cache.internal.DefaultFileLockManager] Releasing lock on daemon addresses registry.
2026-03-14T21:42:57.514+0500 [DEBUG] [org.gradle.cache.internal.DefaultFileLockManager] Waiting to acquire shared lock on daemon addresses registry.
2026-03-14T21:42:57.514+0500 [DEBUG] [org.gradle.cache.internal.DefaultFileLockManager] Lock acquired on daemon addresses registry.
2026-03-14T21:42:57.515+0500 [DEBUG] [org.gradle.cache.internal.DefaultFileLockManager] Releasing lock on daemon addresses registry.
2026-03-14T21:42:57.515+0500 [DEBUG] [org.gradle.cache.internal.DefaultFileLockManager] Waiting to acquire shared lock on daemon addresses registry.
2026-03-14T21:42:57.515+0500 [DEBUG] [org.gradle.cache.internal.DefaultFileLockManager] Lock acquired on daemon addresses registry.
2026-03-14T21:42:57.515+0500 [DEBUG] [org.gradle.cache.internal.DefaultFileLockManager] Releasing lock on daemon addresses registry.
2026-03-14T21:43:07.513+0500 [DEBUG] [org.gradle.cache.internal.DefaultFileLockManager] Waiting to acquire shared lock on daemon addresses registry.
2026-03-14T21:43:07.514+0500 [DEBUG] [org.gradle.cache.internal.DefaultFileLockManager] Lock acquired on daemon addresses registry.
2026-03-14T21:43:07.515+0500 [DEBUG] [org.gradle.cache.internal.DefaultFileLockManager] Releasing lock on daemon addresses registry.
2026-03-14T21:43:07.515+0500 [DEBUG] [org.gradle.cache.internal.DefaultFileLockManager] Waiting to acquire shared lock on daemon addresses registry.
2026-03-14T21:43:07.515+0500 [DEBUG] [org.gradle.cache.internal.DefaultFileLockManager] Lock acquired on daemon addresses registry.
2026-03-14T21:43:07.515+0500 [DEBUG] [org.gradle.cache.internal.DefaultFileLockManager] Releasing lock on daemon addresses registry.
2026-03-14T21:43:07.515+0500 [DEBUG] [org.gradle.cache.internal.DefaultFileLockManager] Waiting to acquire shared lock on daemon addresses registry.
2026-03-14T21:43:07.515+0500 [DEBUG] [org.gradle.cache.internal.DefaultFileLockManager] Lock acquired on daemon addresses registry.
2026-03-14T21:43:07.515+0500 [DEBUG] [org.gradle.cache.internal.DefaultFileLockManager] Releasing lock on daemon addresses registry.
2026-03-14T21:43:17.508+0500 [DEBUG] [org.gradle.cache.internal.DefaultFileLockManager] Waiting to acquire shared lock on daemon addresses registry.
2026-03-14T21:43:17.508+0500 [DEBUG] [org.gradle.cache.internal.DefaultFileLockManager] Lock acquired on daemon addresses registry.
2026-03-14T21:43:17.508+0500 [DEBUG] [org.gradle.cache.internal.DefaultFileLockManager] Releasing lock on daemon addresses registry.
2026-03-14T21:43:17.509+0500 [DEBUG] [org.gradle.cache.internal.DefaultFileLockManager] Waiting to acquire shared lock on daemon addresses registry.
2026-03-14T21:43:17.509+0500 [DEBUG] [org.gradle.cache.internal.DefaultFileLockManager] Lock acquired on daemon addresses registry.
2026-03-14T21:43:17.509+0500 [DEBUG] [org.gradle.cache.internal.DefaultFileLockManager] Releasing lock on daemon addresses registry.
2026-03-14T21:43:17.509+0500 [DEBUG] [org.gradle.cache.internal.DefaultFileLockManager] Waiting to acquire shared lock on daemon addresses registry.
2026-03-14T21:43:17.509+0500 [DEBUG] [org.gradle.cache.internal.DefaultFileLockManager] Lock acquired on daemon addresses registry.
2026-03-14T21:43:17.509+0500 [DEBUG] [org.gradle.cache.internal.DefaultFileLockManager] Releasing lock on daemon addresses registry.
2026-03-14T21:43:27.513+0500 [DEBUG] [org.gradle.cache.internal.DefaultFileLockManager] Waiting to acquire shared lock on daemon addresses registry.
2026-03-14T21:43:27.513+0500 [DEBUG] [org.gradle.cache.internal.DefaultFileLockManager] Lock acquired on daemon addresses registry.
2026-03-14T21:43:27.513+0500 [DEBUG] [org.gradle.cache.internal.DefaultFileLockManager] Releasing lock on daemon addresses registry.
2026-03-14T21:43:27.513+0500 [DEBUG] [org.gradle.cache.internal.DefaultFileLockManager] Waiting to acquire shared lock on daemon addresses registry.
2026-03-14T21:43:27.513+0500 [DEBUG] [org.gradle.cache.internal.DefaultFileLockManager] Lock acquired on daemon addresses registry.
2026-03-14T21:43:27.514+0500 [DEBUG] [org.gradle.cache.internal.DefaultFileLockManager] Releasing lock on daemon addresses registry.
2026-03-14T21:43:27.514+0500 [DEBUG] [org.gradle.cache.internal.DefaultFileLockManager] Waiting to acquire shared lock on daemon addresses registry.
2026-03-14T21:43:27.514+0500 [DEBUG] [org.gradle.cache.internal.DefaultFileLockManager] Lock acquired on daemon addresses registry.
2026-03-14T21:43:27.514+0500 [DEBUG] [org.gradle.cache.internal.DefaultFileLockManager] Releasing lock on daemon addresses registry.
2026-03-14T21:43:37.513+0500 [DEBUG] [org.gradle.cache.internal.DefaultFileLockManager] Waiting to acquire shared lock on daemon addresses registry.
2026-03-14T21:43:37.513+0500 [DEBUG] [org.gradle.cache.internal.DefaultFileLockManager] Lock acquired on daemon addresses registry.
2026-03-14T21:43:37.514+0500 [DEBUG] [org.gradle.cache.internal.DefaultFileLockManager] Releasing lock on daemon addresses registry.
2026-03-14T21:43:37.514+0500 [DEBUG] [org.gradle.cache.internal.DefaultFileLockManager] Waiting to acquire shared lock on daemon addresses registry.
2026-03-14T21:43:37.515+0500 [DEBUG] [org.gradle.cache.internal.DefaultFileLockManager] Lock acquired on daemon addresses registry.
2026-03-14T21:43:37.515+0500 [DEBUG] [org.gradle.cache.internal.DefaultFileLockManager] Releasing lock on daemon addresses registry.
2026-03-14T21:43:37.515+0500 [DEBUG] [org.gradle.cache.internal.DefaultFileLockManager] Waiting to acquire shared lock on daemon addresses registry.
2026-03-14T21:43:37.515+0500 [DEBUG] [org.gradle.cache.internal.DefaultFileLockManager] Lock acquired on daemon addresses registry.
2026-03-14T21:43:37.516+0500 [DEBUG] [org.gradle.cache.internal.DefaultFileLockManager] Releasing lock on daemon addresses registry.
2026-03-14T21:43:47.510+0500 [DEBUG] [org.gradle.cache.internal.DefaultFileLockManager] Waiting to acquire shared lock on daemon addresses registry.
2026-03-14T21:43:47.512+0500 [DEBUG] [org.gradle.cache.internal.DefaultFileLockManager] Lock acquired on daemon addresses registry.
2026-03-14T21:43:47.513+0500 [DEBUG] [org.gradle.cache.internal.DefaultFileLockManager] Releasing lock on daemon addresses registry.
2026-03-14T21:43:47.514+0500 [DEBUG] [org.gradle.cache.internal.DefaultFileLockManager] Waiting to acquire shared lock on daemon addresses registry.
2026-03-14T21:43:47.514+0500 [DEBUG] [org.gradle.cache.internal.DefaultFileLockManager] Lock acquired on daemon addresses registry.
2026-03-14T21:43:47.514+0500 [DEBUG] [org.gradle.cache.internal.DefaultFileLockManager] Releasing lock on daemon addresses registry.
2026-03-14T21:43:47.514+0500 [DEBUG] [org.gradle.cache.internal.DefaultFileLockManager] Waiting to acquire shared lock on daemon addresses registry.
2026-03-14T21:43:47.515+0500 [DEBUG] [org.gradle.cache.internal.DefaultFileLockManager] Lock acquired on daemon addresses registry.
2026-03-14T21:43:47.515+0500 [DEBUG] [org.gradle.cache.internal.DefaultFileLockManager] Releasing lock on daemon addresses registry.
2026-03-14T21:43:57.512+0500 [DEBUG] [org.gradle.cache.internal.DefaultFileLockManager] Waiting to acquire shared lock on daemon addresses registry.
2026-03-14T21:43:57.513+0500 [DEBUG] [org.gradle.cache.internal.DefaultFileLockManager] Lock acquired on daemon addresses registry.
2026-03-14T21:43:57.513+0500 [DEBUG] [org.gradle.cache.internal.DefaultFileLockManager] Releasing lock on daemon addresses registry.
2026-03-14T21:43:57.513+0500 [DEBUG] [org.gradle.cache.internal.DefaultFileLockManager] Waiting to acquire shared lock on daemon addresses registry.
2026-03-14T21:43:57.513+0500 [DEBUG] [org.gradle.cache.internal.DefaultFileLockManager] Lock acquired on daemon addresses registry.
2026-03-14T21:43:57.513+0500 [DEBUG] [org.gradle.cache.internal.DefaultFileLockManager] Releasing lock on daemon addresses registry.
2026-03-14T21:43:57.513+0500 [DEBUG] [org.gradle.cache.internal.DefaultFileLockManager] Waiting to acquire shared lock on daemon addresses registry.
2026-03-14T21:43:57.513+0500 [DEBUG] [org.gradle.cache.internal.DefaultFileLockManager] Lock acquired on daemon addresses registry.
2026-03-14T21:43:57.513+0500 [DEBUG] [org.gradle.cache.internal.DefaultFileLockManager] Releasing lock on daemon addresses registry.
2026-03-14T21:44:02.846+0500 [DEBUG] [org.gradle.internal.remote.internal.inet.TcpIncomingConnector] Accepted connection from /127.0.0.1:64710 to /127.0.0.1:54919.
2026-03-14T21:44:02.847+0500 [DEBUG] [org.gradle.internal.remote.internal.inet.TcpIncomingConnector] Accepted connection from /127.0.0.1:64711 to /127.0.0.1:54919.
2026-03-14T21:44:02.850+0500 [DEBUG] [org.gradle.launcher.daemon.server.SynchronizedDispatchConnection] thread 1369: received class org.gradle.launcher.daemon.protocol.Build
2026-03-14T21:44:02.851+0500 [DEBUG] [org.gradle.launcher.daemon.server.DefaultDaemonConnection] thread 1369: Received non-IO message from client: Build{id=dce9a9d0-1054-4d53-bd2c-a70ba6e490aa, currentDir=/Users/user/StudioProjects/Jetpack-compose-}
2026-03-14T21:44:02.851+0500 [INFO] [org.gradle.launcher.daemon.server.DefaultIncomingConnectionHandler] Received command: Build{id=dce9a9d0-1054-4d53-bd2c-a70ba6e490aa, currentDir=/Users/user/StudioProjects/Jetpack-compose-}.
2026-03-14T21:44:02.851+0500 [DEBUG] [org.gradle.launcher.daemon.server.DefaultIncomingConnectionHandler] Starting executing command: Build{id=dce9a9d0-1054-4d53-bd2c-a70ba6e490aa, currentDir=/Users/user/StudioProjects/Jetpack-compose-} with connection: socket connection from /127.0.0.1:54919 to /127.0.0.1:64711.
2026-03-14T21:44:02.851+0500 [DEBUG] [org.gradle.launcher.daemon.server.SynchronizedDispatchConnection] thread 1367: received class org.gradle.launcher.daemon.protocol.InvalidateVirtualFileSystemAfterChange
2026-03-14T21:44:02.851+0500 [DEBUG] [org.gradle.launcher.daemon.server.DefaultDaemonConnection] thread 1367: Received non-IO message from client: InvalidateVirtualFileSystemAfterChange[id=124570c8-054f-4db5-bcaa-41468b42f9cd]
2026-03-14T21:44:02.851+0500 [DEBUG] [org.gradle.launcher.daemon.server.DaemonStateCoordinator] Command execution: started DaemonCommandExecution[command = Build{id=dce9a9d0-1054-4d53-bd2c-a70ba6e490aa, currentDir=/Users/user/StudioProjects/Jetpack-compose-}, connection = DefaultDaemonConnection: socket connection from /127.0.0.1:54919 to /127.0.0.1:64711] after 3.7132833333333335 minutes of idle
2026-03-14T21:44:02.851+0500 [INFO] [org.gradle.launcher.daemon.server.DefaultIncomingConnectionHandler] Received command: InvalidateVirtualFileSystemAfterChange[id=124570c8-054f-4db5-bcaa-41468b42f9cd].
2026-03-14T21:44:02.851+0500 [INFO] [org.gradle.launcher.daemon.server.DaemonRegistryUpdater] Marking the daemon as busy, address: [e3314c61-88c3-4325-9052-9f15a21f69e7 port:54919, addresses:[localhost/127.0.0.1]]
2026-03-14T21:44:02.851+0500 [DEBUG] [org.gradle.launcher.daemon.server.DefaultIncomingConnectionHandler] Starting executing command: InvalidateVirtualFileSystemAfterChange[id=124570c8-054f-4db5-bcaa-41468b42f9cd] with connection: socket connection from /127.0.0.1:54919 to /127.0.0.1:64710.
2026-03-14T21:44:02.851+0500 [DEBUG] [org.gradle.launcher.daemon.registry.PersistentDaemonRegistry] Marking busy by address: [e3314c61-88c3-4325-9052-9f15a21f69e7 port:54919, addresses:[localhost/127.0.0.1]]
2026-03-14T21:44:02.852+0500 [DEBUG] [org.gradle.cache.internal.DefaultFileLockManager] Waiting to acquire exclusive lock on daemon addresses registry.
2026-03-14T21:44:02.852+0500 [DEBUG] [org.gradle.cache.internal.DefaultFileLockManager] Lock acquired on daemon addresses registry.
2026-03-14T21:44:02.853+0500 [DEBUG] [org.gradle.cache.internal.DefaultFileLockManager] Releasing lock on daemon addresses registry.
2026-03-14T21:44:02.853+0500 [DEBUG] [org.gradle.launcher.daemon.server.DaemonStateCoordinator] resetting idle timer
2026-03-14T21:44:02.853+0500 [DEBUG] [org.gradle.launcher.daemon.server.DaemonStateCoordinator] daemon is running. Sleeping until state changes.
2026-03-14T21:44:02.853+0500 [INFO] [org.gradle.launcher.daemon.server.exec.StartBuildOrRespondWithBusy] Daemon is about to start building Build{id=dce9a9d0-1054-4d53-bd2c-a70ba6e490aa, currentDir=/Users/user/StudioProjects/Jetpack-compose-}. Dispatching build started information...
2026-03-14T21:44:02.853+0500 [DEBUG] [org.gradle.launcher.daemon.server.SynchronizedDispatchConnection] thread 1371: dispatching org.gradle.launcher.daemon.protocol.BuildStarted@615ffa76
2026-03-14T21:44:02.853+0500 [INFO] [org.gradle.launcher.daemon.server.api.HandleInvalidateVirtualFileSystem] Invalidating [/Users/user/StudioProjects/Jetpack-compose-/.gitignore]
2026-03-14T21:44:02.853+0500 [DEBUG] [org.gradle.internal.vfs.impl.AbstractVirtualFileSystem] Invalidating VFS paths: [/Users/user/StudioProjects/Jetpack-compose-/.gitignore]
2026-03-14T21:44:02.853+0500 [DEBUG] [org.gradle.launcher.daemon.server.SynchronizedDispatchConnection] thread 1366: dispatching Success[value=null]
2026-03-14T21:44:02.854+0500 [DEBUG] [org.gradle.launcher.daemon.server.DefaultIncomingConnectionHandler] Finishing executing command: InvalidateVirtualFileSystemAfterChange[id=124570c8-054f-4db5-bcaa-41468b42f9cd]
2026-03-14T21:44:02.854+0500 [DEBUG] [org.gradle.launcher.daemon.server.SynchronizedDispatchConnection] thread 1367: received class org.gradle.launcher.daemon.protocol.Finished
2026-03-14T21:44:02.854+0500 [DEBUG] [org.gradle.launcher.daemon.server.DefaultDaemonConnection] thread 1367: Received non-IO message from client: org.gradle.launcher.daemon.protocol.Finished@3c7788f9
2026-03-14T21:44:02.854+0500 [DEBUG] [org.gradle.launcher.daemon.server.exec.EstablishBuildEnvironment] Configuring env variables: [PATH, __CFBundleIdentifier, SHELL, JAVA_HOME, OLDPWD, USER, COMMAND_MODE, TMPDIR, SSH_AUTH_SOCK, XPC_FLAGS, __CF_USER_TEXT_ENCODING, LOGNAME, LC_CTYPE, XPC_SERVICE_NAME, HOME]
2026-03-14T21:44:02.854+0500 [DEBUG] [org.gradle.launcher.daemon.server.DefaultIncomingConnectionHandler] Received finished message: org.gradle.launcher.daemon.protocol.Finished@3c7788f9
2026-03-14T21:44:02.854+0500 [DEBUG] [org.gradle.launcher.daemon.server.SynchronizedDispatchConnection] thread 1366: stopping connection
2026-03-14T21:44:02.855+0500 [DEBUG] [org.gradle.launcher.daemon.server.exec.LogToClient] About to start relaying all logs to the client via the connection.
2026-03-14T21:44:02.855+0500 [INFO] [org.gradle.launcher.daemon.server.exec.LogToClient] The client will now receive all logging from the daemon (pid: 75549). The daemon log file: /Users/user/StudioProjects/Jetpack-compose-/gradle/wrapper/daemon/8.13/daemon-75549.out.log
2026-03-14T21:44:02.855+0500 [INFO] [org.gradle.launcher.daemon.server.exec.LogAndCheckHealth] Starting 11th build in daemon [uptime: 59 mins 55.438 secs, performance: 99%, GC rate: 0.00/s, heap usage: 1% of 2 GiB]
2026-03-14T21:44:02.856+0500 [DEBUG] [org.gradle.launcher.daemon.server.exec.ExecuteBuild] The daemon has started executing the build.
2026-03-14T21:44:02.856+0500 [DEBUG] [org.gradle.launcher.daemon.server.exec.ExecuteBuild] Executing build with daemon context: DefaultDaemonContext[uid=be09e351-5b6f-4876-83a1-c7b09c2203fc,javaHome=/Library/Java/JavaVirtualMachines/temurin-21.jdk/Contents/Home,javaVersion=21,javaVendor=Eclipse Adoptium,daemonRegistryDir=/Users/user/StudioProjects/Jetpack-compose-/gradle/wrapper/daemon,pid=75549,idleTimeout=10800000,priority=NORMAL,applyInstrumentationAgent=true,nativeServicesMode=ENABLED,daemonOpts=-Xmx2048m,-Dfile.encoding=UTF-8,-Duser.country=UZ,-Duser.language=ru,-Duser.variant]

[Incubating] Problems report is available at: file:///Users/user/StudioProjects/Jetpack-compose-/build/reports/problems/problems-report.html

Deprecated Gradle features were used in this build, making it incompatible with Gradle 9.0.

You can use '--warning-mode all' to show the individual deprecation warnings and determine if they come from your own scripts or plugins.

For more on this, please refer to https://docs.gradle.org/8.13/userguide/command_line_interface.html#sec:command_line_warnings in the Gradle documentation.

BUILD SUCCESSFUL in 821ms
2026-03-14T21:44:03.684+0500 [DEBUG] [org.gradle.launcher.daemon.server.exec.ExecuteBuild] The daemon has finished executing the build.
2026-03-14T21:44:03.693+0500 [DEBUG] [org.gradle.launcher.daemon.server.DaemonStateCoordinator] daemon is running. Sleeping until state changes.
2026-03-14T21:44:03.693+0500 [DEBUG] [org.gradle.launcher.daemon.server.DaemonStateCoordinator] Command execution: finished waiting for DaemonCommandExecution[command = Build{id=dce9a9d0-1054-4d53-bd2c-a70ba6e490aa, currentDir=/Users/user/StudioProjects/Jetpack-compose-}, connection = DefaultDaemonConnection: socket connection from /127.0.0.1:54919 to /127.0.0.1:64711]. Result org.gradle.launcher.daemon.server.DaemonStateCoordinator@3a6128d3 with state Busy
2026-03-14T21:44:03.693+0500 [DEBUG] [org.gradle.launcher.daemon.server.DaemonStateCoordinator] Command execution: completed DaemonCommandExecution[command = Build{id=dce9a9d0-1054-4d53-bd2c-a70ba6e490aa, currentDir=/Users/user/StudioProjects/Jetpack-compose-}, connection = DefaultDaemonConnection: socket connection from /127.0.0.1:54919 to /127.0.0.1:64711]
2026-03-14T21:44:03.693+0500 [DEBUG] [org.gradle.launcher.daemon.server.DaemonStateCoordinator] resetting idle timer
2026-03-14T21:44:03.693+0500 [INFO] [org.gradle.launcher.daemon.server.DaemonRegistryUpdater] Marking the daemon as idle, address: [e3314c61-88c3-4325-9052-9f15a21f69e7 port:54919, addresses:[localhost/127.0.0.1]]
2026-03-14T21:44:03.693+0500 [DEBUG] [org.gradle.launcher.daemon.registry.PersistentDaemonRegistry] Marking busy by address: [e3314c61-88c3-4325-9052-9f15a21f69e7 port:54919, addresses:[localhost/127.0.0.1]]
2026-03-14T21:44:03.693+0500 [DEBUG] [org.gradle.cache.internal.DefaultFileLockManager] Waiting to acquire exclusive lock on daemon addresses registry.
2026-03-14T21:44:03.693+0500 [DEBUG] [org.gradle.cache.internal.DefaultFileLockManager] Lock acquired on daemon addresses registry.
2026-03-14T21:44:03.694+0500 [DEBUG] [org.gradle.cache.internal.DefaultFileLockManager] Releasing lock on daemon addresses registry.
2026-03-14T21:44:03.694+0500 [DEBUG] [org.gradle.launcher.daemon.server.exec.ReturnResult] Daemon is dispatching the build result: Success[value=org.gradle.launcher.exec.BuildActionResult@2a47efca]
2026-03-14T21:44:03.694+0500 [DEBUG] [org.gradle.launcher.daemon.server.DaemonStateCoordinator] daemon is running. Sleeping until state changes.
2026-03-14T21:44:03.694+0500 [DEBUG] [org.gradle.launcher.daemon.server.SynchronizedDispatchConnection] thread 1368: dispatching Success[value=org.gradle.launcher.exec.BuildActionResult@2a47efca]
2026-03-14T21:44:03.694+0500 [DEBUG] [org.gradle.launcher.daemon.server.exec.CleanUpVirtualFileSystemAfterBuild] Cleaning virtual file system after build finished
2026-03-14T21:44:03.694+0500 [DEBUG] [org.gradle.launcher.daemon.server.SynchronizedDispatchConnection] thread 1369: received class org.gradle.launcher.daemon.protocol.CloseInput
2026-03-14T21:44:03.694+0500 [DEBUG] [org.gradle.launcher.daemon.server.DefaultIncomingConnectionHandler] Finishing executing command: Build{id=dce9a9d0-1054-4d53-bd2c-a70ba6e490aa, currentDir=/Users/user/StudioProjects/Jetpack-compose-}
2026-03-14T21:44:03.694+0500 [DEBUG] [org.gradle.launcher.daemon.server.DefaultDaemonConnection] thread 1369: Received IO message from client: org.gradle.launcher.daemon.protocol.CloseInput@41d8aa8f
2026-03-14T21:44:03.694+0500 [DEBUG] [org.gradle.launcher.daemon.server.SynchronizedDispatchConnection] thread 1369: received class org.gradle.launcher.daemon.protocol.Finished
2026-03-14T21:44:03.695+0500 [DEBUG] [org.gradle.launcher.daemon.server.DefaultDaemonConnection] thread 1369: Received non-IO message from client: org.gradle.launcher.daemon.protocol.Finished@4f1f4cc4
2026-03-14T21:44:03.695+0500 [DEBUG] [org.gradle.launcher.daemon.server.DefaultIncomingConnectionHandler] Received finished message: org.gradle.launcher.daemon.protocol.Finished@4f1f4cc4
2026-03-14T21:44:03.695+0500 [DEBUG] [org.gradle.internal.remote.internal.inet.SocketConnection] Discarding EOFException: java.io.EOFException
2026-03-14T21:44:03.695+0500 [DEBUG] [org.gradle.launcher.daemon.server.SynchronizedDispatchConnection] thread 1369: received null
2026-03-14T21:44:03.695+0500 [DEBUG] [org.gradle.launcher.daemon.server.DefaultDaemonConnection] thread 1369: Received end-of-input from client.
2026-03-14T21:44:03.695+0500 [DEBUG] [org.gradle.launcher.daemon.server.SynchronizedDispatchConnection] thread 1368: stopping connection
2026-03-14T21:44:03.695+0500 [DEBUG] [org.gradle.launcher.daemon.server.SynchronizedDispatchConnection] thread 1368: stopping connection
2026-03-14T21:44:07.515+0500 [DEBUG] [org.gradle.cache.internal.DefaultFileLockManager] Waiting to acquire shared lock on daemon addresses registry.
2026-03-14T21:44:07.519+0500 [DEBUG] [org.gradle.cache.internal.DefaultFileLockManager] Lock acquired on daemon addresses registry.
2026-03-14T21:44:07.520+0500 [DEBUG] [org.gradle.cache.internal.DefaultFileLockManager] Releasing lock on daemon addresses registry.
2026-03-14T21:44:07.526+0500 [DEBUG] [org.gradle.cache.internal.DefaultFileLockManager] Waiting to acquire shared lock on daemon addresses registry.
2026-03-14T21:44:07.526+0500 [DEBUG] [org.gradle.cache.internal.DefaultFileLockManager] Lock acquired on daemon addresses registry.
2026-03-14T21:44:07.526+0500 [DEBUG] [org.gradle.cache.internal.DefaultFileLockManager] Releasing lock on daemon addresses registry.
2026-03-14T21:44:17.512+0500 [DEBUG] [org.gradle.cache.internal.DefaultFileLockManager] Waiting to acquire shared lock on daemon addresses registry.
2026-03-14T21:44:17.512+0500 [DEBUG] [org.gradle.cache.internal.DefaultFileLockManager] Lock acquired on daemon addresses registry.
2026-03-14T21:44:17.512+0500 [DEBUG] [org.gradle.cache.internal.DefaultFileLockManager] Releasing lock on daemon addresses registry.
2026-03-14T21:44:17.512+0500 [DEBUG] [org.gradle.cache.internal.DefaultFileLockManager] Waiting to acquire shared lock on daemon addresses registry.
2026-03-14T21:44:17.513+0500 [DEBUG] [org.gradle.cache.internal.DefaultFileLockManager] Lock acquired on daemon addresses registry.
2026-03-14T21:44:17.513+0500 [DEBUG] [org.gradle.cache.internal.DefaultFileLockManager] Releasing lock on daemon addresses registry.
2026-03-14T21:44:17.513+0500 [DEBUG] [org.gradle.cache.internal.DefaultFileLockManager] Waiting to acquire shared lock on daemon addresses registry.
2026-03-14T21:44:17.513+0500 [DEBUG] [org.gradle.cache.internal.DefaultFileLockManager] Lock acquired on daemon addresses registry.
2026-03-14T21:44:17.513+0500 [DEBUG] [org.gradle.cache.internal.DefaultFileLockManager] Releasing lock on daemon addresses registry.
2026-03-14T21:44:27.516+0500 [DEBUG] [org.gradle.cache.internal.DefaultFileLockManager] Waiting to acquire shared lock on daemon addresses registry.
2026-03-14T21:44:27.517+0500 [DEBUG] [org.gradle.cache.internal.DefaultFileLockManager] Lock acquired on daemon addresses registry.
2026-03-14T21:44:27.518+0500 [DEBUG] [org.gradle.cache.internal.DefaultFileLockManager] Releasing lock on daemon addresses registry.
2026-03-14T21:44:27.518+0500 [DEBUG] [org.gradle.cache.internal.DefaultFileLockManager] Waiting to acquire shared lock on daemon addresses registry.
2026-03-14T21:44:27.518+0500 [DEBUG] [org.gradle.cache.internal.DefaultFileLockManager] Lock acquired on daemon addresses registry.
2026-03-14T21:44:27.518+0500 [DEBUG] [org.gradle.cache.internal.DefaultFileLockManager] Releasing lock on daemon addresses registry.
2026-03-14T21:44:27.519+0500 [DEBUG] [org.gradle.cache.internal.DefaultFileLockManager] Waiting to acquire shared lock on daemon addresses registry.
2026-03-14T21:44:27.519+0500 [DEBUG] [org.gradle.cache.internal.DefaultFileLockManager] Lock acquired on daemon addresses registry.
2026-03-14T21:44:27.519+0500 [DEBUG] [org.gradle.cache.internal.DefaultFileLockManager] Releasing lock on daemon addresses registry.
2026-03-14T21:44:37.509+0500 [DEBUG] [org.gradle.cache.internal.DefaultFileLockManager] Waiting to acquire shared lock on daemon addresses registry.
2026-03-14T21:44:37.510+0500 [DEBUG] [org.gradle.cache.internal.DefaultFileLockManager] Lock acquired on daemon addresses registry.
2026-03-14T21:44:37.510+0500 [DEBUG] [org.gradle.cache.internal.DefaultFileLockManager] Releasing lock on daemon addresses registry.
2026-03-14T21:44:37.511+0500 [DEBUG] [org.gradle.cache.internal.DefaultFileLockManager] Waiting to acquire shared lock on daemon addresses registry.
2026-03-14T21:44:37.511+0500 [DEBUG] [org.gradle.cache.internal.DefaultFileLockManager] Lock acquired on daemon addresses registry.
2026-03-14T21:44:37.511+0500 [DEBUG] [org.gradle.cache.internal.DefaultFileLockManager] Releasing lock on daemon addresses registry.
2026-03-14T21:44:37.512+0500 [DEBUG] [org.gradle.cache.internal.DefaultFileLockManager] Waiting to acquire shared lock on daemon addresses registry.
2026-03-14T21:44:37.512+0500 [DEBUG] [org.gradle.cache.internal.DefaultFileLockManager] Lock acquired on daemon addresses registry.
2026-03-14T21:44:37.512+0500 [DEBUG] [org.gradle.cache.internal.DefaultFileLockManager] Releasing lock on daemon addresses registry.
2026-03-14T21:44:47.513+0500 [DEBUG] [org.gradle.cache.internal.DefaultFileLockManager] Waiting to acquire shared lock on daemon addresses registry.
2026-03-14T21:44:47.513+0500 [DEBUG] [org.gradle.cache.internal.DefaultFileLockManager] Lock acquired on daemon addresses registry.
2026-03-14T21:44:47.514+0500 [DEBUG] [org.gradle.cache.internal.DefaultFileLockManager] Releasing lock on daemon addresses registry.
2026-03-14T21:44:47.514+0500 [DEBUG] [org.gradle.cache.internal.DefaultFileLockManager] Waiting to acquire shared lock on daemon addresses registry.
2026-03-14T21:44:47.514+0500 [DEBUG] [org.gradle.cache.internal.DefaultFileLockManager] Lock acquired on daemon addresses registry.
2026-03-14T21:44:47.514+0500 [DEBUG] [org.gradle.cache.internal.DefaultFileLockManager] Releasing lock on daemon addresses registry.
2026-03-14T21:44:47.514+0500 [DEBUG] [org.gradle.cache.internal.DefaultFileLockManager] Waiting to acquire shared lock on daemon addresses registry.
2026-03-14T21:44:47.514+0500 [DEBUG] [org.gradle.cache.internal.DefaultFileLockManager] Lock acquired on daemon addresses registry.
2026-03-14T21:44:47.515+0500 [DEBUG] [org.gradle.cache.internal.DefaultFileLockManager] Releasing lock on daemon addresses registry.
2026-03-14T21:44:57.508+0500 [DEBUG] [org.gradle.cache.internal.DefaultFileLockManager] Waiting to acquire shared lock on daemon addresses registry.
2026-03-14T21:44:57.508+0500 [DEBUG] [org.gradle.cache.internal.DefaultFileLockManager] Lock acquired on daemon addresses registry.
2026-03-14T21:44:57.509+0500 [DEBUG] [org.gradle.cache.internal.DefaultFileLockManager] Releasing lock on daemon addresses registry.
2026-03-14T21:44:57.509+0500 [DEBUG] [org.gradle.cache.internal.DefaultFileLockManager] Waiting to acquire shared lock on daemon addresses registry.
2026-03-14T21:44:57.509+0500 [DEBUG] [org.gradle.cache.internal.DefaultFileLockManager] Lock acquired on daemon addresses registry.
2026-03-14T21:44:57.509+0500 [DEBUG] [org.gradle.cache.internal.DefaultFileLockManager] Releasing lock on daemon addresses registry.
2026-03-14T21:44:57.509+0500 [DEBUG] [org.gradle.cache.internal.DefaultFileLockManager] Waiting to acquire shared lock on daemon addresses registry.
2026-03-14T21:44:57.509+0500 [DEBUG] [org.gradle.cache.internal.DefaultFileLockManager] Lock acquired on daemon addresses registry.
2026-03-14T21:44:57.509+0500 [DEBUG] [org.gradle.cache.internal.DefaultFileLockManager] Releasing lock on daemon addresses registry.
2026-03-14T21:45:07.514+0500 [DEBUG] [org.gradle.cache.internal.DefaultFileLockManager] Waiting to acquire shared lock on daemon addresses registry.
2026-03-14T21:45:07.515+0500 [DEBUG] [org.gradle.cache.internal.DefaultFileLockManager] Lock acquired on daemon addresses registry.
2026-03-14T21:45:07.516+0500 [DEBUG] [org.gradle.cache.internal.DefaultFileLockManager] Releasing lock on daemon addresses registry.
2026-03-14T21:45:07.517+0500 [DEBUG] [org.gradle.cache.internal.DefaultFileLockManager] Waiting to acquire shared lock on daemon addresses registry.
2026-03-14T21:45:07.517+0500 [DEBUG] [org.gradle.cache.internal.DefaultFileLockManager] Lock acquired on daemon addresses registry.
2026-03-14T21:45:07.517+0500 [DEBUG] [org.gradle.cache.internal.DefaultFileLockManager] Releasing lock on daemon addresses registry.
2026-03-14T21:45:07.517+0500 [DEBUG] [org.gradle.cache.internal.DefaultFileLockManager] Waiting to acquire shared lock on daemon addresses registry.
2026-03-14T21:45:07.517+0500 [DEBUG] [org.gradle.cache.internal.DefaultFileLockManager] Lock acquired on daemon addresses registry.
2026-03-14T21:45:07.518+0500 [DEBUG] [org.gradle.cache.internal.DefaultFileLockManager] Releasing lock on daemon addresses registry.
2026-03-14T21:45:17.512+0500 [DEBUG] [org.gradle.cache.internal.DefaultFileLockManager] Waiting to acquire shared lock on daemon addresses registry.
2026-03-14T21:45:17.512+0500 [DEBUG] [org.gradle.cache.internal.DefaultFileLockManager] Lock acquired on daemon addresses registry.
2026-03-14T21:45:17.513+0500 [DEBUG] [org.gradle.cache.internal.DefaultFileLockManager] Releasing lock on daemon addresses registry.
2026-03-14T21:45:17.513+0500 [DEBUG] [org.gradle.cache.internal.DefaultFileLockManager] Waiting to acquire shared lock on daemon addresses registry.
2026-03-14T21:45:17.514+0500 [DEBUG] [org.gradle.cache.internal.DefaultFileLockManager] Lock acquired on daemon addresses registry.
2026-03-14T21:45:17.514+0500 [DEBUG] [org.gradle.cache.internal.DefaultFileLockManager] Releasing lock on daemon addresses registry.
2026-03-14T21:45:17.514+0500 [DEBUG] [org.gradle.cache.internal.DefaultFileLockManager] Waiting to acquire shared lock on daemon addresses registry.
2026-03-14T21:45:17.514+0500 [DEBUG] [org.gradle.cache.internal.DefaultFileLockManager] Lock acquired on daemon addresses registry.
2026-03-14T21:45:17.514+0500 [DEBUG] [org.gradle.cache.internal.DefaultFileLockManager] Releasing lock on daemon addresses registry.
2026-03-14T21:45:18.716+0500 [DEBUG] [sun.rmi.transport.tcp] RMI TCP Connection(35)-127.0.0.1: accepted socket from [127.0.0.1:64787]
2026-03-14T21:45:18.718+0500 [DEBUG] [sun.rmi.transport.tcp] RMI TCP Connection(35)-127.0.0.1: (port 54929) op = 80
2026-03-14T21:45:18.720+0500 [DEBUG] [sun.rmi.loader] RMI TCP Connection(35)-127.0.0.1: name = "[Ljava.rmi.server.ObjID;", codebase = "", defaultLoader = jdk.internal.loader.ClassLoaders$PlatformClassLoader@30e1411f
2026-03-14T21:45:18.721+0500 [DEBUG] [sun.rmi.loader] RMI TCP Connection(35)-127.0.0.1: name = "java.rmi.dgc.Lease", codebase = "", defaultLoader = jdk.internal.loader.ClassLoaders$PlatformClassLoader@30e1411f
2026-03-14T21:45:18.721+0500 [DEBUG] [sun.rmi.loader] RMI TCP Connection(35)-127.0.0.1: name = "java.rmi.dgc.VMID", codebase = "", defaultLoader = jdk.internal.loader.ClassLoaders$PlatformClassLoader@30e1411f
2026-03-14T21:45:18.721+0500 [DEBUG] [sun.rmi.loader] RMI TCP Connection(35)-127.0.0.1: name = "[B", codebase = "", defaultLoader = jdk.internal.loader.ClassLoaders$PlatformClassLoader@30e1411f
2026-03-14T21:45:18.721+0500 [DEBUG] [sun.rmi.loader] RMI TCP Connection(35)-127.0.0.1: name = "java.rmi.server.UID", codebase = "", defaultLoader = jdk.internal.loader.ClassLoaders$PlatformClassLoader@30e1411f
2026-03-14T21:45:27.421+0500 [DEBUG] [org.gradle.internal.remote.internal.inet.TcpIncomingConnector] Accepted connection from /127.0.0.1:64794 to /127.0.0.1:54919.
2026-03-14T21:45:27.447+0500 [DEBUG] [org.gradle.launcher.daemon.server.SynchronizedDispatchConnection] thread 1501: received class org.gradle.launcher.daemon.protocol.StopWhenIdle
2026-03-14T21:45:27.451+0500 [DEBUG] [org.gradle.launcher.daemon.server.DefaultDaemonConnection] thread 1501: Received non-IO message from client: StopWhenIdle[id=fa68f606-8619-489f-b5fb-79cbc191a5ff]
2026-03-14T21:45:27.454+0500 [INFO] [org.gradle.launcher.daemon.server.DefaultIncomingConnectionHandler] Received command: StopWhenIdle[id=fa68f606-8619-489f-b5fb-79cbc191a5ff].
2026-03-14T21:45:27.454+0500 [DEBUG] [org.gradle.launcher.daemon.server.DefaultIncomingConnectionHandler] Starting executing command: StopWhenIdle[id=fa68f606-8619-489f-b5fb-79cbc191a5ff] with connection: socket connection from /127.0.0.1:54919 to /127.0.0.1:64794.
2026-03-14T21:45:27.478+0500 [DEBUG] [org.gradle.launcher.daemon.server.DaemonRegistryUpdater] Storing daemon stop event: stop command received
2026-03-14T21:45:27.498+0500 [DEBUG] [org.gradle.launcher.daemon.registry.PersistentDaemonRegistry] Storing daemon stop event with timestamp 1773506727479
2026-03-14T21:45:27.499+0500 [DEBUG] [org.gradle.internal.remote.internal.inet.TcpIncomingConnector] Accepted connection from /127.0.0.1:64797 to /127.0.0.1:54919.
2026-03-14T21:45:27.503+0500 [DEBUG] [org.gradle.cache.internal.DefaultFileLockManager] Waiting to acquire exclusive lock on daemon addresses registry.
2026-03-14T21:45:27.503+0500 [DEBUG] [org.gradle.cache.internal.DefaultFileLockManager] Lock acquired on daemon addresses registry.
2026-03-14T21:45:27.505+0500 [DEBUG] [org.gradle.cache.internal.DefaultFileLockManager] Releasing lock on daemon addresses registry.
2026-03-14T21:45:27.506+0500 [LIFECYCLE] [org.gradle.launcher.daemon.server.DaemonStateCoordinator] Daemon will be stopped at the end of the build stop command received
2026-03-14T21:45:27.506+0500 [DEBUG] [org.gradle.launcher.daemon.server.DaemonStateCoordinator] Marking daemon stopped due to stop command received. The daemon is not running a build
2026-03-14T21:45:27.506+0500 [DEBUG] [org.gradle.launcher.daemon.server.SynchronizedDispatchConnection] thread 1500: dispatching Success[value=null]
2026-03-14T21:45:27.506+0500 [DEBUG] [org.gradle.launcher.daemon.server.SynchronizedDispatchConnection] thread 1503: received class org.gradle.launcher.daemon.protocol.ReportStatus
2026-03-14T21:45:27.506+0500 [DEBUG] [org.gradle.launcher.daemon.server.DefaultDaemonConnection] thread 1503: Received non-IO message from client: ReportStatus[id=fe548f9c-027e-44fc-9eae-846f5fdf7018]
2026-03-14T21:45:27.508+0500 [DEBUG] [org.gradle.launcher.daemon.server.DaemonStateCoordinator] daemon has stopped.
2026-03-14T21:45:27.510+0500 [INFO] [org.gradle.launcher.daemon.server.DefaultIncomingConnectionHandler] Received command: ReportStatus[id=fe548f9c-027e-44fc-9eae-846f5fdf7018].
2026-03-14T21:45:27.510+0500 [DEBUG] [org.gradle.launcher.daemon.server.DefaultIncomingConnectionHandler] Starting executing command: ReportStatus[id=fe548f9c-027e-44fc-9eae-846f5fdf7018] with connection: socket connection from /127.0.0.1:54919 to /127.0.0.1:64797.
2026-03-14T21:45:27.510+0500 [DEBUG] [org.gradle.launcher.daemon.server.DefaultIncomingConnectionHandler] Finishing executing command: StopWhenIdle[id=fa68f606-8619-489f-b5fb-79cbc191a5ff]
2026-03-14T21:45:27.510+0500 [DEBUG] [org.gradle.launcher.daemon.server.SynchronizedDispatchConnection] thread 1501: received class org.gradle.launcher.daemon.protocol.Finished
2026-03-14T21:45:27.510+0500 [DEBUG] [org.gradle.launcher.daemon.server.DefaultDaemonConnection] thread 1501: Received non-IO message from client: org.gradle.launcher.daemon.protocol.Finished@fde4862
2026-03-14T21:45:27.511+0500 [DEBUG] [org.gradle.internal.remote.internal.inet.SocketConnection] Discarding EOFException: java.io.EOFException
2026-03-14T21:45:27.511+0500 [DEBUG] [org.gradle.launcher.daemon.server.SynchronizedDispatchConnection] thread 1501: received null
2026-03-14T21:45:27.511+0500 [DEBUG] [org.gradle.launcher.daemon.server.DefaultIncomingConnectionHandler] Received finished message: org.gradle.launcher.daemon.protocol.Finished@fde4862
2026-03-14T21:45:27.511+0500 [DEBUG] [org.gradle.launcher.daemon.server.SynchronizedDispatchConnection] thread 1500: stopping connection
2026-03-14T21:45:27.511+0500 [DEBUG] [org.gradle.launcher.daemon.server.SynchronizedDispatchConnection] thread 1502: dispatching Success[value=org.gradle.launcher.daemon.protocol.Status@b8bd150]
2026-03-14T21:45:27.511+0500 [DEBUG] [org.gradle.launcher.daemon.server.DefaultDaemonConnection] thread 1501: Received end-of-input from client.
2026-03-14T21:45:27.512+0500 [DEBUG] [org.gradle.launcher.daemon.server.Daemon] stop() called on daemon
2026-03-14T21:45:27.512+0500 [DEBUG] [org.gradle.cache.internal.DefaultFileLockManager] Waiting to acquire shared lock on daemon addresses registry.
2026-03-14T21:45:27.513+0500 [DEBUG] [org.gradle.cache.internal.DefaultFileLockManager] Lock acquired on daemon addresses registry.
2026-03-14T21:45:27.512+0500 [DEBUG] [org.gradle.launcher.daemon.server.SynchronizedDispatchConnection] thread 1500: stopping connection
2026-03-14T21:45:27.512+0500 [INFO] [org.gradle.launcher.daemon.server.Daemon] Stop requested. Daemon is removing its presence from the registry...
2026-03-14T21:45:27.513+0500 [DEBUG] [org.gradle.cache.internal.DefaultFileLockManager] Releasing lock on daemon addresses registry.
2026-03-14T21:45:27.514+0500 [DEBUG] [org.gradle.launcher.daemon.server.DaemonRegistryUpdater] Removing our presence to clients, eg. removing this address from the registry: [e3314c61-88c3-4325-9052-9f15a21f69e7 port:54919, addresses:[localhost/127.0.0.1]]
2026-03-14T21:45:27.514+0500 [DEBUG] [org.gradle.cache.internal.DefaultFileLockManager] Waiting to acquire shared lock on daemon addresses registry.
2026-03-14T21:45:27.514+0500 [DEBUG] [org.gradle.cache.internal.DefaultFileLockManager] Lock acquired on daemon addresses registry.
2026-03-14T21:45:27.514+0500 [DEBUG] [org.gradle.launcher.daemon.server.DefaultIncomingConnectionHandler] Finishing executing command: ReportStatus[id=fe548f9c-027e-44fc-9eae-846f5fdf7018]
2026-03-14T21:45:27.514+0500 [DEBUG] [org.gradle.cache.internal.DefaultFileLockManager] Releasing lock on daemon addresses registry.
2026-03-14T21:45:27.515+0500 [DEBUG] [org.gradle.launcher.daemon.registry.PersistentDaemonRegistry] Removing daemon address: [e3314c61-88c3-4325-9052-9f15a21f69e7 port:54919, addresses:[localhost/127.0.0.1]]
2026-03-14T21:45:27.516+0500 [DEBUG] [org.gradle.launcher.daemon.server.SynchronizedDispatchConnection] thread 1503: received class org.gradle.launcher.daemon.protocol.Finished
2026-03-14T21:45:27.516+0500 [DEBUG] [org.gradle.launcher.daemon.server.DefaultDaemonConnection] thread 1503: Received non-IO message from client: org.gradle.launcher.daemon.protocol.Finished@31641b84
2026-03-14T21:45:27.516+0500 [DEBUG] [org.gradle.launcher.daemon.server.DefaultIncomingConnectionHandler] Received finished message: org.gradle.launcher.daemon.protocol.Finished@31641b84
2026-03-14T21:45:27.516+0500 [DEBUG] [org.gradle.launcher.daemon.server.SynchronizedDispatchConnection] thread 1502: stopping connection
2026-03-14T21:45:27.516+0500 [DEBUG] [org.gradle.internal.remote.internal.inet.SocketConnection] Discarding EOFException: java.io.EOFException
2026-03-14T21:45:27.516+0500 [DEBUG] [org.gradle.launcher.daemon.server.SynchronizedDispatchConnection] thread 1503: received null
2026-03-14T21:45:27.516+0500 [DEBUG] [org.gradle.launcher.daemon.server.DefaultDaemonConnection] thread 1503: Received end-of-input from client.
2026-03-14T21:45:27.520+0500 [DEBUG] [org.gradle.cache.internal.DefaultFileLockManager] Waiting to acquire exclusive lock on daemon addresses registry.
2026-03-14T21:45:27.520+0500 [DEBUG] [org.gradle.cache.internal.DefaultFileLockManager] Lock acquired on daemon addresses registry.
2026-03-14T21:45:27.521+0500 [DEBUG] [org.gradle.launcher.daemon.server.SynchronizedDispatchConnection] thread 1502: stopping connection
2026-03-14T21:45:27.521+0500 [DEBUG] [org.gradle.cache.internal.DefaultFileLockManager] Releasing lock on daemon addresses registry.
2026-03-14T21:45:27.521+0500 [DEBUG] [org.gradle.launcher.daemon.server.DaemonRegistryUpdater] Address removed from registry.
2026-03-14T21:45:27.547+0500 [DEBUG] [org.gradle.cache.internal.locklistener.DefaultFileLockContentionHandler] Gradle process at port 63597 confirmed unlock request for lock with id -6873980283171331756.
2026-03-14T21:45:27.548+0500 [DEBUG] [org.gradle.cache.internal.LockOnDemandCrossProcessCacheAccess] Releasing file lock for jars (/Users/user/StudioProjects/Jetpack-compose-/gradle/wrapper/caches/jars-9)
2026-03-14T21:45:27.548+0500 [DEBUG] [org.gradle.cache.internal.DefaultFileLockManager] Releasing lock on jars (/Users/user/StudioProjects/Jetpack-compose-/gradle/wrapper/caches/jars-9).
2026-03-14T21:45:27.549+0500 [DEBUG] [org.gradle.cache.internal.DefaultCacheCleanupExecutor] jars (/Users/user/StudioProjects/Jetpack-compose-/gradle/wrapper/caches/jars-9) has last been fully cleaned up 7 hours ago
2026-03-14T21:45:27.550+0500 [DEBUG] [org.gradle.cache.internal.DefaultCacheCleanupExecutor] Skipping cleanup for jars (/Users/user/StudioProjects/Jetpack-compose-/gradle/wrapper/caches/jars-9) as it is not yet due
2026-03-14T21:45:27.550+0500 [DEBUG] [org.gradle.cache.internal.LockOnDemandCrossProcessCacheAccess] Releasing file lock for file content cache (/Users/user/StudioProjects/Jetpack-compose-/gradle/wrapper/caches/8.13/fileContent)
2026-03-14T21:45:27.550+0500 [DEBUG] [org.gradle.cache.internal.btree.BTreePersistentIndexedCache] Closing cache annotation-processors.bin (/Users/user/StudioProjects/Jetpack-compose-/gradle/wrapper/caches/8.13/fileContent/annotation-processors.bin)
2026-03-14T21:45:27.551+0500 [DEBUG] [org.gradle.cache.internal.DefaultFileLockManager] Releasing lock on file content cache (/Users/user/StudioProjects/Jetpack-compose-/gradle/wrapper/caches/8.13/fileContent).
2026-03-14T21:45:27.552+0500 [DEBUG] [org.gradle.internal.watch.vfs.impl.WatchingVirtualFileSystem] Closing VFS, dropping state
2026-03-14T21:45:27.556+0500 [DEBUG] [org.gradle.cache.internal.LockOnDemandCrossProcessCacheAccess] Releasing file lock for Generated Gradle JARs cache (/Users/user/StudioProjects/Jetpack-compose-/gradle/wrapper/caches/8.13/generated-gradle-jars)
2026-03-14T21:45:27.560+0500 [DEBUG] [org.gradle.internal.watch.registry.impl.DefaultFileWatcherRegistry] Finished listening to file system change events
2026-03-14T21:45:27.560+0500 [DEBUG] [org.gradle.cache.internal.DefaultFileLockManager] Releasing lock on Generated Gradle JARs cache (/Users/user/StudioProjects/Jetpack-compose-/gradle/wrapper/caches/8.13/generated-gradle-jars).
2026-03-14T21:45:27.563+0500 [DEBUG] [org.gradle.cache.internal.LockOnDemandCrossProcessCacheAccess] Releasing file lock for artifact cache (/Users/user/StudioProjects/Jetpack-compose-/gradle/wrapper/caches/modules-2)
2026-03-14T21:45:27.563+0500 [DEBUG] [org.gradle.cache.internal.btree.BTreePersistentIndexedCache] Closing cache module-artifact.bin (/Users/user/StudioProjects/Jetpack-compose-/gradle/wrapper/caches/modules-2/metadata-2.107/module-artifact.bin)
2026-03-14T21:45:27.563+0500 [DEBUG] [org.gradle.cache.internal.btree.BTreePersistentIndexedCache] Closing cache module-metadata.bin (/Users/user/StudioProjects/Jetpack-compose-/gradle/wrapper/caches/modules-2/metadata-2.107/module-metadata.bin)
2026-03-14T21:45:27.563+0500 [DEBUG] [org.gradle.cache.internal.btree.BTreePersistentIndexedCache] Closing cache module-artifacts.bin (/Users/user/StudioProjects/Jetpack-compose-/gradle/wrapper/caches/modules-2/metadata-2.107/module-artifacts.bin)
2026-03-14T21:45:27.564+0500 [DEBUG] [org.gradle.cache.internal.DefaultFileLockManager] Releasing lock on artifact cache (/Users/user/StudioProjects/Jetpack-compose-/gradle/wrapper/caches/modules-2).
2026-03-14T21:45:27.564+0500 [DEBUG] [org.gradle.cache.internal.DefaultCacheCleanupExecutor] artifact cache (/Users/user/StudioProjects/Jetpack-compose-/gradle/wrapper/caches/modules-2) has last been fully cleaned up 7 hours ago
2026-03-14T21:45:27.566+0500 [DEBUG] [org.gradle.cache.internal.DefaultCacheCleanupExecutor] Skipping cleanup for artifact cache (/Users/user/StudioProjects/Jetpack-compose-/gradle/wrapper/caches/modules-2) as it is not yet due
2026-03-14T21:45:27.566+0500 [DEBUG] [org.gradle.cache.internal.DefaultCacheCleanupExecutor] groovy-dsl (/Users/user/StudioProjects/Jetpack-compose-/gradle/wrapper/caches/8.13/groovy-dsl) has last been fully cleaned up 7 hours ago
2026-03-14T21:45:27.568+0500 [DEBUG] [org.gradle.cache.internal.DefaultCacheCleanupExecutor] Skipping cleanup for groovy-dsl (/Users/user/StudioProjects/Jetpack-compose-/gradle/wrapper/caches/8.13/groovy-dsl) as it is not yet due
2026-03-14T21:45:27.568+0500 [DEBUG] [org.gradle.cache.internal.DefaultCacheCoordinator] Cache groovy-dsl (/Users/user/StudioProjects/Jetpack-compose-/gradle/wrapper/caches/8.13/groovy-dsl) was closed 0 times.
2026-03-14T21:45:27.568+0500 [DEBUG] [org.gradle.cache.internal.DefaultCacheCleanupExecutor] Artifact transforms cache (/Users/user/StudioProjects/Jetpack-compose-/gradle/wrapper/caches/8.13/transforms) has last been fully cleaned up 7 hours ago
2026-03-14T21:45:27.568+0500 [DEBUG] [org.gradle.cache.internal.DefaultCacheCleanupExecutor] Skipping cleanup for Artifact transforms cache (/Users/user/StudioProjects/Jetpack-compose-/gradle/wrapper/caches/8.13/transforms) as it is not yet due
2026-03-14T21:45:27.568+0500 [DEBUG] [org.gradle.cache.internal.DefaultCacheCoordinator] Cache Artifact transforms cache (/Users/user/StudioProjects/Jetpack-compose-/gradle/wrapper/caches/8.13/transforms) was closed 0 times.
2026-03-14T21:45:27.568+0500 [DEBUG] [org.gradle.cache.internal.DefaultCacheCleanupExecutor] kotlin-dsl (/Users/user/StudioProjects/Jetpack-compose-/gradle/wrapper/caches/8.13/kotlin-dsl) has last been fully cleaned up 7 hours ago
2026-03-14T21:45:27.568+0500 [DEBUG] [org.gradle.cache.internal.DefaultCacheCleanupExecutor] Skipping cleanup for kotlin-dsl (/Users/user/StudioProjects/Jetpack-compose-/gradle/wrapper/caches/8.13/kotlin-dsl) as it is not yet due
2026-03-14T21:45:27.568+0500 [DEBUG] [org.gradle.cache.internal.DefaultCacheCoordinator] Cache kotlin-dsl (/Users/user/StudioProjects/Jetpack-compose-/gradle/wrapper/caches/8.13/kotlin-dsl) was closed 0 times.
2026-03-14T21:45:27.569+0500 [DEBUG] [org.gradle.cache.internal.LockOnDemandCrossProcessCacheAccess] Releasing file lock for journal cache (/Users/user/StudioProjects/Jetpack-compose-/gradle/wrapper/caches/journal-1)
2026-03-14T21:45:27.569+0500 [DEBUG] [org.gradle.cache.internal.btree.BTreePersistentIndexedCache] Closing cache file-access.bin (/Users/user/StudioProjects/Jetpack-compose-/gradle/wrapper/caches/journal-1/file-access.bin)
2026-03-14T21:45:27.569+0500 [DEBUG] [org.gradle.cache.internal.DefaultFileLockManager] Releasing lock on journal cache (/Users/user/StudioProjects/Jetpack-compose-/gradle/wrapper/caches/journal-1).
2026-03-14T21:45:27.570+0500 [DEBUG] [org.gradle.cache.internal.LockOnDemandCrossProcessCacheAccess] Releasing file lock for file hash cache (/Users/user/StudioProjects/Jetpack-compose-/gradle/wrapper/caches/8.13/fileHashes)
2026-03-14T21:45:27.570+0500 [DEBUG] [org.gradle.cache.internal.btree.BTreePersistentIndexedCache] Closing cache fileHashes.bin (/Users/user/StudioProjects/Jetpack-compose-/gradle/wrapper/caches/8.13/fileHashes/fileHashes.bin)
2026-03-14T21:45:27.570+0500 [DEBUG] [org.gradle.cache.internal.btree.BTreePersistentIndexedCache] Closing cache resourceHashesCache.bin (/Users/user/StudioProjects/Jetpack-compose-/gradle/wrapper/caches/8.13/fileHashes/resourceHashesCache.bin)
2026-03-14T21:45:27.570+0500 [DEBUG] [org.gradle.cache.internal.DefaultFileLockManager] Releasing lock on file hash cache (/Users/user/StudioProjects/Jetpack-compose-/gradle/wrapper/caches/8.13/fileHashes).
2026-03-14T21:45:27.571+0500 [DEBUG] [org.gradle.cache.internal.LockOnDemandCrossProcessCacheAccess] Releasing file lock for Java compile cache (/Users/user/StudioProjects/Jetpack-compose-/gradle/wrapper/caches/8.13/javaCompile)
2026-03-14T21:45:27.571+0500 [DEBUG] [org.gradle.cache.internal.btree.BTreePersistentIndexedCache] Closing cache jarAnalysis.bin (/Users/user/StudioProjects/Jetpack-compose-/gradle/wrapper/caches/8.13/javaCompile/jarAnalysis.bin)
2026-03-14T21:45:27.571+0500 [DEBUG] [org.gradle.cache.internal.btree.BTreePersistentIndexedCache] Closing cache classAnalysis.bin (/Users/user/StudioProjects/Jetpack-compose-/gradle/wrapper/caches/8.13/javaCompile/classAnalysis.bin)
2026-03-14T21:45:27.572+0500 [DEBUG] [org.gradle.cache.internal.DefaultFileLockManager] Releasing lock on Java compile cache (/Users/user/StudioProjects/Jetpack-compose-/gradle/wrapper/caches/8.13/javaCompile).
2026-03-14T21:45:27.588+0500 [DEBUG] [org.gradle.internal.operations.DefaultBuildOperationRunner] Build operation 'Deleting unused version-specific caches in /Users/user/StudioProjects/Jetpack-compose-/gradle/wrapper/caches' started
2026-03-14T21:45:27.589+0500 [DEBUG] [org.gradle.internal.operations.DefaultBuildOperationRunner] Completing Build operation 'Deleting unused version-specific caches in /Users/user/StudioProjects/Jetpack-compose-/gradle/wrapper/caches'
2026-03-14T21:45:27.589+0500 [DEBUG] [org.gradle.internal.operations.DefaultBuildOperationRunner] Build operation 'Deleting unused version-specific caches in /Users/user/StudioProjects/Jetpack-compose-/gradle/wrapper/caches' completed
2026-03-14T21:45:27.590+0500 [DEBUG] [org.gradle.launcher.daemon.server.Daemon] stop() called on daemon
2026-03-14T21:45:27.590+0500 [INFO] [org.gradle.launcher.daemon.server.Daemon] Stop requested. Daemon is removing its presence from the registry...
2026-03-14T21:45:27.590+0500 [DEBUG] [org.gradle.launcher.daemon.server.DaemonRegistryUpdater] Removing our presence to clients, eg. removing this address from the registry: [e3314c61-88c3-4325-9052-9f15a21f69e7 port:54919, addresses:[localhost/127.0.0.1]]
2026-03-14T21:45:27.590+0500 [DEBUG] [org.gradle.launcher.daemon.registry.PersistentDaemonRegistry] Removing daemon address: [e3314c61-88c3-4325-9052-9f15a21f69e7 port:54919, addresses:[localhost/127.0.0.1]]
2026-03-14T21:45:27.590+0500 [DEBUG] [org.gradle.cache.internal.DefaultFileLockManager] Waiting to acquire exclusive lock on daemon addresses registry.
2026-03-14T21:45:27.590+0500 [DEBUG] [org.gradle.cache.internal.DefaultFileLockManager] Lock acquired on daemon addresses registry.
2026-03-14T21:45:27.591+0500 [DEBUG] [org.gradle.cache.internal.DefaultFileLockManager] Releasing lock on daemon addresses registry.
2026-03-14T21:45:27.591+0500 [DEBUG] [org.gradle.launcher.daemon.server.DaemonRegistryUpdater] Address removed from registry.
2026-03-14T21:45:27.593+0500 [DEBUG] [org.gradle.cache.internal.locklistener.DefaultFileLockContentionHandler] File lock listener thread completed.
2026-03-14T21:45:27.596+0500 [DEBUG] [java.lang.Runtime] Runtime.exit() called with status: 0
java.lang.Throwable: Runtime.exit(0)
	at java.base/java.lang.Shutdown.logRuntimeExit(Shutdown.java:179)
	at java.base/java.lang.Shutdown.exit(Shutdown.java:160)
	at java.base/java.lang.Runtime.exit(Runtime.java:188)
	at java.base/java.lang.System.exit(System.java:1920)
	at org.gradle.launcher.bootstrap.ProcessCompleter.complete(ProcessCompleter.java:21)
	at org.gradle.launcher.bootstrap.EntryPoint.run(EntryPoint.java:61)
	at java.base/jdk.internal.reflect.DirectMethodHandleAccessor.invoke(DirectMethodHandleAccessor.java:103)
	at java.base/java.lang.reflect.Method.invoke(Method.java:580)
	at org.gradle.launcher.bootstrap.ProcessBootstrap.runNoExit(ProcessBootstrap.java:72)
	at org.gradle.launcher.bootstrap.ProcessBootstrap.run(ProcessBootstrap.java:39)
	at org.gradle.launcher.daemon.bootstrap.GradleDaemon.main(GradleDaemon.java:22)
Daemon vm is shutting down... The daemon has exited normally or was terminated in response to a user interrupt.
2026-03-14T21:45:27.600+0500 [DEBUG] [org.gradle.launcher.daemon.registry.PersistentDaemonRegistry] Removing daemon address: [e3314c61-88c3-4325-9052-9f15a21f69e7 port:54919, addresses:[localhost/127.0.0.1]]
2026-03-14T21:45:27.601+0500 [DEBUG] [org.gradle.launcher.daemon.server.Daemon] VM shutdown hook was unable to remove the daemon address from the registry. It will be cleaned up later.
java.lang.IllegalStateException: Cannot start managing file contention because this handler has been closed.
	at org.gradle.cache.internal.locklistener.DefaultFileLockContentionHandler.assertNotStopped(DefaultFileLockContentionHandler.java:248)
	at org.gradle.cache.internal.locklistener.DefaultFileLockContentionHandler.reservePort(DefaultFileLockContentionHandler.java:286)
	at org.gradle.cache.internal.DefaultFileLockManager.lock(DefaultFileLockManager.java:124)
	at org.gradle.cache.internal.DefaultFileLockManager.lock(DefaultFileLockManager.java:106)
	at org.gradle.cache.internal.DefaultFileLockManager.lock(DefaultFileLockManager.java:101)
	at org.gradle.cache.internal.OnDemandFileAccess.updateFile(OnDemandFileAccess.java:51)
	at org.gradle.cache.internal.FileBackedObjectHolder.update(FileBackedObjectHolder.java:77)
	at org.gradle.cache.internal.FileIntegrityViolationSuppressingObjectHolderDecorator.lambda$update$0(FileIntegrityViolationSuppressingObjectHolderDecorator.java:48)
	at org.gradle.cache.internal.FileIntegrityViolationSuppressingObjectHolderDecorator.doUpdate(FileIntegrityViolationSuppressingObjectHolderDecorator.java:58)
	at org.gradle.cache.internal.FileIntegrityViolationSuppressingObjectHolderDecorator.update(FileIntegrityViolationSuppressingObjectHolderDecorator.java:48)
	at org.gradle.launcher.daemon.registry.PersistentDaemonRegistry.remove(PersistentDaemonRegistry.java:133)
	at org.gradle.launcher.daemon.server.Daemon$1.run(Daemon.java:133)
	at java.base/java.lang.Thread.run(Thread.java:1583)
